[10Aug2026 03:02:33.640] [main/INFO] [cpw.mods.modlauncher.Launcher/MODLAUNCHER]: ModLauncher running: args [--launchTarget, forgeserver, --fml.forgeVersion, 47.3.7, --fml.mcVersion, 1.20.1, --fml.forgeGroup, net.minecraftforge, --fml.mcpVersion, 20230612.114412, nogui]
[10Aug2026 03:02:33.647] [main/INFO] [cpw.mods.modlauncher.Launcher/MODLAUNCHER]: ModLauncher 10.0.9+10.0.9+main.dcd20f30 starting: java version 17.0.19 by Ubuntu; OS Linux arch amd64 version 6.8.0-1052-azure
[10Aug2026 03:02:33.681] [main/DEBUG] [cpw.mods.modlauncher.LaunchServiceHandler/MODLAUNCHER]: Found launch services [fmlclientdev,forgeclient,minecraft,forgegametestserverdev,fmlserveruserdev,fmlclient,fmldatauserdev,forgeserverdev,forgeserveruserdev,forgeclientdev,forgeclientuserdev,forgeserver,forgedatadev,fmlserver,fmlclientuserdev,fmlserverdev,forgedatauserdev,testharness,forgegametestserveruserdev]
[10Aug2026 03:02:33.695] [main/DEBUG] [cpw.mods.modlauncher.NameMappingServiceHandler/MODLAUNCHER]: Found naming services : [srgtomcp]
[10Aug2026 03:02:33.716] [main/DEBUG] [cpw.mods.modlauncher.LaunchPluginHandler/MODLAUNCHER]: Found launch plugins: [mixin,eventbus,slf4jfixer,object_holder_definalize,runtime_enum_extender,capability_token_subclass,accesstransformer,runtimedistcleaner]
[10Aug2026 03:02:33.727] [main/DEBUG] [cpw.mods.modlauncher.TransformationServicesHandler/MODLAUNCHER]: Discovering transformation services
[10Aug2026 03:02:33.733] [main/DEBUG] [net.minecraftforge.fml.loading.FMLPaths/CORE]: Path GAMEDIR is /workspaces/papuproyecto/servidor_minecraft
[10Aug2026 03:02:33.733] [main/DEBUG] [net.minecraftforge.fml.loading.FMLPaths/CORE]: Path MODSDIR is /workspaces/papuproyecto/servidor_minecraft/mods
[10Aug2026 03:02:33.733] [main/DEBUG] [net.minecraftforge.fml.loading.FMLPaths/CORE]: Path CONFIGDIR is /workspaces/papuproyecto/servidor_minecraft/config
[10Aug2026 03:02:33.734] [main/DEBUG] [net.minecraftforge.fml.loading.FMLPaths/CORE]: Path FMLCONFIG is /workspaces/papuproyecto/servidor_minecraft/config/fml.toml
[10Aug2026 03:02:34.958] [main/DEBUG] [cpw.mods.modlauncher.TransformationServicesHandler/MODLAUNCHER]: Found additional transformation services from discovery services: 
[10Aug2026 03:02:34.965] [main/INFO] [net.minecraftforge.fml.loading.ImmediateWindowHandler/]: ImmediateWindowProvider not loading because launch target is forgeserver
[10Aug2026 03:02:34.974] [main/DEBUG] [cpw.mods.modlauncher.TransformationServicesHandler/MODLAUNCHER]: Found transformer services : [mixin,fml]
[10Aug2026 03:02:34.975] [main/DEBUG] [cpw.mods.modlauncher.TransformationServicesHandler/MODLAUNCHER]: Transformation services loading
[10Aug2026 03:02:34.975] [main/DEBUG] [cpw.mods.modlauncher.TransformationServiceDecorator/MODLAUNCHER]: Loading service mixin
[10Aug2026 03:02:34.975] [main/DEBUG] [cpw.mods.modlauncher.TransformationServiceDecorator/MODLAUNCHER]: Loaded service mixin
[10Aug2026 03:02:34.976] [main/DEBUG] [cpw.mods.modlauncher.TransformationServiceDecorator/MODLAUNCHER]: Loading service fml
[10Aug2026 03:02:34.976] [main/DEBUG] [net.minecraftforge.fml.loading.LauncherVersion/CORE]: Found FMLLauncher version 1.0
[10Aug2026 03:02:34.977] [main/DEBUG] [net.minecraftforge.fml.loading.FMLLoader/CORE]: FML 1.0 loading
[10Aug2026 03:02:34.977] [main/DEBUG] [net.minecraftforge.fml.loading.FMLLoader/CORE]: FML found ModLauncher version : 10.0.9+10.0.9+main.dcd20f30
[10Aug2026 03:02:34.977] [main/DEBUG] [net.minecraftforge.fml.loading.FMLLoader/CORE]: FML found AccessTransformer version : 8.0.4+66+master.c09db6d7
[10Aug2026 03:02:34.978] [main/DEBUG] [net.minecraftforge.fml.loading.FMLLoader/CORE]: FML found EventBus version : 6.0.5+6.0.5+master.eb8e549b
[10Aug2026 03:02:34.979] [main/DEBUG] [net.minecraftforge.fml.loading.FMLLoader/CORE]: Found Runtime Dist Cleaner
[10Aug2026 03:02:34.980] [main/DEBUG] [net.minecraftforge.fml.loading.FMLLoader/CORE]: FML found CoreMod version : 5.1.6
[10Aug2026 03:02:34.980] [main/DEBUG] [net.minecraftforge.fml.loading.FMLLoader/CORE]: Found ForgeSPI package implementation version 7.0.1+7.0.1+master.d2b38bf6
[10Aug2026 03:02:34.980] [main/DEBUG] [net.minecraftforge.fml.loading.FMLLoader/CORE]: Found ForgeSPI package specification 5
[10Aug2026 03:02:34.981] [main/DEBUG] [cpw.mods.modlauncher.TransformationServiceDecorator/MODLAUNCHER]: Loaded service fml
[10Aug2026 03:02:34.981] [main/DEBUG] [cpw.mods.modlauncher.TransformationServicesHandler/MODLAUNCHER]: Configuring option handling for services
[10Aug2026 03:02:34.989] [main/DEBUG] [cpw.mods.modlauncher.TransformationServicesHandler/MODLAUNCHER]: Transformation services initializing
[10Aug2026 03:02:34.989] [main/DEBUG] [cpw.mods.modlauncher.TransformationServiceDecorator/MODLAUNCHER]: Initializing transformation service mixin
[10Aug2026 03:02:35.004] [main/DEBUG] [mixin/]: MixinService [ModLauncher] was successfully booted in cpw.mods.cl.ModuleClassLoader@77ec78b9
[10Aug2026 03:02:35.028] [main/INFO] [mixin/]: SpongePowered MIXIN Subsystem Version=0.8.5 Source=union:/workspaces/papuproyecto/servidor_minecraft/libraries/org/spongepowered/mixin/0.8.5/mixin-0.8.5.jar%2365!/ Service=ModLauncher Env=SERVER
[10Aug2026 03:02:35.031] [main/DEBUG] [mixin/]: Initialising Mixin Platform Manager
[10Aug2026 03:02:35.032] [main/DEBUG] [mixin/]: Adding mixin platform agents for container ModLauncher Root Container(ModLauncher:4f56a0a2)
[10Aug2026 03:02:35.032] [main/DEBUG] [mixin/]: Instancing new MixinPlatformAgentMinecraftForge for ModLauncher Root Container(ModLauncher:4f56a0a2)
[10Aug2026 03:02:35.033] [main/DEBUG] [mixin/]: MixinPlatformAgentMinecraftForge rejected container ModLauncher Root Container(ModLauncher:4f56a0a2)
[10Aug2026 03:02:35.033] [main/DEBUG] [mixin/]: Instancing new MixinPlatformAgentDefault for ModLauncher Root Container(ModLauncher:4f56a0a2)
[10Aug2026 03:02:35.035] [main/DEBUG] [mixin/]: MixinPlatformAgentDefault accepted container ModLauncher Root Container(ModLauncher:4f56a0a2)
[10Aug2026 03:02:35.041] [main/DEBUG] [cpw.mods.modlauncher.TransformationServiceDecorator/MODLAUNCHER]: Initialized transformation service mixin
[10Aug2026 03:02:35.042] [main/DEBUG] [cpw.mods.modlauncher.TransformationServiceDecorator/MODLAUNCHER]: Initializing transformation service fml
[10Aug2026 03:02:35.042] [main/DEBUG] [net.minecraftforge.fml.loading.FMLServiceProvider/CORE]: Setting up basic FML game directories
[10Aug2026 03:02:35.042] [main/DEBUG] [net.minecraftforge.fml.loading.FMLPaths/CORE]: Path GAMEDIR is /workspaces/papuproyecto/servidor_minecraft
[10Aug2026 03:02:35.042] [main/DEBUG] [net.minecraftforge.fml.loading.FMLPaths/CORE]: Path MODSDIR is /workspaces/papuproyecto/servidor_minecraft/mods
[10Aug2026 03:02:35.042] [main/DEBUG] [net.minecraftforge.fml.loading.FMLPaths/CORE]: Path CONFIGDIR is /workspaces/papuproyecto/servidor_minecraft/config
[10Aug2026 03:02:35.043] [main/DEBUG] [net.minecraftforge.fml.loading.FMLPaths/CORE]: Path FMLCONFIG is /workspaces/papuproyecto/servidor_minecraft/config/fml.toml
[10Aug2026 03:02:35.043] [main/DEBUG] [net.minecraftforge.fml.loading.FMLServiceProvider/CORE]: Loading configuration
[10Aug2026 03:02:35.045] [main/DEBUG] [net.minecraftforge.fml.loading.FMLServiceProvider/CORE]: Preparing ModFile
[10Aug2026 03:02:35.048] [main/DEBUG] [net.minecraftforge.fml.loading.FMLServiceProvider/CORE]: Preparing launch handler
[10Aug2026 03:02:35.049] [main/DEBUG] [net.minecraftforge.fml.loading.FMLLoader/CORE]: Using forgeserver as launch service
[10Aug2026 03:02:35.067] [main/DEBUG] [net.minecraftforge.fml.loading.FMLLoader/CORE]: Received command line version data  : VersionInfo[forgeVersion=47.3.7, mcVersion=1.20.1, mcpVersion=20230612.114412, forgeGroup=net.minecraftforge]
[10Aug2026 03:02:35.069] [main/DEBUG] [cpw.mods.modlauncher.TransformationServiceDecorator/MODLAUNCHER]: Initialized transformation service fml
[10Aug2026 03:02:35.070] [main/DEBUG] [cpw.mods.modlauncher.NameMappingServiceHandler/MODLAUNCHER]: Current naming domain is 'srg'
[10Aug2026 03:02:35.070] [main/DEBUG] [cpw.mods.modlauncher.NameMappingServiceHandler/MODLAUNCHER]: Identified name mapping providers {}
[10Aug2026 03:02:35.070] [main/DEBUG] [cpw.mods.modlauncher.TransformationServicesHandler/MODLAUNCHER]: Transformation services begin scanning
[10Aug2026 03:02:35.071] [main/DEBUG] [cpw.mods.modlauncher.TransformationServiceDecorator/MODLAUNCHER]: Beginning scan trigger - transformation service mixin
[10Aug2026 03:02:35.071] [main/DEBUG] [cpw.mods.modlauncher.TransformationServiceDecorator/MODLAUNCHER]: End scan trigger - transformation service mixin
[10Aug2026 03:02:35.072] [main/DEBUG] [cpw.mods.modlauncher.TransformationServiceDecorator/MODLAUNCHER]: Beginning scan trigger - transformation service fml
[10Aug2026 03:02:35.072] [main/DEBUG] [net.minecraftforge.fml.loading.FMLServiceProvider/CORE]: Initiating mod scan
[10Aug2026 03:02:35.081] [main/DEBUG] [net.minecraftforge.fml.loading.moddiscovery.ModListHandler/CORE]: Found mod coordinates from lists: []
[10Aug2026 03:02:35.085] [main/DEBUG] [net.minecraftforge.fml.loading.moddiscovery.ModDiscoverer/CORE]: Found Mod Locators : (mods folder:null),(maven libs:null),(exploded directory:null),(minecraft:null),(userdev classpath:null)
[10Aug2026 03:02:35.086] [main/DEBUG] [net.minecraftforge.fml.loading.moddiscovery.ModDiscoverer/CORE]: Found Dependency Locators : (JarInJar:null)
[10Aug2026 03:02:35.097] [main/DEBUG] [net.minecraftforge.fml.loading.moddiscovery.ModFileParser/LOADING]: Considering mod file candidate /workspaces/papuproyecto/servidor_minecraft/mods/[1.20.1] SecurityCraft v1.9.8.jar
[10Aug2026 03:02:35.168] [main/DEBUG] [net.minecraftforge.fml.loading.moddiscovery.ModFileInfo/LOADING]: Found valid mod file [1.20.1] SecurityCraft v1.9.8.jar with {securitycraft} mods - versions {1.9.8}
[10Aug2026 03:02:35.175] [main/DEBUG] [net.minecraftforge.fml.loading.moddiscovery.ModFileParser/LOADING]: Considering mod file candidate /workspaces/papuproyecto/servidor_minecraft/mods/alexscaves-2.0.2.jar
[10Aug2026 03:02:35.177] [main/DEBUG] [net.minecraftforge.fml.loading.moddiscovery.ModFileInfo/LOADING]: Found valid mod file alexscaves-2.0.2.jar with {alexscaves} mods - versions {2.0.2}
[10Aug2026 03:02:35.183] [main/DEBUG] [net.minecraftforge.fml.loading.moddiscovery.ModFileParser/LOADING]: Considering mod file candidate /workspaces/papuproyecto/servidor_minecraft/mods/alexsmobs-1.22.9.jar
[10Aug2026 03:02:35.184] [main/DEBUG] [net.minecraftforge.fml.loading.moddiscovery.ModFileInfo/LOADING]: Found valid mod file alexsmobs-1.22.9.jar with {alexsmobs} mods - versions {1.22.9}
[10Aug2026 03:02:35.185] [main/DEBUG] [net.minecraftforge.fml.loading.moddiscovery.ModFileParser/LOADING]: Considering mod file candidate /workspaces/papuproyecto/servidor_minecraft/mods/architectury-9.2.14-forge.jar
[10Aug2026 03:02:35.186] [main/DEBUG] [net.minecraftforge.fml.loading.moddiscovery.ModFileInfo/LOADING]: Found valid mod file architectury-9.2.14-forge.jar with {architectury} mods - versions {9.2.14}
[10Aug2026 03:02:35.187] [main/DEBUG] [net.minecraftforge.fml.loading.moddiscovery.ModFileParser/LOADING]: Considering mod file candidate /workspaces/papuproyecto/servidor_minecraft/mods/artifacts-forge-9.5.19.jar
[10Aug2026 03:02:35.189] [main/DEBUG] [net.minecraftforge.fml.loading.moddiscovery.ModFileInfo/LOADING]: Found valid mod file artifacts-forge-9.5.19.jar with {artifacts} mods - versions {9.5.19}
[10Aug2026 03:02:35.190] [main/DEBUG] [net.minecraftforge.fml.loading.moddiscovery.ModFileParser/LOADING]: Considering mod file candidate /workspaces/papuproyecto/servidor_minecraft/mods/balm-forge-1.20.1-7.3.42.jar
[10Aug2026 03:02:35.192] [main/DEBUG] [net.minecraftforge.fml.loading.moddiscovery.ModFileInfo/LOADING]: Found valid mod file balm-forge-1.20.1-7.3.42.jar with {balm} mods - versions {7.3.42}
[10Aug2026 03:02:35.192] [main/DEBUG] [net.minecraftforge.fml.loading.moddiscovery.ModFileParser/LOADING]: Considering mod file candidate /workspaces/papuproyecto/servidor_minecraft/mods/betterbiomeblend-forge-1.20.1-1.4.0.jar
[10Aug2026 03:02:35.194] [main/DEBUG] [net.minecraftforge.fml.loading.moddiscovery.ModFileInfo/LOADING]: Found valid mod file betterbiomeblend-forge-1.20.1-1.4.0.jar with {betterbiomeblend} mods - versions {1.4.0}
[10Aug2026 03:02:35.196] [main/DEBUG] [net.minecraftforge.fml.loading.moddiscovery.ModFileParser/LOADING]: Considering mod file candidate /workspaces/papuproyecto/servidor_minecraft/mods/BiomesOPlenty-1.20.1-18.0.0.592.jar
[10Aug2026 03:02:35.197] [main/DEBUG] [net.minecraftforge.fml.loading.moddiscovery.ModFileInfo/LOADING]: Found valid mod file BiomesOPlenty-1.20.1-18.0.0.592.jar with {biomesoplenty} mods - versions {18.0.0.592}
[10Aug2026 03:02:35.198] [main/DEBUG] [net.minecraftforge.fml.loading.moddiscovery.ModFileParser/LOADING]: Considering mod file candidate /workspaces/papuproyecto/servidor_minecraft/mods/blueprint-1.20.1-7.1.4.jar
[10Aug2026 03:02:35.199] [main/DEBUG] [net.minecraftforge.fml.loading.moddiscovery.ModFileInfo/LOADING]: Found valid mod file blueprint-1.20.1-7.1.4.jar with {blueprint} mods - versions {7.1.3}
[10Aug2026 03:02:35.200] [main/DEBUG] [net.minecraftforge.fml.loading.moddiscovery.ModFileParser/LOADING]: Considering mod file candidate /workspaces/papuproyecto/servidor_minecraft/mods/bygonenether-1.3.2-1.20.x.jar
[10Aug2026 03:02:35.201] [main/DEBUG] [net.minecraftforge.fml.loading.moddiscovery.ModFileInfo/LOADING]: Found valid mod file bygonenether-1.3.2-1.20.x.jar with {bygonenether} mods - versions {1.3.2}
[10Aug2026 03:02:35.202] [main/DEBUG] [net.minecraftforge.fml.loading.moddiscovery.ModFileParser/LOADING]: Considering mod file candidate /workspaces/papuproyecto/servidor_minecraft/mods/carryon-forge-1.20.1-2.1.2.7.jar
[10Aug2026 03:02:35.203] [main/DEBUG] [net.minecraftforge.fml.loading.moddiscovery.ModFileInfo/LOADING]: Found valid mod file carryon-forge-1.20.1-2.1.2.7.jar with {carryon} mods - versions {2.1.2.7}
[10Aug2026 03:02:35.204] [main/DEBUG] [net.minecraftforge.fml.loading.moddiscovery.ModFileParser/LOADING]: Considering mod file candidate /workspaces/papuproyecto/servidor_minecraft/mods/Chunky-1.3.146.jar
[10Aug2026 03:02:35.204] [main/DEBUG] [net.minecraftforge.fml.loading.moddiscovery.ModFileInfo/LOADING]: Found valid mod file Chunky-1.3.146.jar with {chunky} mods - versions {1.3.146}
[10Aug2026 03:02:35.206] [main/DEBUG] [net.minecraftforge.fml.loading.moddiscovery.ModFileParser/LOADING]: Considering mod file candidate /workspaces/papuproyecto/servidor_minecraft/mods/citadel-2.6.3-1.20.1.jar
[10Aug2026 03:02:35.209] [main/DEBUG] [net.minecraftforge.fml.loading.moddiscovery.ModFileInfo/LOADING]: Found valid mod file citadel-2.6.3-1.20.1.jar with {citadel} mods - versions {2.6.3}
[10Aug2026 03:02:35.210] [main/DEBUG] [net.minecraftforge.fml.loading.moddiscovery.ModFileParser/LOADING]: Considering mod file candidate /workspaces/papuproyecto/servidor_minecraft/mods/cloth-config-11.1.136-forge.jar
[10Aug2026 03:02:35.211] [main/DEBUG] [net.minecraftforge.fml.loading.moddiscovery.ModFileInfo/LOADING]: Found valid mod file cloth-config-11.1.136-forge.jar with {cloth_config} mods - versions {11.1.136}
[10Aug2026 03:02:35.212] [main/DEBUG] [net.minecraftforge.fml.loading.moddiscovery.ModFileParser/LOADING]: Considering mod file candidate /workspaces/papuproyecto/servidor_minecraft/mods/Clumps-forge-1.20.1-12.0.0.4.jar
[10Aug2026 03:02:35.212] [main/DEBUG] [net.minecraftforge.fml.loading.moddiscovery.ModFileInfo/LOADING]: Found valid mod file Clumps-forge-1.20.1-12.0.0.4.jar with {clumps} mods - versions {12.0.0.4}
[10Aug2026 03:02:35.213] [main/DEBUG] [net.minecraftforge.fml.loading.moddiscovery.ModFileParser/LOADING]: Considering mod file candidate /workspaces/papuproyecto/servidor_minecraft/mods/coroutil-forge-1.20.1-1.3.7.jar
[10Aug2026 03:02:35.214] [main/DEBUG] [net.minecraftforge.fml.loading.moddiscovery.ModFileInfo/LOADING]: Found valid mod file coroutil-forge-1.20.1-1.3.7.jar with {coroutil} mods - versions {1.20.1-1.3.7}
[10Aug2026 03:02:35.215] [main/DEBUG] [net.minecraftforge.fml.loading.moddiscovery.ModFileParser/LOADING]: Considering mod file candidate /workspaces/papuproyecto/servidor_minecraft/mods/CreativeCore_FORGE_v2.12.39_mc1.20.1.jar
[10Aug2026 03:02:35.215] [main/DEBUG] [net.minecraftforge.fml.loading.moddiscovery.ModFileInfo/LOADING]: Found valid mod file CreativeCore_FORGE_v2.12.39_mc1.20.1.jar with {creativecore} mods - versions {2.12.39}
[10Aug2026 03:02:35.216] [main/DEBUG] [net.minecraftforge.fml.loading.moddiscovery.ModFileParser/LOADING]: Considering mod file candidate /workspaces/papuproyecto/servidor_minecraft/mods/cupboard-1.20.1-3.9.jar
[10Aug2026 03:02:35.217] [main/DEBUG] [net.minecraftforge.fml.loading.moddiscovery.ModFileInfo/LOADING]: Found valid mod file cupboard-1.20.1-3.9.jar with {cupboard} mods - versions {1.20.1-3.9}
[10Aug2026 03:02:35.218] [main/DEBUG] [net.minecraftforge.fml.loading.moddiscovery.ModFileParser/LOADING]: Considering mod file candidate /workspaces/papuproyecto/servidor_minecraft/mods/curios-forge-5.14.1+1.20.1.jar
[10Aug2026 03:02:35.219] [main/DEBUG] [net.minecraftforge.fml.loading.moddiscovery.ModFileInfo/LOADING]: Found valid mod file curios-forge-5.14.1+1.20.1.jar with {curios} mods - versions {5.14.1+1.20.1}
[10Aug2026 03:02:35.220] [main/DEBUG] [net.minecraftforge.fml.loading.moddiscovery.ModFileParser/LOADING]: Considering mod file candidate /workspaces/papuproyecto/servidor_minecraft/mods/dungeons-and-taverns-3.0.3.f[Forge].jar
[10Aug2026 03:02:35.222] [main/DEBUG] [net.minecraftforge.fml.loading.moddiscovery.ModFileInfo/LOADING]: Found valid mod file dungeons-and-taverns-3.0.3.f[Forge].jar with {mr_dungeons_andtaverns} mods - versions {3.0.3.f}
[10Aug2026 03:02:35.223] [main/DEBUG] [net.minecraftforge.fml.loading.moddiscovery.ModFileParser/LOADING]: Considering mod file candidate /workspaces/papuproyecto/servidor_minecraft/mods/endergetic-1.20.1-5.0.1.jar
[10Aug2026 03:02:35.224] [main/DEBUG] [net.minecraftforge.fml.loading.moddiscovery.ModFileInfo/LOADING]: Found valid mod file endergetic-1.20.1-5.0.1.jar with {endergetic} mods - versions {5.0.1}
[10Aug2026 03:02:35.225] [main/DEBUG] [net.minecraftforge.fml.loading.moddiscovery.ModFileParser/LOADING]: Considering mod file candidate /workspaces/papuproyecto/servidor_minecraft/mods/endrem_forge-5.3.3-R-1.20.1.jar
[10Aug2026 03:02:35.226] [main/DEBUG] [net.minecraftforge.fml.loading.moddiscovery.ModFileInfo/LOADING]: Found valid mod file endrem_forge-5.3.3-R-1.20.1.jar with {endrem} mods - versions {5.3.3-R-1.20.1}
[10Aug2026 03:02:35.227] [main/DEBUG] [net.minecraftforge.fml.loading.moddiscovery.ModFileParser/LOADING]: Considering mod file candidate /workspaces/papuproyecto/servidor_minecraft/mods/entityculling-forge-1.10.5-mc1.20.1.jar
[10Aug2026 03:02:35.228] [main/DEBUG] [net.minecraftforge.fml.loading.moddiscovery.ModFileInfo/LOADING]: Found valid mod file entityculling-forge-1.10.5-mc1.20.1.jar with {entityculling} mods - versions {1.10.5}
[10Aug2026 03:02:35.228] [main/DEBUG] [net.minecraftforge.fml.loading.moddiscovery.ModFileParser/LOADING]: Considering mod file candidate /workspaces/papuproyecto/servidor_minecraft/mods/FastFurnace-1.20.1-8.0.2.jar
[10Aug2026 03:02:35.229] [main/DEBUG] [net.minecraftforge.fml.loading.moddiscovery.ModFileInfo/LOADING]: Found valid mod file FastFurnace-1.20.1-8.0.2.jar with {fastfurnace} mods - versions {8.0.2}
[10Aug2026 03:02:35.233] [main/DEBUG] [net.minecraftforge.fml.loading.moddiscovery.ModFileParser/LOADING]: Considering mod file candidate /workspaces/papuproyecto/servidor_minecraft/mods/ferritecore-6.0.1-forge.jar
[10Aug2026 03:02:35.234] [main/DEBUG] [net.minecraftforge.fml.loading.moddiscovery.ModFileInfo/LOADING]: Found valid mod file ferritecore-6.0.1-forge.jar with {ferritecore} mods - versions {6.0.1}
[10Aug2026 03:02:35.238] [main/DEBUG] [net.minecraftforge.fml.loading.moddiscovery.ModFileParser/LOADING]: Considering mod file candidate /workspaces/papuproyecto/servidor_minecraft/mods/framework-forge-1.20.1-0.8.0.jar
[10Aug2026 03:02:35.238] [main/DEBUG] [net.minecraftforge.fml.loading.moddiscovery.ModFileInfo/LOADING]: Found valid mod file framework-forge-1.20.1-0.8.0.jar with {framework} mods - versions {0.8.0}
[10Aug2026 03:02:35.239] [main/DEBUG] [net.minecraftforge.fml.loading.moddiscovery.ModFileParser/LOADING]: Considering mod file candidate /workspaces/papuproyecto/servidor_minecraft/mods/geckolib-forge-1.20.1-4.8.4.jar
[10Aug2026 03:02:35.240] [main/DEBUG] [net.minecraftforge.fml.loading.moddiscovery.ModFileInfo/LOADING]: Found valid mod file geckolib-forge-1.20.1-4.8.4.jar with {geckolib} mods - versions {4.8.4}
[10Aug2026 03:02:35.243] [main/DEBUG] [net.minecraftforge.fml.loading.moddiscovery.ModFileParser/LOADING]: Considering mod file candidate /workspaces/papuproyecto/servidor_minecraft/mods/iceandfire-2.1.13-1.20.1-beta-5.jar
[10Aug2026 03:02:35.244] [main/DEBUG] [net.minecraftforge.fml.loading.moddiscovery.ModFileInfo/LOADING]: Found valid mod file iceandfire-2.1.13-1.20.1-beta-5.jar with {iceandfire} mods - versions {2.1.13-1.20.1}
[10Aug2026 03:02:35.245] [main/DEBUG] [net.minecraftforge.fml.loading.moddiscovery.ModFileParser/LOADING]: Considering mod file candidate /workspaces/papuproyecto/servidor_minecraft/mods/ImmediatelyFast-Forge-1.5.5+1.20.4.jar
[10Aug2026 03:02:35.245] [main/DEBUG] [net.minecraftforge.fml.loading.moddiscovery.ModFileInfo/LOADING]: Found valid mod file ImmediatelyFast-Forge-1.5.5+1.20.4.jar with {immediatelyfast} mods - versions {1.5.5+1.20.4}
[10Aug2026 03:02:35.246] [main/DEBUG] [net.minecraftforge.fml.loading.moddiscovery.ModFileParser/LOADING]: Considering mod file candidate /workspaces/papuproyecto/servidor_minecraft/mods/ironchest-1.20.1-14.4.4.jar
[10Aug2026 03:02:35.247] [main/DEBUG] [net.minecraftforge.fml.loading.moddiscovery.ModFileInfo/LOADING]: Found valid mod file ironchest-1.20.1-14.4.4.jar with {ironchest} mods - versions {1.20.1-14.4.4}
[10Aug2026 03:02:35.247] [main/DEBUG] [net.minecraftforge.fml.loading.moddiscovery.ModFileParser/LOADING]: Considering mod file candidate /workspaces/papuproyecto/servidor_minecraft/mods/Jade-1.20.1-Forge-11.13.3.jar
[10Aug2026 03:02:35.248] [main/DEBUG] [net.minecraftforge.fml.loading.moddiscovery.ModFileInfo/LOADING]: Found valid mod file Jade-1.20.1-Forge-11.13.3.jar with {jade} mods - versions {11.13.3+forge}
[10Aug2026 03:02:35.249] [main/DEBUG] [net.minecraftforge.fml.loading.moddiscovery.ModFileParser/LOADING]: Considering mod file candidate /workspaces/papuproyecto/servidor_minecraft/mods/jei-1.20.1-forge-15.20.0.112.jar
[10Aug2026 03:02:35.250] [main/DEBUG] [net.minecraftforge.fml.loading.moddiscovery.ModFileInfo/LOADING]: Found valid mod file jei-1.20.1-forge-15.20.0.112.jar with {jei} mods - versions {15.20.0.112}
[10Aug2026 03:02:35.298] [main/DEBUG] [net.minecraftforge.fml.loading.moddiscovery.ModFileParser/LOADING]: Considering mod file candidate /workspaces/papuproyecto/servidor_minecraft/mods/L_Enders_Cataclysm-3.31.jar
[10Aug2026 03:02:35.300] [main/DEBUG] [net.minecraftforge.fml.loading.moddiscovery.ModFileInfo/LOADING]: Found valid mod file L_Enders_Cataclysm-3.31.jar with {cataclysm} mods - versions {3.31}
[10Aug2026 03:02:35.301] [main/DEBUG] [net.minecraftforge.fml.loading.moddiscovery.ModFileParser/LOADING]: Considering mod file candidate /workspaces/papuproyecto/servidor_minecraft/mods/lionfishapi-3.0.jar
[10Aug2026 03:02:35.301] [main/DEBUG] [net.minecraftforge.fml.loading.moddiscovery.ModFileInfo/LOADING]: Found valid mod file lionfishapi-3.0.jar with {lionfishapi} mods - versions {3.0}
[10Aug2026 03:02:35.302] [main/DEBUG] [net.minecraftforge.fml.loading.moddiscovery.ModFileParser/LOADING]: Considering mod file candidate /workspaces/papuproyecto/servidor_minecraft/mods/LittleFrames_FORGE_v1.4.3_mc1.20.1.jar
[10Aug2026 03:02:35.303] [main/DEBUG] [net.minecraftforge.fml.loading.moddiscovery.ModFileInfo/LOADING]: Found valid mod file LittleFrames_FORGE_v1.4.3_mc1.20.1.jar with {littleframes} mods - versions {1.4.3}
[10Aug2026 03:02:35.303] [main/DEBUG] [net.minecraftforge.fml.loading.moddiscovery.ModFileParser/LOADING]: Considering mod file candidate /workspaces/papuproyecto/servidor_minecraft/mods/modernfix-forge-5.27.66+mc1.20.1.jar
[10Aug2026 03:02:35.304] [main/DEBUG] [net.minecraftforge.fml.loading.moddiscovery.ModFileInfo/LOADING]: Found valid mod file modernfix-forge-5.27.66+mc1.20.1.jar with {modernfix} mods - versions {5.27.66+mc1.20.1}
[10Aug2026 03:02:35.305] [main/DEBUG] [net.minecraftforge.fml.loading.moddiscovery.ModFileParser/LOADING]: Considering mod file candidate /workspaces/papuproyecto/servidor_minecraft/mods/moonlight-1.20-2.16.34-forge.jar
[10Aug2026 03:02:35.306] [main/DEBUG] [net.minecraftforge.fml.loading.moddiscovery.ModFileInfo/LOADING]: Found valid mod file moonlight-1.20-2.16.34-forge.jar with {moonlight} mods - versions {1.20-2.16.34}
[10Aug2026 03:02:35.306] [main/DEBUG] [net.minecraftforge.fml.loading.moddiscovery.ModFileParser/LOADING]: Considering mod file candidate /workspaces/papuproyecto/servidor_minecraft/mods/NaturesCompass-1.20.1-1.12.0-forge.jar
[10Aug2026 03:02:35.307] [main/DEBUG] [net.minecraftforge.fml.loading.moddiscovery.ModFileInfo/LOADING]: Found valid mod file NaturesCompass-1.20.1-1.12.0-forge.jar with {naturescompass} mods - versions {1.20.1-1.12.0-forge}
[10Aug2026 03:02:35.308] [main/DEBUG] [net.minecraftforge.fml.loading.moddiscovery.ModFileParser/LOADING]: Considering mod file candidate /workspaces/papuproyecto/servidor_minecraft/mods/ntgl-1.20.1-3.1.2.jar
[10Aug2026 03:02:35.310] [main/DEBUG] [net.minecraftforge.fml.loading.moddiscovery.ModFileInfo/LOADING]: Found valid mod file ntgl-1.20.1-3.1.2.jar with {ntgl} mods - versions {3.1.2}
[10Aug2026 03:02:35.310] [main/DEBUG] [net.minecraftforge.fml.loading.moddiscovery.ModFileParser/LOADING]: Considering mod file candidate /workspaces/papuproyecto/servidor_minecraft/mods/Patchouli-1.20.1-85-FORGE.jar
[10Aug2026 03:02:35.311] [main/DEBUG] [net.minecraftforge.fml.loading.moddiscovery.ModFileInfo/LOADING]: Found valid mod file Patchouli-1.20.1-85-FORGE.jar with {patchouli} mods - versions {1.20.1-85-FORGE}
[10Aug2026 03:02:35.311] [main/DEBUG] [net.minecraftforge.fml.loading.moddiscovery.ModFileParser/LOADING]: Considering mod file candidate /workspaces/papuproyecto/servidor_minecraft/mods/Placebo-1.20.1-8.6.3.jar
[10Aug2026 03:02:35.312] [main/DEBUG] [net.minecraftforge.fml.loading.moddiscovery.ModFileInfo/LOADING]: Found valid mod file Placebo-1.20.1-8.6.3.jar with {placebo} mods - versions {8.6.3}
[10Aug2026 03:02:35.312] [main/DEBUG] [net.minecraftforge.fml.loading.moddiscovery.ModFileParser/LOADING]: Considering mod file candidate /workspaces/papuproyecto/servidor_minecraft/mods/player-animation-lib-forge-1.0.2-rc1+1.20.jar
[10Aug2026 03:02:35.313] [main/DEBUG] [net.minecraftforge.fml.loading.moddiscovery.ModFileInfo/LOADING]: Found valid mod file player-animation-lib-forge-1.0.2-rc1+1.20.jar with {playeranimator} mods - versions {1.0.2-rc1+1.20}
[10Aug2026 03:02:35.314] [main/DEBUG] [net.minecraftforge.fml.loading.moddiscovery.ModFileParser/LOADING]: Considering mod file candidate /workspaces/papuproyecto/servidor_minecraft/mods/polymorph-forge-0.49.10+1.20.1.jar
[10Aug2026 03:02:35.314] [main/DEBUG] [net.minecraftforge.fml.loading.moddiscovery.ModFileInfo/LOADING]: Found valid mod file polymorph-forge-0.49.10+1.20.1.jar with {polymorph} mods - versions {0.49.10+1.20.1}
[10Aug2026 03:02:35.328] [main/DEBUG] [net.minecraftforge.fml.loading.moddiscovery.ModFileParser/LOADING]: Considering mod file candidate /workspaces/papuproyecto/servidor_minecraft/mods/PuzzlesLib-v8.1.33-1.20.1-Forge.jar
[10Aug2026 03:02:35.329] [main/DEBUG] [net.minecraftforge.fml.loading.moddiscovery.ModFileInfo/LOADING]: Found valid mod file PuzzlesLib-v8.1.33-1.20.1-Forge.jar with {puzzleslib} mods - versions {8.1.33}
[10Aug2026 03:02:35.330] [main/DEBUG] [net.minecraftforge.fml.loading.moddiscovery.ModFileParser/LOADING]: Considering mod file candidate /workspaces/papuproyecto/servidor_minecraft/mods/quantified api-omni-2.2.0.jar
[10Aug2026 03:02:35.332] [main/DEBUG] [net.minecraftforge.fml.loading.moddiscovery.ModFileInfo/LOADING]: Found valid mod file quantified api-omni-2.2.0.jar with {quantified} mods - versions {2.2.0}
[10Aug2026 03:02:35.368] [main/DEBUG] [net.minecraftforge.fml.loading.moddiscovery.ModFileParser/LOADING]: Considering mod file candidate /workspaces/papuproyecto/servidor_minecraft/mods/refurbished_furniture-forge-1.20.1-1.0.20.jar
[10Aug2026 03:02:35.369] [main/DEBUG] [net.minecraftforge.fml.loading.moddiscovery.ModFileInfo/LOADING]: Found valid mod file refurbished_furniture-forge-1.20.1-1.0.20.jar with {refurbished_furniture} mods - versions {1.0.20}
[10Aug2026 03:02:35.370] [main/DEBUG] [net.minecraftforge.fml.loading.moddiscovery.ModFileParser/LOADING]: Considering mod file candidate /workspaces/papuproyecto/servidor_minecraft/mods/skin_changer-forge-1.20.1-0.6.6.jar
[10Aug2026 03:02:35.371] [main/DEBUG] [net.minecraftforge.fml.loading.moddiscovery.ModFileInfo/LOADING]: Found valid mod file skin_changer-forge-1.20.1-0.6.6.jar with {skin_changer} mods - versions {0.6.6}
[10Aug2026 03:02:35.372] [main/DEBUG] [net.minecraftforge.fml.loading.moddiscovery.ModFileParser/LOADING]: Considering mod file candidate /workspaces/papuproyecto/servidor_minecraft/mods/sophisticatedbackpacks-1.20.1-3.24.62.2017.jar
[10Aug2026 03:02:35.372] [main/DEBUG] [net.minecraftforge.fml.loading.moddiscovery.ModFileInfo/LOADING]: Found valid mod file sophisticatedbackpacks-1.20.1-3.24.62.2017.jar with {sophisticatedbackpacks} mods - versions {3.24.62.2017}
[10Aug2026 03:02:35.373] [main/DEBUG] [net.minecraftforge.fml.loading.moddiscovery.ModFileParser/LOADING]: Considering mod file candidate /workspaces/papuproyecto/servidor_minecraft/mods/sophisticatedcore-1.20.1-1.3.74.2216.jar
[10Aug2026 03:02:35.374] [main/DEBUG] [net.minecraftforge.fml.loading.moddiscovery.ModFileInfo/LOADING]: Found valid mod file sophisticatedcore-1.20.1-1.3.74.2216.jar with {sophisticatedcore} mods - versions {1.3.74.2216}
[10Aug2026 03:02:35.374] [main/DEBUG] [net.minecraftforge.fml.loading.moddiscovery.ModFileParser/LOADING]: Considering mod file candidate /workspaces/papuproyecto/servidor_minecraft/mods/sound-physics-remastered-forge-1.20.1-1.5.1.jar
[10Aug2026 03:02:35.375] [main/DEBUG] [net.minecraftforge.fml.loading.moddiscovery.ModFileInfo/LOADING]: Found valid mod file sound-physics-remastered-forge-1.20.1-1.5.1.jar with {sound_physics_remastered} mods - versions {1.20.1-1.5.1}
[10Aug2026 03:02:35.376] [main/DEBUG] [net.minecraftforge.fml.loading.moddiscovery.ModFileParser/LOADING]: Considering mod file candidate /workspaces/papuproyecto/servidor_minecraft/mods/stalwart-dungeons-1.20.1-1.2.8.jar
[10Aug2026 03:02:35.376] [main/DEBUG] [net.minecraftforge.fml.loading.moddiscovery.ModFileInfo/LOADING]: Found valid mod file stalwart-dungeons-1.20.1-1.2.8.jar with {stalwart_dungeons} mods - versions {1.2.8}
[10Aug2026 03:02:35.377] [main/DEBUG] [net.minecraftforge.fml.loading.moddiscovery.ModFileParser/LOADING]: Considering mod file candidate /workspaces/papuproyecto/servidor_minecraft/mods/structureessentials-1.20.1-5.0.jar
[10Aug2026 03:02:35.378] [main/DEBUG] [net.minecraftforge.fml.loading.moddiscovery.ModFileInfo/LOADING]: Found valid mod file structureessentials-1.20.1-5.0.jar with {structureessentials} mods - versions {1.20.1-5.0}
[10Aug2026 03:02:35.378] [main/DEBUG] [net.minecraftforge.fml.loading.moddiscovery.ModFileParser/LOADING]: Considering mod file candidate /workspaces/papuproyecto/servidor_minecraft/mods/supermartijn642configlib-1.1.8-forge-mc1.20.jar
[10Aug2026 03:02:35.379] [main/DEBUG] [net.minecraftforge.fml.loading.moddiscovery.ModFileInfo/LOADING]: Found valid mod file supermartijn642configlib-1.1.8-forge-mc1.20.jar with {supermartijn642configlib} mods - versions {1.1.8}
[10Aug2026 03:02:35.380] [main/DEBUG] [net.minecraftforge.fml.loading.moddiscovery.ModFileParser/LOADING]: Considering mod file candidate /workspaces/papuproyecto/servidor_minecraft/mods/supermartijn642corelib-1.1.22-forge-mc1.20.1.jar
[10Aug2026 03:02:35.380] [main/DEBUG] [net.minecraftforge.fml.loading.moddiscovery.ModFileInfo/LOADING]: Found valid mod file supermartijn642corelib-1.1.22-forge-mc1.20.1.jar with {supermartijn642corelib} mods - versions {1.1.22}
[10Aug2026 03:02:35.383] [main/DEBUG] [net.minecraftforge.fml.loading.moddiscovery.ModFileParser/LOADING]: Considering mod file candidate /workspaces/papuproyecto/servidor_minecraft/mods/supplementaries-1.20-2.8.17.jar
[10Aug2026 03:02:35.384] [main/DEBUG] [net.minecraftforge.fml.loading.moddiscovery.ModFileInfo/LOADING]: Found valid mod file supplementaries-1.20-2.8.17.jar with {supplementaries} mods - versions {1.20-2.8.17}
[10Aug2026 03:02:35.385] [main/DEBUG] [net.minecraftforge.fml.loading.moddiscovery.ModFileParser/LOADING]: Considering mod file candidate /workspaces/papuproyecto/servidor_minecraft/mods/TerraBlender-forge-1.20.1-3.0.1.10.jar
[10Aug2026 03:02:35.385] [main/DEBUG] [net.minecraftforge.fml.loading.moddiscovery.ModFileInfo/LOADING]: Found valid mod file TerraBlender-forge-1.20.1-3.0.1.10.jar with {terrablender} mods - versions {3.0.1.10}
[10Aug2026 03:02:35.387] [main/DEBUG] [net.minecraftforge.fml.loading.moddiscovery.ModFileParser/LOADING]: Considering mod file candidate /workspaces/papuproyecto/servidor_minecraft/mods/tombstone-1.20.1-9.0.9.jar
[10Aug2026 03:02:35.387] [main/DEBUG] [net.minecraftforge.fml.loading.moddiscovery.ModFileInfo/LOADING]: Found valid mod file tombstone-1.20.1-9.0.9.jar with {tombstone} mods - versions {9.0.9}
[10Aug2026 03:02:35.388] [main/DEBUG] [net.minecraftforge.fml.loading.moddiscovery.ModFileParser/LOADING]: Considering mod file candidate /workspaces/papuproyecto/servidor_minecraft/mods/trashslot-forge-1.20.1-15.1.5.jar
[10Aug2026 03:02:35.388] [main/DEBUG] [net.minecraftforge.fml.loading.moddiscovery.ModFileInfo/LOADING]: Found valid mod file trashslot-forge-1.20.1-15.1.5.jar with {trashslot} mods - versions {15.1.5}
[10Aug2026 03:02:35.389] [main/DEBUG] [net.minecraftforge.fml.loading.moddiscovery.ModFileParser/LOADING]: Considering mod file candidate /workspaces/papuproyecto/servidor_minecraft/mods/waystones-forge-1.20.1-14.1.20.jar
[10Aug2026 03:02:35.389] [main/DEBUG] [net.minecraftforge.fml.loading.moddiscovery.ModFileInfo/LOADING]: Found valid mod file waystones-forge-1.20.1-14.1.20.jar with {waystones} mods - versions {14.1.20}
[10Aug2026 03:02:35.391] [main/DEBUG] [net.minecraftforge.fml.loading.moddiscovery.ModFileParser/LOADING]: Considering mod file candidate /workspaces/papuproyecto/servidor_minecraft/mods/xaerominimap-forge-1.20.1-26.4.2.jar
[10Aug2026 03:02:35.391] [main/DEBUG] [net.minecraftforge.fml.loading.moddiscovery.ModFileInfo/LOADING]: Found valid mod file xaerominimap-forge-1.20.1-26.4.2.jar with {xaerominimap} mods - versions {26.4.2}
[10Aug2026 03:02:35.392] [main/DEBUG] [net.minecraftforge.fml.loading.moddiscovery.ModFileParser/LOADING]: Considering mod file candidate /workspaces/papuproyecto/servidor_minecraft/mods/xaeroworldmap-forge-1.20.1-1.44.2.jar
[10Aug2026 03:02:35.392] [main/DEBUG] [net.minecraftforge.fml.loading.moddiscovery.ModFileInfo/LOADING]: Found valid mod file xaeroworldmap-forge-1.20.1-1.44.2.jar with {xaeroworldmap} mods - versions {1.44.2}
[10Aug2026 03:02:35.510] [main/DEBUG] [net.minecraftforge.fml.loading.moddiscovery.ModFileInfo/LOADING]: Found valid mod file server-1.20.1-20230612.114412-srg.jar with {minecraft} mods - versions {1.20.1}
[10Aug2026 03:02:35.514] [main/DEBUG] [net.minecraftforge.fml.loading.moddiscovery.ModFileParser/LOADING]: Considering mod file candidate /workspaces/papuproyecto/servidor_minecraft/libraries/net/minecraftforge/fmlcore/1.20.1-47.3.7/fmlcore-1.20.1-47.3.7.jar
[10Aug2026 03:02:35.514] [main/WARN] [net.minecraftforge.fml.loading.moddiscovery.ModFileParser/LOADING]: Mod file /workspaces/papuproyecto/servidor_minecraft/libraries/net/minecraftforge/fmlcore/1.20.1-47.3.7/fmlcore-1.20.1-47.3.7.jar is missing mods.toml file
[10Aug2026 03:02:35.519] [main/DEBUG] [net.minecraftforge.fml.loading.moddiscovery.ModFileParser/LOADING]: Considering mod file candidate /workspaces/papuproyecto/servidor_minecraft/libraries/net/minecraftforge/javafmllanguage/1.20.1-47.3.7/javafmllanguage-1.20.1-47.3.7.jar
[10Aug2026 03:02:35.519] [main/WARN] [net.minecraftforge.fml.loading.moddiscovery.ModFileParser/LOADING]: Mod file /workspaces/papuproyecto/servidor_minecraft/libraries/net/minecraftforge/javafmllanguage/1.20.1-47.3.7/javafmllanguage-1.20.1-47.3.7.jar is missing mods.toml file
[10Aug2026 03:02:35.520] [main/DEBUG] [net.minecraftforge.fml.loading.moddiscovery.ModFileParser/LOADING]: Considering mod file candidate /workspaces/papuproyecto/servidor_minecraft/libraries/net/minecraftforge/lowcodelanguage/1.20.1-47.3.7/lowcodelanguage-1.20.1-47.3.7.jar
[10Aug2026 03:02:35.520] [main/WARN] [net.minecraftforge.fml.loading.moddiscovery.ModFileParser/LOADING]: Mod file /workspaces/papuproyecto/servidor_minecraft/libraries/net/minecraftforge/lowcodelanguage/1.20.1-47.3.7/lowcodelanguage-1.20.1-47.3.7.jar is missing mods.toml file
[10Aug2026 03:02:35.523] [main/DEBUG] [net.minecraftforge.fml.loading.moddiscovery.ModFileParser/LOADING]: Considering mod file candidate /workspaces/papuproyecto/servidor_minecraft/libraries/net/minecraftforge/mclanguage/1.20.1-47.3.7/mclanguage-1.20.1-47.3.7.jar
[10Aug2026 03:02:35.523] [main/WARN] [net.minecraftforge.fml.loading.moddiscovery.ModFileParser/LOADING]: Mod file /workspaces/papuproyecto/servidor_minecraft/libraries/net/minecraftforge/mclanguage/1.20.1-47.3.7/mclanguage-1.20.1-47.3.7.jar is missing mods.toml file
[10Aug2026 03:02:35.600] [main/DEBUG] [net.minecraftforge.fml.loading.moddiscovery.ModFileParser/LOADING]: Considering mod file candidate /workspaces/papuproyecto/servidor_minecraft/libraries/net/minecraftforge/forge/1.20.1-47.3.7/forge-1.20.1-47.3.7-universal.jar
[10Aug2026 03:02:35.601] [main/DEBUG] [net.minecraftforge.fml.loading.moddiscovery.ModFileInfo/LOADING]: Found valid mod file forge-1.20.1-47.3.7-universal.jar with {forge} mods - versions {47.3.7}
[10Aug2026 03:02:35.615] [main/DEBUG] [net.minecraftforge.fml.loading.moddiscovery.AbstractJarFileDependencyLocator/]: Failed to load resource META-INF/jarjar/metadata.json from supermartijn642configlib-1.1.8-forge-mc1.20.jar, it does not contain dependency information.
[10Aug2026 03:02:35.615] [main/DEBUG] [net.minecraftforge.fml.loading.moddiscovery.AbstractJarFileDependencyLocator/]: Failed to load resource META-INF/jarjar/metadata.json from skin_changer-forge-1.20.1-0.6.6.jar, it does not contain dependency information.
[10Aug2026 03:02:35.616] [main/DEBUG] [net.minecraftforge.fml.loading.moddiscovery.AbstractJarFileDependencyLocator/]: Failed to load resource META-INF/jarjar/metadata.json from trashslot-forge-1.20.1-15.1.5.jar, it does not contain dependency information.
[10Aug2026 03:02:35.616] [main/DEBUG] [net.minecraftforge.fml.loading.moddiscovery.AbstractJarFileDependencyLocator/]: Failed to load resource META-INF/jarjar/metadata.json from alexsmobs-1.22.9.jar, it does not contain dependency information.
[10Aug2026 03:02:35.616] [main/DEBUG] [net.minecraftforge.fml.loading.moddiscovery.AbstractJarFileDependencyLocator/]: Failed to load resource META-INF/jarjar/metadata.json from player-animation-lib-forge-1.0.2-rc1+1.20.jar, it does not contain dependency information.
[10Aug2026 03:02:35.616] [main/DEBUG] [net.minecraftforge.fml.loading.moddiscovery.AbstractJarFileDependencyLocator/]: Failed to load resource META-INF/jarjar/metadata.json from jei-1.20.1-forge-15.20.0.112.jar, it does not contain dependency information.
[10Aug2026 03:02:35.616] [main/DEBUG] [net.minecraftforge.fml.loading.moddiscovery.AbstractJarFileDependencyLocator/]: Failed to load resource META-INF/jarjar/metadata.json from stalwart-dungeons-1.20.1-1.2.8.jar, it does not contain dependency information.
[10Aug2026 03:02:35.616] [main/DEBUG] [net.minecraftforge.fml.loading.moddiscovery.AbstractJarFileDependencyLocator/]: Failed to load resource META-INF/jarjar/metadata.json from sophisticatedcore-1.20.1-1.3.74.2216.jar, it does not contain dependency information.
[10Aug2026 03:02:35.616] [main/DEBUG] [net.minecraftforge.fml.loading.moddiscovery.AbstractJarFileDependencyLocator/]: Failed to load resource META-INF/jarjar/metadata.json from ntgl-1.20.1-3.1.2.jar, it does not contain dependency information.
[10Aug2026 03:02:35.617] [main/DEBUG] [net.minecraftforge.fml.loading.moddiscovery.AbstractJarFileDependencyLocator/]: Failed to load resource META-INF/jarjar/metadata.json from sound-physics-remastered-forge-1.20.1-1.5.1.jar, it does not contain dependency information.
[10Aug2026 03:02:35.617] [main/DEBUG] [net.minecraftforge.fml.loading.moddiscovery.AbstractJarFileDependencyLocator/]: Failed to load resource META-INF/jarjar/metadata.json from waystones-forge-1.20.1-14.1.20.jar, it does not contain dependency information.
[10Aug2026 03:02:35.617] [main/DEBUG] [net.minecraftforge.fml.loading.moddiscovery.AbstractJarFileDependencyLocator/]: Failed to load resource META-INF/jarjar/metadata.json from structureessentials-1.20.1-5.0.jar, it does not contain dependency information.
[10Aug2026 03:02:35.617] [main/DEBUG] [net.minecraftforge.fml.loading.moddiscovery.AbstractJarFileDependencyLocator/]: Failed to load resource META-INF/jarjar/metadata.json from Clumps-forge-1.20.1-12.0.0.4.jar, it does not contain dependency information.
[10Aug2026 03:02:35.617] [main/DEBUG] [net.minecraftforge.fml.loading.moddiscovery.AbstractJarFileDependencyLocator/]: Failed to load resource META-INF/jarjar/metadata.json from Placebo-1.20.1-8.6.3.jar, it does not contain dependency information.
[10Aug2026 03:02:35.617] [main/DEBUG] [net.minecraftforge.fml.loading.moddiscovery.AbstractJarFileDependencyLocator/]: Failed to load resource META-INF/jarjar/metadata.json from citadel-2.6.3-1.20.1.jar, it does not contain dependency information.
[10Aug2026 03:02:35.617] [main/DEBUG] [net.minecraftforge.fml.loading.moddiscovery.AbstractJarFileDependencyLocator/]: Failed to load resource META-INF/jarjar/metadata.json from NaturesCompass-1.20.1-1.12.0-forge.jar, it does not contain dependency information.
[10Aug2026 03:02:35.618] [main/DEBUG] [net.minecraftforge.fml.loading.moddiscovery.AbstractJarFileDependencyLocator/]: Failed to load resource META-INF/jarjar/metadata.json from sophisticatedbackpacks-1.20.1-3.24.62.2017.jar, it does not contain dependency information.
[10Aug2026 03:02:35.618] [main/DEBUG] [net.minecraftforge.fml.loading.moddiscovery.AbstractJarFileDependencyLocator/]: Failed to load resource META-INF/jarjar/metadata.json from iceandfire-2.1.13-1.20.1-beta-5.jar, it does not contain dependency information.
[10Aug2026 03:02:35.618] [main/DEBUG] [net.minecraftforge.fml.loading.moddiscovery.AbstractJarFileDependencyLocator/]: Failed to load resource META-INF/jarjar/metadata.json from bygonenether-1.3.2-1.20.x.jar, it does not contain dependency information.
[10Aug2026 03:02:35.618] [main/DEBUG] [net.minecraftforge.fml.loading.moddiscovery.AbstractJarFileDependencyLocator/]: Failed to load resource META-INF/jarjar/metadata.json from blueprint-1.20.1-7.1.4.jar, it does not contain dependency information.
[10Aug2026 03:02:35.619] [main/DEBUG] [net.minecraftforge.fml.loading.moddiscovery.AbstractJarFileDependencyLocator/]: Failed to load resource META-INF/jarjar/metadata.json from cloth-config-11.1.136-forge.jar, it does not contain dependency information.
[10Aug2026 03:02:35.619] [main/DEBUG] [net.minecraftforge.fml.loading.moddiscovery.AbstractJarFileDependencyLocator/]: Failed to load resource META-INF/jarjar/metadata.json from forge-1.20.1-47.3.7-universal.jar, it does not contain dependency information.
[10Aug2026 03:02:35.619] [main/DEBUG] [net.minecraftforge.fml.loading.moddiscovery.AbstractJarFileDependencyLocator/]: Failed to load resource META-INF/jarjar/metadata.json from ironchest-1.20.1-14.4.4.jar, it does not contain dependency information.
[10Aug2026 03:02:35.619] [main/DEBUG] [net.minecraftforge.fml.loading.moddiscovery.AbstractJarFileDependencyLocator/]: Failed to load resource META-INF/jarjar/metadata.json from server-1.20.1-20230612.114412-srg.jar, it does not contain dependency information.
[10Aug2026 03:02:35.621] [main/DEBUG] [net.minecraftforge.fml.loading.moddiscovery.AbstractJarFileDependencyLocator/]: Failed to load resource META-INF/jarjar/metadata.json from alexscaves-2.0.2.jar, it does not contain dependency information.
[10Aug2026 03:02:35.621] [main/DEBUG] [net.minecraftforge.fml.loading.moddiscovery.AbstractJarFileDependencyLocator/]: Failed to load resource META-INF/jarjar/metadata.json from LittleFrames_FORGE_v1.4.3_mc1.20.1.jar, it does not contain dependency information.
[10Aug2026 03:02:35.621] [main/DEBUG] [net.minecraftforge.fml.loading.moddiscovery.AbstractJarFileDependencyLocator/]: Failed to load resource META-INF/jarjar/metadata.json from TerraBlender-forge-1.20.1-3.0.1.10.jar, it does not contain dependency information.
[10Aug2026 03:02:35.621] [main/DEBUG] [net.minecraftforge.fml.loading.moddiscovery.AbstractJarFileDependencyLocator/]: Failed to load resource META-INF/jarjar/metadata.json from BiomesOPlenty-1.20.1-18.0.0.592.jar, it does not contain dependency information.
[10Aug2026 03:02:35.621] [main/DEBUG] [net.minecraftforge.fml.loading.moddiscovery.AbstractJarFileDependencyLocator/]: Failed to load resource META-INF/jarjar/metadata.json from Jade-1.20.1-Forge-11.13.3.jar, it does not contain dependency information.
[10Aug2026 03:02:35.622] [main/DEBUG] [net.minecraftforge.fml.loading.moddiscovery.AbstractJarFileDependencyLocator/]: Failed to load resource META-INF/jarjar/metadata.json from endrem_forge-5.3.3-R-1.20.1.jar, it does not contain dependency information.
[10Aug2026 03:02:35.622] [main/DEBUG] [net.minecraftforge.fml.loading.moddiscovery.AbstractJarFileDependencyLocator/]: Failed to load resource META-INF/jarjar/metadata.json from CreativeCore_FORGE_v2.12.39_mc1.20.1.jar, it does not contain dependency information.
[10Aug2026 03:02:35.622] [main/DEBUG] [net.minecraftforge.fml.loading.moddiscovery.AbstractJarFileDependencyLocator/]: Failed to load resource META-INF/jarjar/metadata.json from Chunky-1.3.146.jar, it does not contain dependency information.
[10Aug2026 03:02:35.622] [main/DEBUG] [net.minecraftforge.fml.loading.moddiscovery.AbstractJarFileDependencyLocator/]: Failed to load resource META-INF/jarjar/metadata.json from supermartijn642corelib-1.1.22-forge-mc1.20.1.jar, it does not contain dependency information.
[10Aug2026 03:02:35.622] [main/DEBUG] [net.minecraftforge.fml.loading.moddiscovery.AbstractJarFileDependencyLocator/]: Failed to load resource META-INF/jarjar/metadata.json from lionfishapi-3.0.jar, it does not contain dependency information.
[10Aug2026 03:02:35.622] [main/DEBUG] [net.minecraftforge.fml.loading.moddiscovery.AbstractJarFileDependencyLocator/]: Failed to load resource META-INF/jarjar/metadata.json from curios-forge-5.14.1+1.20.1.jar, it does not contain dependency information.
[10Aug2026 03:02:35.622] [main/DEBUG] [net.minecraftforge.fml.loading.moddiscovery.AbstractJarFileDependencyLocator/]: Failed to load resource META-INF/jarjar/metadata.json from Patchouli-1.20.1-85-FORGE.jar, it does not contain dependency information.
[10Aug2026 03:02:35.623] [main/DEBUG] [net.minecraftforge.fml.loading.moddiscovery.AbstractJarFileDependencyLocator/]: Failed to load resource META-INF/jarjar/metadata.json from betterbiomeblend-forge-1.20.1-1.4.0.jar, it does not contain dependency information.
[10Aug2026 03:02:35.623] [main/DEBUG] [net.minecraftforge.fml.loading.moddiscovery.AbstractJarFileDependencyLocator/]: Failed to load resource META-INF/jarjar/metadata.json from [1.20.1] SecurityCraft v1.9.8.jar, it does not contain dependency information.
[10Aug2026 03:02:35.623] [main/DEBUG] [net.minecraftforge.fml.loading.moddiscovery.AbstractJarFileDependencyLocator/]: Failed to load resource META-INF/jarjar/metadata.json from dungeons-and-taverns-3.0.3.f[Forge].jar, it does not contain dependency information.
[10Aug2026 03:02:35.623] [main/DEBUG] [net.minecraftforge.fml.loading.moddiscovery.AbstractJarFileDependencyLocator/]: Failed to load resource META-INF/jarjar/metadata.json from tombstone-1.20.1-9.0.9.jar, it does not contain dependency information.
[10Aug2026 03:02:35.623] [main/DEBUG] [net.minecraftforge.fml.loading.moddiscovery.AbstractJarFileDependencyLocator/]: Failed to load resource META-INF/jarjar/metadata.json from coroutil-forge-1.20.1-1.3.7.jar, it does not contain dependency information.
[10Aug2026 03:02:35.625] [main/DEBUG] [net.minecraftforge.fml.loading.moddiscovery.AbstractJarFileDependencyLocator/]: Failed to load resource META-INF/jarjar/metadata.json from FastFurnace-1.20.1-8.0.2.jar, it does not contain dependency information.
[10Aug2026 03:02:35.625] [main/DEBUG] [net.minecraftforge.fml.loading.moddiscovery.AbstractJarFileDependencyLocator/]: Failed to load resource META-INF/jarjar/metadata.json from architectury-9.2.14-forge.jar, it does not contain dependency information.
[10Aug2026 03:02:35.625] [main/DEBUG] [net.minecraftforge.fml.loading.moddiscovery.AbstractJarFileDependencyLocator/]: Failed to load resource META-INF/jarjar/metadata.json from ferritecore-6.0.1-forge.jar, it does not contain dependency information.
[10Aug2026 03:02:35.625] [main/DEBUG] [net.minecraftforge.fml.loading.moddiscovery.AbstractJarFileDependencyLocator/]: Failed to load resource META-INF/jarjar/metadata.json from cupboard-1.20.1-3.9.jar, it does not contain dependency information.
[10Aug2026 03:02:35.625] [main/DEBUG] [net.minecraftforge.fml.loading.moddiscovery.AbstractJarFileDependencyLocator/]: Failed to load resource META-INF/jarjar/metadata.json from refurbished_furniture-forge-1.20.1-1.0.20.jar, it does not contain dependency information.
[10Aug2026 03:02:35.626] [main/DEBUG] [net.minecraftforge.fml.loading.moddiscovery.AbstractJarFileDependencyLocator/]: Failed to load resource META-INF/jarjar/metadata.json from quantified api-omni-2.2.0.jar, it does not contain dependency information.
[10Aug2026 03:02:35.626] [main/DEBUG] [net.minecraftforge.fml.loading.moddiscovery.AbstractJarFileDependencyLocator/]: Failed to load resource META-INF/jarjar/metadata.json from framework-forge-1.20.1-0.8.0.jar, it does not contain dependency information.
[10Aug2026 03:02:35.626] [main/DEBUG] [net.minecraftforge.fml.loading.moddiscovery.AbstractJarFileDependencyLocator/]: Failed to load resource META-INF/jarjar/metadata.json from mclanguage-1.20.1-47.3.7.jar, it does not contain dependency information.
[10Aug2026 03:02:35.626] [main/DEBUG] [net.minecraftforge.fml.loading.moddiscovery.AbstractJarFileDependencyLocator/]: Failed to load resource META-INF/jarjar/metadata.json from javafmllanguage-1.20.1-47.3.7.jar, it does not contain dependency information.
[10Aug2026 03:02:35.626] [main/DEBUG] [net.minecraftforge.fml.loading.moddiscovery.AbstractJarFileDependencyLocator/]: Failed to load resource META-INF/jarjar/metadata.json from fmlcore-1.20.1-47.3.7.jar, it does not contain dependency information.
[10Aug2026 03:02:35.626] [main/DEBUG] [net.minecraftforge.fml.loading.moddiscovery.AbstractJarFileDependencyLocator/]: Failed to load resource META-INF/jarjar/metadata.json from lowcodelanguage-1.20.1-47.3.7.jar, it does not contain dependency information.
[10Aug2026 03:02:35.700] [main/DEBUG] [net.minecraftforge.fml.loading.moddiscovery.ModFileParser/LOADING]: Considering mod file candidate 
[10Aug2026 03:02:35.701] [main/DEBUG] [net.minecraftforge.fml.loading.moddiscovery.ModFileInfo/LOADING]: Found valid mod file xaerolib-forge-1.20.1-1.7.1.jar with {xaerolib} mods - versions {1.7.1}
[10Aug2026 03:02:35.704] [main/DEBUG] [net.minecraftforge.fml.loading.moddiscovery.ModFileParser/LOADING]: Considering mod file candidate 
[10Aug2026 03:02:35.705] [main/DEBUG] [net.minecraftforge.fml.loading.moddiscovery.ModFileInfo/LOADING]: Found valid mod file spectrelib-forge-0.13.17+1.20.1.jar with {spectrelib} mods - versions {0.13.17+1.20.1}
[10Aug2026 03:02:35.707] [main/DEBUG] [net.minecraftforge.fml.loading.moddiscovery.ModFileParser/LOADING]: Considering mod file candidate 
[10Aug2026 03:02:35.707] [main/DEBUG] [net.minecraftforge.fml.loading.moddiscovery.ModFileInfo/LOADING]: Found valid mod file expandability-forge-9.0.4.jar with {expandability} mods - versions {9.0.4}
[10Aug2026 03:02:35.709] [main/DEBUG] [net.minecraftforge.fml.loading.moddiscovery.ModFileParser/LOADING]: Considering mod file candidate 
[10Aug2026 03:02:35.709] [main/DEBUG] [net.minecraftforge.fml.loading.moddiscovery.ModFileInfo/LOADING]: Found valid mod file mixinextras-forge-0.3.5.jar with {mixinextras} mods - versions {0.3.5}
[10Aug2026 03:02:35.729] [main/DEBUG] [net.minecraftforge.fml.loading.moddiscovery.ModFileParser/LOADING]: Considering mod file candidate 
[10Aug2026 03:02:35.730] [main/DEBUG] [net.minecraftforge.fml.loading.moddiscovery.ModFileInfo/LOADING]: Found valid mod file TRansition-1.0.21-1.20.1-forge-SNAPSHOT.jar with {transition} mods - versions {1.0.21}
[10Aug2026 03:02:35.736] [main/DEBUG] [net.minecraftforge.fml.loading.moddiscovery.ModFileParser/LOADING]: Considering mod file candidate 
[10Aug2026 03:02:35.737] [main/DEBUG] [net.minecraftforge.fml.loading.moddiscovery.ModFileInfo/LOADING]: Found valid mod file TRender-1.0.15-1.20.1-forge-SNAPSHOT.jar with {trender} mods - versions {1.0.15}
[10Aug2026 03:02:35.747] [main/DEBUG] [net.minecraftforge.fml.loading.moddiscovery.ModFileParser/LOADING]: Considering mod file candidate 
[10Aug2026 03:02:35.748] [main/DEBUG] [net.minecraftforge.fml.loading.moddiscovery.ModFileInfo/LOADING]: Found valid mod file xaerolib-forge-1.20.1-1.7.1.jar with {xaerolib} mods - versions {1.7.1}
[10Aug2026 03:02:35.751] [main/DEBUG] [net.minecraftforge.fml.loading.moddiscovery.ModFileParser/LOADING]: Considering mod file candidate 
[10Aug2026 03:02:35.752] [main/DEBUG] [net.minecraftforge.fml.loading.moddiscovery.ModFileInfo/LOADING]: Found valid mod file mixinextras-forge-0.3.6.jar with {mixinextras} mods - versions {0.3.6}
[10Aug2026 03:02:35.753] [main/DEBUG] [net.minecraftforge.fml.loading.moddiscovery.ModFileParser/LOADING]: Considering mod file candidate 
[10Aug2026 03:02:35.753] [main/DEBUG] [net.minecraftforge.fml.loading.moddiscovery.ModFileInfo/LOADING]: Found valid mod file mixinsquared-forge-0.1.1.jar with {mixinsquared} mods - versions {0.1.1}
[10Aug2026 03:02:35.757] [main/DEBUG] [net.minecraftforge.fml.loading.moddiscovery.ModFileParser/LOADING]: Considering mod file candidate 
[10Aug2026 03:02:35.758] [main/DEBUG] [net.minecraftforge.fml.loading.moddiscovery.ModFileInfo/LOADING]: Found valid mod file puzzlesaccessapi-forge-20.1.1.jar with {puzzlesaccessapi} mods - versions {20.1.1}
[10Aug2026 03:02:35.762] [main/DEBUG] [net.minecraftforge.fml.loading.moddiscovery.ModFileParser/LOADING]: Considering mod file candidate 
[10Aug2026 03:02:35.762] [main/DEBUG] [net.minecraftforge.fml.loading.moddiscovery.ModFileInfo/LOADING]: Found valid mod file mixinextras-forge-0.4.1.jar with {mixinextras} mods - versions {0.4.1}
[10Aug2026 03:02:35.770] [main/DEBUG] [net.minecraftforge.fml.loading.moddiscovery.ModFileParser/LOADING]: Considering mod file candidate 
[10Aug2026 03:02:35.770] [main/DEBUG] [net.minecraftforge.fml.loading.moddiscovery.ModFileInfo/LOADING]: Found valid mod file mixinextras-forge-0.3.6.jar with {mixinextras} mods - versions {0.3.6}
[10Aug2026 03:02:35.782] [main/DEBUG] [net.minecraftforge.fml.loading.moddiscovery.ModFileParser/LOADING]: Considering mod file candidate 
[10Aug2026 03:02:35.783] [main/DEBUG] [net.minecraftforge.fml.loading.moddiscovery.ModFileInfo/LOADING]: Found valid mod file mixinextras-forge-0.4.1.jar with {mixinextras} mods - versions {0.4.1}
[10Aug2026 03:02:35.784] [main/DEBUG] [net.minecraftforge.fml.loading.moddiscovery.ModFileParser/LOADING]: Considering mod file candidate 
[10Aug2026 03:02:35.785] [main/DEBUG] [net.minecraftforge.fml.loading.moddiscovery.ModFileInfo/LOADING]: Found valid mod file kuma-api-forge-20.1.12+1.20.1.jar with {kuma_api} mods - versions {20.1.12}
[10Aug2026 03:02:35.788] [main/DEBUG] [net.minecraftforge.fml.loading.moddiscovery.ModFileParser/LOADING]: Considering mod file candidate 
[10Aug2026 03:02:35.788] [main/DEBUG] [net.minecraftforge.fml.loading.moddiscovery.ModFileInfo/LOADING]: Found valid mod file mixinextras-forge-0.2.0-beta.6.jar with {mixinextras} mods - versions {0.2.0-beta.6}
[10Aug2026 03:02:35.794] [main/DEBUG] [net.minecraftforge.fml.loading.moddiscovery.ModFileParser/LOADING]: Considering mod file candidate 
[10Aug2026 03:02:35.794] [main/DEBUG] [net.minecraftforge.fml.loading.moddiscovery.ModFileInfo/LOADING]: Found valid mod file mixinextras-forge-0.4.1.jar with {mixinextras} mods - versions {0.4.1}
[10Aug2026 03:02:35.796] [main/DEBUG] [net.minecraftforge.fml.loading.moddiscovery.ModFileParser/LOADING]: Considering mod file candidate 
[10Aug2026 03:02:35.797] [main/DEBUG] [net.minecraftforge.fml.loading.moddiscovery.ModFileInfo/LOADING]: Found valid mod file mixinextras-forge-0.3.6.jar with {mixinextras} mods - versions {0.3.6}
[10Aug2026 03:02:35.798] [main/DEBUG] [net.minecraftforge.fml.loading.moddiscovery.ModFileParser/LOADING]: Considering mod file candidate 
[10Aug2026 03:02:35.798] [main/DEBUG] [net.minecraftforge.fml.loading.moddiscovery.ModFileInfo/LOADING]: Found valid mod file mixinsquared-forge-0.1.1.jar with {mixinsquared} mods - versions {0.1.1}
[10Aug2026 03:02:35.808] [main/DEBUG] [net.minecraftforge.fml.loading.moddiscovery.ModFileParser/LOADING]: Considering mod file candidate 
[10Aug2026 03:02:35.809] [main/DEBUG] [net.minecraftforge.fml.loading.moddiscovery.ModFileInfo/LOADING]: Found valid mod file kffmod-4.12.0.jar with {kotlinforforge} mods - versions {4.12.0}
[10Aug2026 03:02:35.809] [main/DEBUG] [net.minecraftforge.fml.loading.moddiscovery.AbstractJarFileDependencyLocator/]: Failed to load resource META-INF/jarjar/metadata.json from xaerolib-forge-1.20.1-1.7.1.jar, it does not contain dependency information.
[10Aug2026 03:02:35.809] [main/DEBUG] [net.minecraftforge.fml.loading.moddiscovery.AbstractJarFileDependencyLocator/]: Failed to load resource META-INF/jarjar/metadata.json from spectrelib-forge-0.13.17+1.20.1.jar, it does not contain dependency information.
[10Aug2026 03:02:35.817] [main/DEBUG] [net.minecraftforge.fml.loading.moddiscovery.AbstractJarFileDependencyLocator/]: Failed to load resource META-INF/jarjar/metadata.json from TRansition-1.0.21-1.20.1-forge-SNAPSHOT.jar, it does not contain dependency information.
[10Aug2026 03:02:35.817] [main/DEBUG] [net.minecraftforge.fml.loading.moddiscovery.AbstractJarFileDependencyLocator/]: Failed to load resource META-INF/jarjar/metadata.json from TRender-1.0.15-1.20.1-forge-SNAPSHOT.jar, it does not contain dependency information.
[10Aug2026 03:02:35.817] [main/DEBUG] [net.minecraftforge.fml.loading.moddiscovery.AbstractJarFileDependencyLocator/]: Failed to load resource META-INF/jarjar/metadata.json from xaerolib-forge-1.20.1-1.7.1.jar, it does not contain dependency information.
[10Aug2026 03:02:35.824] [main/DEBUG] [net.minecraftforge.fml.loading.moddiscovery.AbstractJarFileDependencyLocator/]: Failed to load resource META-INF/jarjar/metadata.json from puzzlesaccessapi-forge-20.1.1.jar, it does not contain dependency information.
[10Aug2026 03:02:35.850] [main/DEBUG] [net.minecraftforge.fml.loading.moddiscovery.AbstractJarFileDependencyLocator/]: Failed to load resource META-INF/jarjar/metadata.json from Reflect-1.6.2.jar, it does not contain dependency information.
[10Aug2026 03:02:35.857] [main/DEBUG] [net.minecraftforge.fml.loading.moddiscovery.AbstractJarFileDependencyLocator/]: Failed to load resource META-INF/jarjar/metadata.json from kuma-api-forge-20.1.12+1.20.1.jar, it does not contain dependency information.
[10Aug2026 03:02:35.871] [main/DEBUG] [net.minecraftforge.fml.loading.moddiscovery.AbstractJarFileDependencyLocator/]: Failed to load resource META-INF/jarjar/metadata.json from mclib-20.jar, it does not contain dependency information.
[10Aug2026 03:02:35.871] [main/DEBUG] [net.minecraftforge.fml.loading.moddiscovery.AbstractJarFileDependencyLocator/]: Failed to load resource META-INF/jarjar/metadata.json from kfflang-4.12.0.jar, it does not contain dependency information.
[10Aug2026 03:02:35.871] [main/DEBUG] [net.minecraftforge.fml.loading.moddiscovery.AbstractJarFileDependencyLocator/]: Failed to load resource META-INF/jarjar/metadata.json from kfflib-4.12.0.jar, it does not contain dependency information.
[10Aug2026 03:02:35.871] [main/DEBUG] [net.minecraftforge.fml.loading.moddiscovery.AbstractJarFileDependencyLocator/]: Failed to load resource META-INF/jarjar/metadata.json from kffmod-4.12.0.jar, it does not contain dependency information.
[10Aug2026 03:02:35.871] [main/DEBUG] [net.minecraftforge.fml.loading.moddiscovery.AbstractJarFileDependencyLocator/]: Failed to load resource META-INF/jarjar/metadata.json from MixinExtras-0.1.1.jar, it does not contain dependency information.
[10Aug2026 03:02:35.872] [main/DEBUG] [net.minecraftforge.fml.loading.moddiscovery.AbstractJarFileDependencyLocator/]: Failed to load resource META-INF/jarjar/metadata.json from MixinExtras-0.3.5.jar, it does not contain dependency information.
[10Aug2026 03:02:35.872] [main/DEBUG] [net.minecraftforge.fml.loading.moddiscovery.AbstractJarFileDependencyLocator/]: Failed to load resource META-INF/jarjar/metadata.json from MixinExtras-0.3.6.jar, it does not contain dependency information.
[10Aug2026 03:02:35.872] [main/DEBUG] [net.minecraftforge.fml.loading.moddiscovery.AbstractJarFileDependencyLocator/]: Failed to load resource META-INF/jarjar/metadata.json from MixinSquared-0.1.1.jar, it does not contain dependency information.
[10Aug2026 03:02:35.872] [main/DEBUG] [net.minecraftforge.fml.loading.moddiscovery.AbstractJarFileDependencyLocator/]: Failed to load resource META-INF/jarjar/metadata.json from MixinExtras-0.4.1.jar, it does not contain dependency information.
[10Aug2026 03:02:35.872] [main/DEBUG] [net.minecraftforge.fml.loading.moddiscovery.AbstractJarFileDependencyLocator/]: Failed to load resource META-INF/jarjar/metadata.json from MixinExtras-0.5.3.jar, it does not contain dependency information.
[10Aug2026 03:02:35.872] [main/DEBUG] [net.minecraftforge.fml.loading.moddiscovery.AbstractJarFileDependencyLocator/]: Failed to load resource META-INF/jarjar/metadata.json from MixinExtras-0.3.6.jar, it does not contain dependency information.
[10Aug2026 03:02:35.872] [main/DEBUG] [net.minecraftforge.fml.loading.moddiscovery.AbstractJarFileDependencyLocator/]: Failed to load resource META-INF/jarjar/metadata.json from MixinExtras-0.4.1.jar, it does not contain dependency information.
[10Aug2026 03:02:35.872] [main/DEBUG] [net.minecraftforge.fml.loading.moddiscovery.AbstractJarFileDependencyLocator/]: Failed to load resource META-INF/jarjar/metadata.json from MixinExtras-0.2.0-beta.6.jar, it does not contain dependency information.
[10Aug2026 03:02:35.872] [main/DEBUG] [net.minecraftforge.fml.loading.moddiscovery.AbstractJarFileDependencyLocator/]: Failed to load resource META-INF/jarjar/metadata.json from MixinExtras-0.4.1.jar, it does not contain dependency information.
[10Aug2026 03:02:35.872] [main/DEBUG] [net.minecraftforge.fml.loading.moddiscovery.AbstractJarFileDependencyLocator/]: Failed to load resource META-INF/jarjar/metadata.json from MixinExtras-0.3.6.jar, it does not contain dependency information.
[10Aug2026 03:02:35.873] [main/DEBUG] [net.minecraftforge.fml.loading.moddiscovery.AbstractJarFileDependencyLocator/]: Failed to load resource META-INF/jarjar/metadata.json from MixinSquared-0.1.1.jar, it does not contain dependency information.
[10Aug2026 03:02:35.900] [main/DEBUG] [net.minecraftforge.fml.loading.moddiscovery.ModFileParser/LOADING]: Considering mod file candidate 
[10Aug2026 03:02:35.901] [main/DEBUG] [net.minecraftforge.fml.loading.moddiscovery.ModFileInfo/LOADING]: Found valid mod file puzzlesaccessapi-forge-20.1.1.jar with {puzzlesaccessapi} mods - versions {20.1.1}
[10Aug2026 03:02:35.902] [main/DEBUG] [net.minecraftforge.fml.loading.moddiscovery.ModFileParser/LOADING]: Considering mod file candidate 
[10Aug2026 03:02:35.902] [main/DEBUG] [net.minecraftforge.fml.loading.moddiscovery.ModFileInfo/LOADING]: Found valid mod file mixinextras-forge-0.2.0-beta.6.jar with {mixinextras} mods - versions {0.2.0-beta.6}
[10Aug2026 03:02:35.916] [main/DEBUG] [net.minecraftforge.fml.loading.moddiscovery.ModFileParser/LOADING]: Considering mod file candidate 
[10Aug2026 03:02:35.917] [main/DEBUG] [net.minecraftforge.fml.loading.moddiscovery.ModFileInfo/LOADING]: Found valid mod file TRansition-1.0.21-1.20.1-forge-SNAPSHOT.jar with {transition} mods - versions {1.0.21}
[10Aug2026 03:02:35.930] [main/DEBUG] [net.minecraftforge.fml.loading.moddiscovery.ModFileParser/LOADING]: Considering mod file candidate 
[10Aug2026 03:02:35.930] [main/DEBUG] [net.minecraftforge.fml.loading.moddiscovery.ModFileInfo/LOADING]: Found valid mod file mixinsquared-forge-0.1.1.jar with {mixinsquared} mods - versions {0.1.1}
[10Aug2026 03:02:35.937] [main/DEBUG] [net.minecraftforge.fml.loading.moddiscovery.ModFileParser/LOADING]: Considering mod file candidate 
[10Aug2026 03:02:35.937] [main/DEBUG] [net.minecraftforge.fml.loading.moddiscovery.ModFileInfo/LOADING]: Found valid mod file xaerolib-forge-1.20.1-1.7.1.jar with {xaerolib} mods - versions {1.7.1}
[10Aug2026 03:02:35.941] [main/DEBUG] [net.minecraftforge.fml.loading.moddiscovery.ModFileParser/LOADING]: Considering mod file candidate 
[10Aug2026 03:02:35.942] [main/DEBUG] [net.minecraftforge.fml.loading.moddiscovery.ModFileInfo/LOADING]: Found valid mod file TRender-1.0.15-1.20.1-forge-SNAPSHOT.jar with {trender} mods - versions {1.0.15}
[10Aug2026 03:02:35.967] [main/DEBUG] [net.minecraftforge.fml.loading.moddiscovery.ModFileParser/LOADING]: Considering mod file candidate 
[10Aug2026 03:02:35.968] [main/DEBUG] [net.minecraftforge.fml.loading.moddiscovery.ModFileInfo/LOADING]: Found valid mod file spectrelib-forge-0.13.17+1.20.1.jar with {spectrelib} mods - versions {0.13.17+1.20.1}
[10Aug2026 03:02:35.969] [main/DEBUG] [net.minecraftforge.fml.loading.moddiscovery.ModFileParser/LOADING]: Considering mod file candidate 
[10Aug2026 03:02:35.970] [main/DEBUG] [net.minecraftforge.fml.loading.moddiscovery.ModFileInfo/LOADING]: Found valid mod file expandability-forge-9.0.4.jar with {expandability} mods - versions {9.0.4}
[10Aug2026 03:02:35.971] [main/DEBUG] [net.minecraftforge.fml.loading.moddiscovery.ModFileParser/LOADING]: Considering mod file candidate 
[10Aug2026 03:02:35.971] [main/DEBUG] [net.minecraftforge.fml.loading.moddiscovery.ModFileInfo/LOADING]: Found valid mod file kffmod-4.12.0.jar with {kotlinforforge} mods - versions {4.12.0}
[10Aug2026 03:02:35.974] [main/DEBUG] [net.minecraftforge.fml.loading.moddiscovery.ModFileParser/LOADING]: Considering mod file candidate 
[10Aug2026 03:02:35.974] [main/DEBUG] [net.minecraftforge.fml.loading.moddiscovery.ModFileInfo/LOADING]: Found valid mod file kuma-api-forge-20.1.12+1.20.1.jar with {kuma_api} mods - versions {20.1.12}
[10Aug2026 03:02:35.983] [main/INFO] [net.minecraftforge.fml.loading.moddiscovery.JarInJarDependencyLocator/]: Found 17 dependencies adding them to mods collection
[10Aug2026 03:02:35.984] [main/DEBUG] [net.minecraftforge.fml.loading.UniqueModListBuilder/]: Found 2 mods for first modid mixinextras, selecting most recent based on version data
[10Aug2026 03:02:35.985] [main/DEBUG] [net.minecraftforge.fml.loading.UniqueModListBuilder/]: Selected file mixinextras-forge-0.5.3.jar for modid mixinextras with version 0.5.3
[10Aug2026 03:02:35.987] [main/DEBUG] [net.minecraftforge.fml.loading.moddiscovery.ModFileParser/LOADING]: Considering mod file candidate 
[10Aug2026 03:02:35.987] [main/DEBUG] [net.minecraftforge.fml.loading.moddiscovery.ModFileInfo/LOADING]: Found valid mod file kuma-api-forge-20.1.12+1.20.1.jar with {kuma_api} mods - versions {20.1.12}
[10Aug2026 03:02:35.991] [main/DEBUG] [net.minecraftforge.fml.loading.moddiscovery.ModFile/LOADING]: Loading mod file  with languages [LanguageSpec[languageName=javafml, acceptedVersions=[47,)]]
[10Aug2026 03:02:35.991] [main/DEBUG] [net.minecraftforge.fml.loading.moddiscovery.ModFileParser/LOADING]: Considering mod file candidate /workspaces/papuproyecto/servidor_minecraft/mods/skin_changer-forge-1.20.1-0.6.6.jar
[10Aug2026 03:02:35.992] [main/DEBUG] [net.minecraftforge.fml.loading.moddiscovery.ModFileInfo/LOADING]: Found valid mod file skin_changer-forge-1.20.1-0.6.6.jar with {skin_changer} mods - versions {0.6.6}
[10Aug2026 03:02:35.992] [main/DEBUG] [net.minecraftforge.fml.loading.moddiscovery.ModFile/LOADING]: Loading mod file /workspaces/papuproyecto/servidor_minecraft/mods/skin_changer-forge-1.20.1-0.6.6.jar with languages [LanguageSpec[languageName=javafml, acceptedVersions=[47,)]]
[10Aug2026 03:02:35.992] [main/DEBUG] [net.minecraftforge.fml.loading.moddiscovery.ModFileParser/LOADING]: Considering mod file candidate /workspaces/papuproyecto/servidor_minecraft/mods/supermartijn642configlib-1.1.8-forge-mc1.20.jar
[10Aug2026 03:02:35.993] [main/DEBUG] [net.minecraftforge.fml.loading.moddiscovery.ModFileInfo/LOADING]: Found valid mod file supermartijn642configlib-1.1.8-forge-mc1.20.jar with {supermartijn642configlib} mods - versions {1.1.8}
[10Aug2026 03:02:35.993] [main/DEBUG] [net.minecraftforge.fml.loading.moddiscovery.ModFile/LOADING]: Loading mod file /workspaces/papuproyecto/servidor_minecraft/mods/supermartijn642configlib-1.1.8-forge-mc1.20.jar with languages [LanguageSpec[languageName=javafml, acceptedVersions=[46,)]]
[10Aug2026 03:02:35.993] [main/DEBUG] [net.minecraftforge.fml.loading.moddiscovery.ModFileParser/LOADING]: Considering mod file candidate /workspaces/papuproyecto/servidor_minecraft/mods/alexsmobs-1.22.9.jar
[10Aug2026 03:02:35.994] [main/DEBUG] [net.minecraftforge.fml.loading.moddiscovery.ModFileInfo/LOADING]: Found valid mod file alexsmobs-1.22.9.jar with {alexsmobs} mods - versions {1.22.9}
[10Aug2026 03:02:35.994] [main/DEBUG] [net.minecraftforge.fml.loading.moddiscovery.ModFile/LOADING]: Loading mod file /workspaces/papuproyecto/servidor_minecraft/mods/alexsmobs-1.22.9.jar with languages [LanguageSpec[languageName=javafml, acceptedVersions=[46,)]]
[10Aug2026 03:02:35.994] [main/DEBUG] [net.minecraftforge.fml.loading.moddiscovery.ModFileParser/LOADING]: Considering mod file candidate /workspaces/papuproyecto/servidor_minecraft/mods/trashslot-forge-1.20.1-15.1.5.jar
[10Aug2026 03:02:35.994] [main/DEBUG] [net.minecraftforge.fml.loading.moddiscovery.ModFileInfo/LOADING]: Found valid mod file trashslot-forge-1.20.1-15.1.5.jar with {trashslot} mods - versions {15.1.5}
[10Aug2026 03:02:35.994] [main/DEBUG] [net.minecraftforge.fml.loading.moddiscovery.ModFile/LOADING]: Loading mod file /workspaces/papuproyecto/servidor_minecraft/mods/trashslot-forge-1.20.1-15.1.5.jar with languages [LanguageSpec[languageName=javafml, acceptedVersions=[46,)]]
[10Aug2026 03:02:35.994] [main/DEBUG] [net.minecraftforge.fml.loading.moddiscovery.ModFileParser/LOADING]: Considering mod file candidate /workspaces/papuproyecto/servidor_minecraft/mods/geckolib-forge-1.20.1-4.8.4.jar
[10Aug2026 03:02:35.995] [main/DEBUG] [net.minecraftforge.fml.loading.moddiscovery.ModFileInfo/LOADING]: Found valid mod file geckolib-forge-1.20.1-4.8.4.jar with {geckolib} mods - versions {4.8.4}
[10Aug2026 03:02:35.995] [main/DEBUG] [net.minecraftforge.fml.loading.moddiscovery.ModFile/LOADING]: Loading mod file /workspaces/papuproyecto/servidor_minecraft/mods/geckolib-forge-1.20.1-4.8.4.jar with languages [LanguageSpec[languageName=javafml, acceptedVersions=[47,)]]
[10Aug2026 03:02:35.995] [main/DEBUG] [net.minecraftforge.fml.loading.moddiscovery.ModFileParser/LOADING]: Considering mod file candidate /workspaces/papuproyecto/servidor_minecraft/mods/player-animation-lib-forge-1.0.2-rc1+1.20.jar
[10Aug2026 03:02:35.997] [main/DEBUG] [net.minecraftforge.fml.loading.moddiscovery.ModFileInfo/LOADING]: Found valid mod file player-animation-lib-forge-1.0.2-rc1+1.20.jar with {playeranimator} mods - versions {1.0.2-rc1+1.20}
[10Aug2026 03:02:35.997] [main/DEBUG] [net.minecraftforge.fml.loading.moddiscovery.ModFile/LOADING]: Loading mod file /workspaces/papuproyecto/servidor_minecraft/mods/player-animation-lib-forge-1.0.2-rc1+1.20.jar with languages [LanguageSpec[languageName=javafml, acceptedVersions=[46.0.0,)]]
[10Aug2026 03:02:35.997] [main/DEBUG] [net.minecraftforge.fml.loading.moddiscovery.ModFileParser/LOADING]: Considering mod file candidate /workspaces/papuproyecto/servidor_minecraft/mods/jei-1.20.1-forge-15.20.0.112.jar
[10Aug2026 03:02:35.998] [main/DEBUG] [net.minecraftforge.fml.loading.moddiscovery.ModFileInfo/LOADING]: Found valid mod file jei-1.20.1-forge-15.20.0.112.jar with {jei} mods - versions {15.20.0.112}
[10Aug2026 03:02:35.998] [main/DEBUG] [net.minecraftforge.fml.loading.moddiscovery.ModFile/LOADING]: Loading mod file /workspaces/papuproyecto/servidor_minecraft/mods/jei-1.20.1-forge-15.20.0.112.jar with languages [LanguageSpec[languageName=javafml, acceptedVersions=[47,)]]
[10Aug2026 03:02:35.998] [main/DEBUG] [net.minecraftforge.fml.loading.moddiscovery.ModFileParser/LOADING]: Considering mod file candidate 
[10Aug2026 03:02:35.998] [main/DEBUG] [net.minecraftforge.fml.loading.moddiscovery.ModFileInfo/LOADING]: Found valid mod file xaerolib-forge-1.20.1-1.7.1.jar with {xaerolib} mods - versions {1.7.1}
[10Aug2026 03:02:35.999] [main/DEBUG] [net.minecraftforge.fml.loading.moddiscovery.ModFile/LOADING]: Loading mod file  with languages [LanguageSpec[languageName=javafml, acceptedVersions=[46,48)]]
[10Aug2026 03:02:35.999] [main/DEBUG] [net.minecraftforge.fml.loading.moddiscovery.ModFileParser/LOADING]: Considering mod file candidate 
[10Aug2026 03:02:35.999] [main/DEBUG] [net.minecraftforge.fml.loading.moddiscovery.ModFileInfo/LOADING]: Found valid mod file TRender-1.0.15-1.20.1-forge-SNAPSHOT.jar with {trender} mods - versions {1.0.15}
[10Aug2026 03:02:35.999] [main/DEBUG] [net.minecraftforge.fml.loading.moddiscovery.ModFile/LOADING]: Loading mod file  with languages [LanguageSpec[languageName=javafml, acceptedVersions=[28,)]]
[10Aug2026 03:02:35.999] [main/DEBUG] [net.minecraftforge.fml.loading.moddiscovery.ModFileParser/LOADING]: Considering mod file candidate /workspaces/papuproyecto/servidor_minecraft/mods/stalwart-dungeons-1.20.1-1.2.8.jar
[10Aug2026 03:02:36.000] [main/DEBUG] [net.minecraftforge.fml.loading.moddiscovery.ModFileInfo/LOADING]: Found valid mod file stalwart-dungeons-1.20.1-1.2.8.jar with {stalwart_dungeons} mods - versions {1.2.8}
[10Aug2026 03:02:36.000] [main/DEBUG] [net.minecraftforge.fml.loading.moddiscovery.ModFile/LOADING]: Loading mod file /workspaces/papuproyecto/servidor_minecraft/mods/stalwart-dungeons-1.20.1-1.2.8.jar with languages [LanguageSpec[languageName=javafml, acceptedVersions=[47,)]]
[10Aug2026 03:02:36.000] [main/DEBUG] [net.minecraftforge.fml.loading.moddiscovery.ModFileParser/LOADING]: Considering mod file candidate /workspaces/papuproyecto/servidor_minecraft/mods/sophisticatedcore-1.20.1-1.3.74.2216.jar
[10Aug2026 03:02:36.000] [main/DEBUG] [net.minecraftforge.fml.loading.moddiscovery.ModFileInfo/LOADING]: Found valid mod file sophisticatedcore-1.20.1-1.3.74.2216.jar with {sophisticatedcore} mods - versions {1.3.74.2216}
[10Aug2026 03:02:36.001] [main/DEBUG] [net.minecraftforge.fml.loading.moddiscovery.ModFile/LOADING]: Loading mod file /workspaces/papuproyecto/servidor_minecraft/mods/sophisticatedcore-1.20.1-1.3.74.2216.jar with languages [LanguageSpec[languageName=javafml, acceptedVersions=[47,)]]
[10Aug2026 03:02:36.001] [main/DEBUG] [net.minecraftforge.fml.loading.moddiscovery.ModFileParser/LOADING]: Considering mod file candidate /workspaces/papuproyecto/servidor_minecraft/mods/ntgl-1.20.1-3.1.2.jar
[10Aug2026 03:02:36.001] [main/DEBUG] [net.minecraftforge.fml.loading.moddiscovery.ModFileInfo/LOADING]: Found valid mod file ntgl-1.20.1-3.1.2.jar with {ntgl} mods - versions {3.1.2}
[10Aug2026 03:02:36.001] [main/DEBUG] [net.minecraftforge.fml.loading.moddiscovery.ModFile/LOADING]: Loading mod file /workspaces/papuproyecto/servidor_minecraft/mods/ntgl-1.20.1-3.1.2.jar with languages [LanguageSpec[languageName=javafml, acceptedVersions=[40,)]]
[10Aug2026 03:02:36.001] [main/DEBUG] [net.minecraftforge.fml.loading.moddiscovery.ModFileParser/LOADING]: Considering mod file candidate /workspaces/papuproyecto/servidor_minecraft/mods/sound-physics-remastered-forge-1.20.1-1.5.1.jar
[10Aug2026 03:02:36.002] [main/DEBUG] [net.minecraftforge.fml.loading.moddiscovery.ModFileInfo/LOADING]: Found valid mod file sound-physics-remastered-forge-1.20.1-1.5.1.jar with {sound_physics_remastered} mods - versions {1.20.1-1.5.1}
[10Aug2026 03:02:36.002] [main/DEBUG] [net.minecraftforge.fml.loading.moddiscovery.ModFile/LOADING]: Loading mod file /workspaces/papuproyecto/servidor_minecraft/mods/sound-physics-remastered-forge-1.20.1-1.5.1.jar with languages [LanguageSpec[languageName=javafml, acceptedVersions=*]]
[10Aug2026 03:02:36.002] [main/DEBUG] [net.minecraftforge.fml.loading.moddiscovery.ModFileParser/LOADING]: Considering mod file candidate /workspaces/papuproyecto/servidor_minecraft/mods/structureessentials-1.20.1-5.0.jar
[10Aug2026 03:02:36.003] [main/DEBUG] [net.minecraftforge.fml.loading.moddiscovery.ModFileInfo/LOADING]: Found valid mod file structureessentials-1.20.1-5.0.jar with {structureessentials} mods - versions {1.20.1-5.0}
[10Aug2026 03:02:36.003] [main/DEBUG] [net.minecraftforge.fml.loading.moddiscovery.ModFile/LOADING]: Loading mod file /workspaces/papuproyecto/servidor_minecraft/mods/structureessentials-1.20.1-5.0.jar with languages [LanguageSpec[languageName=javafml, acceptedVersions=[36,)]]
[10Aug2026 03:02:36.003] [main/DEBUG] [net.minecraftforge.fml.loading.moddiscovery.ModFileParser/LOADING]: Considering mod file candidate /workspaces/papuproyecto/servidor_minecraft/mods/waystones-forge-1.20.1-14.1.20.jar
[10Aug2026 03:02:36.003] [main/DEBUG] [net.minecraftforge.fml.loading.moddiscovery.ModFileInfo/LOADING]: Found valid mod file waystones-forge-1.20.1-14.1.20.jar with {waystones} mods - versions {14.1.20}
[10Aug2026 03:02:36.003] [main/DEBUG] [net.minecraftforge.fml.loading.moddiscovery.ModFile/LOADING]: Loading mod file /workspaces/papuproyecto/servidor_minecraft/mods/waystones-forge-1.20.1-14.1.20.jar with languages [LanguageSpec[languageName=javafml, acceptedVersions=[46,)]]
[10Aug2026 03:02:36.003] [main/DEBUG] [net.minecraftforge.fml.loading.moddiscovery.ModFileParser/LOADING]: Considering mod file candidate /workspaces/papuproyecto/servidor_minecraft/mods/Clumps-forge-1.20.1-12.0.0.4.jar
[10Aug2026 03:02:36.004] [main/DEBUG] [net.minecraftforge.fml.loading.moddiscovery.ModFileInfo/LOADING]: Found valid mod file Clumps-forge-1.20.1-12.0.0.4.jar with {clumps} mods - versions {12.0.0.4}
[10Aug2026 03:02:36.004] [main/DEBUG] [net.minecraftforge.fml.loading.moddiscovery.ModFile/LOADING]: Loading mod file /workspaces/papuproyecto/servidor_minecraft/mods/Clumps-forge-1.20.1-12.0.0.4.jar with languages [LanguageSpec[languageName=javafml, acceptedVersions=[41,)]]
[10Aug2026 03:02:36.004] [main/DEBUG] [net.minecraftforge.fml.loading.moddiscovery.ModFileParser/LOADING]: Considering mod file candidate /workspaces/papuproyecto/servidor_minecraft/mods/xaeroworldmap-forge-1.20.1-1.44.2.jar
[10Aug2026 03:02:36.004] [main/DEBUG] [net.minecraftforge.fml.loading.moddiscovery.ModFileInfo/LOADING]: Found valid mod file xaeroworldmap-forge-1.20.1-1.44.2.jar with {xaeroworldmap} mods - versions {1.44.2}
[10Aug2026 03:02:36.005] [main/DEBUG] [net.minecraftforge.fml.loading.moddiscovery.ModFile/LOADING]: Loading mod file /workspaces/papuproyecto/servidor_minecraft/mods/xaeroworldmap-forge-1.20.1-1.44.2.jar with languages [LanguageSpec[languageName=javafml, acceptedVersions=[46,48)]]
[10Aug2026 03:02:36.007] [main/DEBUG] [net.minecraftforge.fml.loading.moddiscovery.ModFileParser/LOADING]: Found coremod xaeroworldmap_core with Javascript path META-INF/xaeroworldmap_core.js
[10Aug2026 03:02:36.007] [main/DEBUG] [net.minecraftforge.fml.loading.moddiscovery.ModFile/LOADING]: Found coremod META-INF/xaeroworldmap_core.js
[10Aug2026 03:02:36.007] [main/DEBUG] [net.minecraftforge.fml.loading.moddiscovery.ModFileParser/LOADING]: Considering mod file candidate /workspaces/papuproyecto/servidor_minecraft/mods/citadel-2.6.3-1.20.1.jar
[10Aug2026 03:02:36.008] [main/DEBUG] [net.minecraftforge.fml.loading.moddiscovery.ModFileInfo/LOADING]: Found valid mod file citadel-2.6.3-1.20.1.jar with {citadel} mods - versions {2.6.3}
[10Aug2026 03:02:36.008] [main/DEBUG] [net.minecraftforge.fml.loading.moddiscovery.ModFile/LOADING]: Loading mod file /workspaces/papuproyecto/servidor_minecraft/mods/citadel-2.6.3-1.20.1.jar with languages [LanguageSpec[languageName=javafml, acceptedVersions=[47,)]]
[10Aug2026 03:02:36.008] [main/DEBUG] [net.minecraftforge.fml.loading.moddiscovery.ModFileParser/LOADING]: Considering mod file candidate /workspaces/papuproyecto/servidor_minecraft/mods/modernfix-forge-5.27.66+mc1.20.1.jar
[10Aug2026 03:02:36.008] [main/DEBUG] [net.minecraftforge.fml.loading.moddiscovery.ModFileInfo/LOADING]: Found valid mod file modernfix-forge-5.27.66+mc1.20.1.jar with {modernfix} mods - versions {5.27.66+mc1.20.1}
[10Aug2026 03:02:36.009] [main/DEBUG] [net.minecraftforge.fml.loading.moddiscovery.ModFile/LOADING]: Loading mod file /workspaces/papuproyecto/servidor_minecraft/mods/modernfix-forge-5.27.66+mc1.20.1.jar with languages [LanguageSpec[languageName=javafml, acceptedVersions=[46,)]]
[10Aug2026 03:02:36.009] [main/DEBUG] [net.minecraftforge.fml.loading.moddiscovery.ModFileParser/LOADING]: Considering mod file candidate /workspaces/papuproyecto/servidor_minecraft/mods/Placebo-1.20.1-8.6.3.jar
[10Aug2026 03:02:36.009] [main/DEBUG] [net.minecraftforge.fml.loading.moddiscovery.ModFileInfo/LOADING]: Found valid mod file Placebo-1.20.1-8.6.3.jar with {placebo} mods - versions {8.6.3}
[10Aug2026 03:02:36.009] [main/DEBUG] [net.minecraftforge.fml.loading.moddiscovery.ModFile/LOADING]: Loading mod file /workspaces/papuproyecto/servidor_minecraft/mods/Placebo-1.20.1-8.6.3.jar with languages [LanguageSpec[languageName=javafml, acceptedVersions=[32,)]]
[10Aug2026 03:02:36.010] [main/DEBUG] [net.minecraftforge.fml.loading.moddiscovery.ModFileParser/LOADING]: Found coremod placebo_get_ench_level_event with Javascript path coremods/get_ench_level_event.js
[10Aug2026 03:02:36.010] [main/DEBUG] [net.minecraftforge.fml.loading.moddiscovery.ModFileParser/LOADING]: Found coremod placebo_get_ench_level_event_specific with Javascript path coremods/get_ench_level_event_specific.js
[10Aug2026 03:02:36.010] [main/DEBUG] [net.minecraftforge.fml.loading.moddiscovery.ModFile/LOADING]: Found coremod coremods/get_ench_level_event.js
[10Aug2026 03:02:36.010] [main/DEBUG] [net.minecraftforge.fml.loading.moddiscovery.ModFile/LOADING]: Found coremod coremods/get_ench_level_event_specific.js
[10Aug2026 03:02:36.010] [main/DEBUG] [net.minecraftforge.fml.loading.moddiscovery.ModFileParser/LOADING]: Considering mod file candidate /workspaces/papuproyecto/servidor_minecraft/mods/artifacts-forge-9.5.19.jar
[10Aug2026 03:02:36.010] [main/DEBUG] [net.minecraftforge.fml.loading.moddiscovery.ModFileInfo/LOADING]: Found valid mod file artifacts-forge-9.5.19.jar with {artifacts} mods - versions {9.5.19}
[10Aug2026 03:02:36.010] [main/DEBUG] [net.minecraftforge.fml.loading.moddiscovery.ModFile/LOADING]: Loading mod file /workspaces/papuproyecto/servidor_minecraft/mods/artifacts-forge-9.5.19.jar with languages [LanguageSpec[languageName=javafml, acceptedVersions=[47,)]]
[10Aug2026 03:02:36.010] [main/DEBUG] [net.minecraftforge.fml.loading.moddiscovery.ModFileParser/LOADING]: Considering mod file candidate /workspaces/papuproyecto/servidor_minecraft/mods/NaturesCompass-1.20.1-1.12.0-forge.jar
[10Aug2026 03:02:36.011] [main/DEBUG] [net.minecraftforge.fml.loading.moddiscovery.ModFileInfo/LOADING]: Found valid mod file NaturesCompass-1.20.1-1.12.0-forge.jar with {naturescompass} mods - versions {1.20.1-1.12.0-forge}
[10Aug2026 03:02:36.011] [main/DEBUG] [net.minecraftforge.fml.loading.moddiscovery.ModFile/LOADING]: Loading mod file /workspaces/papuproyecto/servidor_minecraft/mods/NaturesCompass-1.20.1-1.12.0-forge.jar with languages [LanguageSpec[languageName=javafml, acceptedVersions=[47,)]]
[10Aug2026 03:02:36.011] [main/DEBUG] [net.minecraftforge.fml.loading.moddiscovery.ModFileParser/LOADING]: Considering mod file candidate /workspaces/papuproyecto/servidor_minecraft/mods/endergetic-1.20.1-5.0.1.jar
[10Aug2026 03:02:36.012] [main/DEBUG] [net.minecraftforge.fml.loading.moddiscovery.ModFileInfo/LOADING]: Found valid mod file endergetic-1.20.1-5.0.1.jar with {endergetic} mods - versions {5.0.1}
[10Aug2026 03:02:36.012] [main/DEBUG] [net.minecraftforge.fml.loading.moddiscovery.ModFile/LOADING]: Loading mod file /workspaces/papuproyecto/servidor_minecraft/mods/endergetic-1.20.1-5.0.1.jar with languages [LanguageSpec[languageName=javafml, acceptedVersions=[32,)]]
[10Aug2026 03:02:36.012] [main/DEBUG] [net.minecraftforge.fml.loading.moddiscovery.ModFileParser/LOADING]: Considering mod file candidate /workspaces/papuproyecto/servidor_minecraft/mods/sophisticatedbackpacks-1.20.1-3.24.62.2017.jar
[10Aug2026 03:02:36.012] [main/DEBUG] [net.minecraftforge.fml.loading.moddiscovery.ModFileInfo/LOADING]: Found valid mod file sophisticatedbackpacks-1.20.1-3.24.62.2017.jar with {sophisticatedbackpacks} mods - versions {3.24.62.2017}
[10Aug2026 03:02:36.012] [main/DEBUG] [net.minecraftforge.fml.loading.moddiscovery.ModFile/LOADING]: Loading mod file /workspaces/papuproyecto/servidor_minecraft/mods/sophisticatedbackpacks-1.20.1-3.24.62.2017.jar with languages [LanguageSpec[languageName=javafml, acceptedVersions=[47,)]]
[10Aug2026 03:02:36.013] [main/DEBUG] [net.minecraftforge.fml.loading.moddiscovery.ModFileParser/LOADING]: Considering mod file candidate /workspaces/papuproyecto/servidor_minecraft/mods/bygonenether-1.3.2-1.20.x.jar
[10Aug2026 03:02:36.013] [main/DEBUG] [net.minecraftforge.fml.loading.moddiscovery.ModFileInfo/LOADING]: Found valid mod file bygonenether-1.3.2-1.20.x.jar with {bygonenether} mods - versions {1.3.2}
[10Aug2026 03:02:36.013] [main/DEBUG] [net.minecraftforge.fml.loading.moddiscovery.ModFile/LOADING]: Loading mod file /workspaces/papuproyecto/servidor_minecraft/mods/bygonenether-1.3.2-1.20.x.jar with languages [LanguageSpec[languageName=javafml, acceptedVersions=[46,)]]
[10Aug2026 03:02:36.013] [main/DEBUG] [net.minecraftforge.fml.loading.moddiscovery.ModFileParser/LOADING]: Considering mod file candidate /workspaces/papuproyecto/servidor_minecraft/mods/iceandfire-2.1.13-1.20.1-beta-5.jar
[10Aug2026 03:02:36.014] [main/DEBUG] [net.minecraftforge.fml.loading.moddiscovery.ModFileInfo/LOADING]: Found valid mod file iceandfire-2.1.13-1.20.1-beta-5.jar with {iceandfire} mods - versions {2.1.13-1.20.1}
[10Aug2026 03:02:36.014] [main/DEBUG] [net.minecraftforge.fml.loading.moddiscovery.ModFile/LOADING]: Loading mod file /workspaces/papuproyecto/servidor_minecraft/mods/iceandfire-2.1.13-1.20.1-beta-5.jar with languages [LanguageSpec[languageName=javafml, acceptedVersions=[37.0,)]]
[10Aug2026 03:02:36.014] [main/DEBUG] [net.minecraftforge.fml.loading.moddiscovery.ModFileParser/LOADING]: Considering mod file candidate /workspaces/papuproyecto/servidor_minecraft/mods/balm-forge-1.20.1-7.3.42.jar
[10Aug2026 03:02:36.014] [main/DEBUG] [net.minecraftforge.fml.loading.moddiscovery.ModFileInfo/LOADING]: Found valid mod file balm-forge-1.20.1-7.3.42.jar with {balm} mods - versions {7.3.42}
[10Aug2026 03:02:36.014] [main/DEBUG] [net.minecraftforge.fml.loading.moddiscovery.ModFile/LOADING]: Loading mod file /workspaces/papuproyecto/servidor_minecraft/mods/balm-forge-1.20.1-7.3.42.jar with languages [LanguageSpec[languageName=javafml, acceptedVersions=[46,)]]
[10Aug2026 03:02:36.014] [main/DEBUG] [net.minecraftforge.fml.loading.moddiscovery.ModFileParser/LOADING]: Considering mod file candidate /workspaces/papuproyecto/servidor_minecraft/mods/blueprint-1.20.1-7.1.4.jar
[10Aug2026 03:02:36.015] [main/DEBUG] [net.minecraftforge.fml.loading.moddiscovery.ModFileInfo/LOADING]: Found valid mod file blueprint-1.20.1-7.1.4.jar with {blueprint} mods - versions {7.1.3}
[10Aug2026 03:02:36.015] [main/DEBUG] [net.minecraftforge.fml.loading.moddiscovery.ModFile/LOADING]: Loading mod file /workspaces/papuproyecto/servidor_minecraft/mods/blueprint-1.20.1-7.1.4.jar with languages [LanguageSpec[languageName=javafml, acceptedVersions=[32,)]]
[10Aug2026 03:02:36.015] [main/DEBUG] [net.minecraftforge.fml.loading.moddiscovery.ModFileParser/LOADING]: Considering mod file candidate /workspaces/papuproyecto/servidor_minecraft/mods/carryon-forge-1.20.1-2.1.2.7.jar
[10Aug2026 03:02:36.016] [main/DEBUG] [net.minecraftforge.fml.loading.moddiscovery.ModFileInfo/LOADING]: Found valid mod file carryon-forge-1.20.1-2.1.2.7.jar with {carryon} mods - versions {2.1.2.7}
[10Aug2026 03:02:36.016] [main/DEBUG] [net.minecraftforge.fml.loading.moddiscovery.ModFile/LOADING]: Loading mod file /workspaces/papuproyecto/servidor_minecraft/mods/carryon-forge-1.20.1-2.1.2.7.jar with languages [LanguageSpec[languageName=javafml, acceptedVersions=[46,)]]
[10Aug2026 03:02:36.016] [main/DEBUG] [net.minecraftforge.fml.loading.moddiscovery.ModFileParser/LOADING]: Considering mod file candidate 
[10Aug2026 03:02:36.016] [main/DEBUG] [net.minecraftforge.fml.loading.moddiscovery.ModFileInfo/LOADING]: Found valid mod file puzzlesaccessapi-forge-20.1.1.jar with {puzzlesaccessapi} mods - versions {20.1.1}
[10Aug2026 03:02:36.016] [main/DEBUG] [net.minecraftforge.fml.loading.moddiscovery.ModFile/LOADING]: Loading mod file  with languages [LanguageSpec[languageName=javafml, acceptedVersions=*]]
[10Aug2026 03:02:36.017] [main/DEBUG] [net.minecraftforge.fml.loading.moddiscovery.ModFileParser/LOADING]: Considering mod file candidate /workspaces/papuproyecto/servidor_minecraft/mods/cloth-config-11.1.136-forge.jar
[10Aug2026 03:02:36.017] [main/DEBUG] [net.minecraftforge.fml.loading.moddiscovery.ModFileInfo/LOADING]: Found valid mod file cloth-config-11.1.136-forge.jar with {cloth_config} mods - versions {11.1.136}
[10Aug2026 03:02:36.017] [main/DEBUG] [net.minecraftforge.fml.loading.moddiscovery.ModFile/LOADING]: Loading mod file /workspaces/papuproyecto/servidor_minecraft/mods/cloth-config-11.1.136-forge.jar with languages [LanguageSpec[languageName=javafml, acceptedVersions=[34,)]]
[10Aug2026 03:02:36.017] [main/DEBUG] [net.minecraftforge.fml.loading.moddiscovery.ModFileParser/LOADING]: Considering mod file candidate /workspaces/papuproyecto/servidor_minecraft/libraries/net/minecraftforge/forge/1.20.1-47.3.7/forge-1.20.1-47.3.7-universal.jar
[10Aug2026 03:02:36.017] [main/DEBUG] [net.minecraftforge.fml.loading.moddiscovery.ModFileInfo/LOADING]: Found valid mod file forge-1.20.1-47.3.7-universal.jar with {forge} mods - versions {47.3.7}
[10Aug2026 03:02:36.018] [main/DEBUG] [net.minecraftforge.fml.loading.moddiscovery.ModFile/LOADING]: Loading mod file /workspaces/papuproyecto/servidor_minecraft/libraries/net/minecraftforge/forge/1.20.1-47.3.7/forge-1.20.1-47.3.7-universal.jar with languages [LanguageSpec[languageName=javafml, acceptedVersions=[24,]]]
[10Aug2026 03:02:36.018] [main/DEBUG] [net.minecraftforge.fml.loading.moddiscovery.ModFileParser/LOADING]: Found coremod field_to_method with Javascript path coremods/field_to_method.js
[10Aug2026 03:02:36.018] [main/DEBUG] [net.minecraftforge.fml.loading.moddiscovery.ModFileParser/LOADING]: Found coremod field_to_instanceof with Javascript path coremods/field_to_instanceof.js
[10Aug2026 03:02:36.018] [main/DEBUG] [net.minecraftforge.fml.loading.moddiscovery.ModFileParser/LOADING]: Found coremod add_bouncer_method with Javascript path coremods/add_bouncer_method.js
[10Aug2026 03:02:36.018] [main/DEBUG] [net.minecraftforge.fml.loading.moddiscovery.ModFileParser/LOADING]: Found coremod method_redirector with Javascript path coremods/method_redirector.js
[10Aug2026 03:02:36.018] [main/DEBUG] [net.minecraftforge.fml.loading.moddiscovery.ModFile/LOADING]: Found coremod coremods/field_to_method.js
[10Aug2026 03:02:36.018] [main/DEBUG] [net.minecraftforge.fml.loading.moddiscovery.ModFile/LOADING]: Found coremod coremods/field_to_instanceof.js
[10Aug2026 03:02:36.018] [main/DEBUG] [net.minecraftforge.fml.loading.moddiscovery.ModFile/LOADING]: Found coremod coremods/add_bouncer_method.js
[10Aug2026 03:02:36.019] [main/DEBUG] [net.minecraftforge.fml.loading.moddiscovery.ModFile/LOADING]: Found coremod coremods/method_redirector.js
[10Aug2026 03:02:36.019] [main/DEBUG] [net.minecraftforge.fml.loading.moddiscovery.ModFileParser/LOADING]: Considering mod file candidate /workspaces/papuproyecto/servidor_minecraft/mods/supplementaries-1.20-2.8.17.jar
[10Aug2026 03:02:36.019] [main/DEBUG] [net.minecraftforge.fml.loading.moddiscovery.ModFileInfo/LOADING]: Found valid mod file supplementaries-1.20-2.8.17.jar with {supplementaries} mods - versions {1.20-2.8.17}
[10Aug2026 03:02:36.019] [main/DEBUG] [net.minecraftforge.fml.loading.moddiscovery.ModFile/LOADING]: Loading mod file /workspaces/papuproyecto/servidor_minecraft/mods/supplementaries-1.20-2.8.17.jar with languages [LanguageSpec[languageName=javafml, acceptedVersions=[40,)]]
[10Aug2026 03:02:36.019] [main/DEBUG] [net.minecraftforge.fml.loading.moddiscovery.ModFileParser/LOADING]: Considering mod file candidate /workspaces/papuproyecto/servidor_minecraft/mods/ironchest-1.20.1-14.4.4.jar
[10Aug2026 03:02:36.020] [main/DEBUG] [net.minecraftforge.fml.loading.moddiscovery.ModFileInfo/LOADING]: Found valid mod file ironchest-1.20.1-14.4.4.jar with {ironchest} mods - versions {1.20.1-14.4.4}
[10Aug2026 03:02:36.020] [main/DEBUG] [net.minecraftforge.fml.loading.moddiscovery.ModFile/LOADING]: Loading mod file /workspaces/papuproyecto/servidor_minecraft/mods/ironchest-1.20.1-14.4.4.jar with languages [LanguageSpec[languageName=javafml, acceptedVersions=[47,)]]
[10Aug2026 03:02:36.020] [main/DEBUG] [net.minecraftforge.fml.loading.moddiscovery.ModFileInfo/LOADING]: Found valid mod file server-1.20.1-20230612.114412-srg.jar with {minecraft} mods - versions {1.20.1}
[10Aug2026 03:02:36.020] [main/DEBUG] [net.minecraftforge.fml.loading.moddiscovery.ModFile/LOADING]: Loading mod file /workspaces/papuproyecto/servidor_minecraft/libraries/net/minecraft/server/1.20.1-20230612.114412/server-1.20.1-20230612.114412-srg.jar with languages [LanguageSpec[languageName=minecraft, acceptedVersions=1]]
[10Aug2026 03:02:36.021] [main/DEBUG] [net.minecraftforge.fml.loading.moddiscovery.ModFileParser/LOADING]: Considering mod file candidate /workspaces/papuproyecto/servidor_minecraft/mods/alexscaves-2.0.2.jar
[10Aug2026 03:02:36.021] [main/DEBUG] [net.minecraftforge.fml.loading.moddiscovery.ModFileInfo/LOADING]: Found valid mod file alexscaves-2.0.2.jar with {alexscaves} mods - versions {2.0.2}
[10Aug2026 03:02:36.021] [main/DEBUG] [net.minecraftforge.fml.loading.moddiscovery.ModFile/LOADING]: Loading mod file /workspaces/papuproyecto/servidor_minecraft/mods/alexscaves-2.0.2.jar with languages [LanguageSpec[languageName=javafml, acceptedVersions=[46,)]]
[10Aug2026 03:02:36.021] [main/DEBUG] [net.minecraftforge.fml.loading.moddiscovery.ModFileParser/LOADING]: Considering mod file candidate /workspaces/papuproyecto/servidor_minecraft/mods/LittleFrames_FORGE_v1.4.3_mc1.20.1.jar
[10Aug2026 03:02:36.022] [main/DEBUG] [net.minecraftforge.fml.loading.moddiscovery.ModFileInfo/LOADING]: Found valid mod file LittleFrames_FORGE_v1.4.3_mc1.20.1.jar with {littleframes} mods - versions {1.4.3}
[10Aug2026 03:02:36.022] [main/DEBUG] [net.minecraftforge.fml.loading.moddiscovery.ModFile/LOADING]: Loading mod file /workspaces/papuproyecto/servidor_minecraft/mods/LittleFrames_FORGE_v1.4.3_mc1.20.1.jar with languages [LanguageSpec[languageName=javafml, acceptedVersions=[46,)]]
[10Aug2026 03:02:36.022] [main/DEBUG] [net.minecraftforge.fml.loading.moddiscovery.ModFileParser/LOADING]: Considering mod file candidate /workspaces/papuproyecto/servidor_minecraft/mods/moonlight-1.20-2.16.34-forge.jar
[10Aug2026 03:02:36.022] [main/DEBUG] [net.minecraftforge.fml.loading.moddiscovery.ModFileInfo/LOADING]: Found valid mod file moonlight-1.20-2.16.34-forge.jar with {moonlight} mods - versions {1.20-2.16.34}
[10Aug2026 03:02:36.022] [main/DEBUG] [net.minecraftforge.fml.loading.moddiscovery.ModFile/LOADING]: Loading mod file /workspaces/papuproyecto/servidor_minecraft/mods/moonlight-1.20-2.16.34-forge.jar with languages [LanguageSpec[languageName=javafml, acceptedVersions=[40,)]]
[10Aug2026 03:02:36.022] [main/DEBUG] [net.minecraftforge.fml.loading.moddiscovery.ModFileParser/LOADING]: Considering mod file candidate /workspaces/papuproyecto/servidor_minecraft/mods/TerraBlender-forge-1.20.1-3.0.1.10.jar
[10Aug2026 03:02:36.023] [main/DEBUG] [net.minecraftforge.fml.loading.moddiscovery.ModFileInfo/LOADING]: Found valid mod file TerraBlender-forge-1.20.1-3.0.1.10.jar with {terrablender} mods - versions {3.0.1.10}
[10Aug2026 03:02:36.023] [main/DEBUG] [net.minecraftforge.fml.loading.moddiscovery.ModFile/LOADING]: Loading mod file /workspaces/papuproyecto/servidor_minecraft/mods/TerraBlender-forge-1.20.1-3.0.1.10.jar with languages [LanguageSpec[languageName=javafml, acceptedVersions=[47,)]]
[10Aug2026 03:02:36.023] [main/DEBUG] [net.minecraftforge.fml.loading.moddiscovery.ModFileParser/LOADING]: Considering mod file candidate /workspaces/papuproyecto/servidor_minecraft/mods/BiomesOPlenty-1.20.1-18.0.0.592.jar
[10Aug2026 03:02:36.023] [main/DEBUG] [net.minecraftforge.fml.loading.moddiscovery.ModFileInfo/LOADING]: Found valid mod file BiomesOPlenty-1.20.1-18.0.0.592.jar with {biomesoplenty} mods - versions {18.0.0.592}
[10Aug2026 03:02:36.023] [main/DEBUG] [net.minecraftforge.fml.loading.moddiscovery.ModFile/LOADING]: Loading mod file /workspaces/papuproyecto/servidor_minecraft/mods/BiomesOPlenty-1.20.1-18.0.0.592.jar with languages [LanguageSpec[languageName=javafml, acceptedVersions=[45,)]]
[10Aug2026 03:02:36.024] [main/DEBUG] [net.minecraftforge.fml.loading.moddiscovery.ModFileParser/LOADING]: Considering mod file candidate /workspaces/papuproyecto/servidor_minecraft/mods/endrem_forge-5.3.3-R-1.20.1.jar
[10Aug2026 03:02:36.024] [main/DEBUG] [net.minecraftforge.fml.loading.moddiscovery.ModFileInfo/LOADING]: Found valid mod file endrem_forge-5.3.3-R-1.20.1.jar with {endrem} mods - versions {5.3.3-R-1.20.1}
[10Aug2026 03:02:36.024] [main/DEBUG] [net.minecraftforge.fml.loading.moddiscovery.ModFile/LOADING]: Loading mod file /workspaces/papuproyecto/servidor_minecraft/mods/endrem_forge-5.3.3-R-1.20.1.jar with languages [LanguageSpec[languageName=javafml, acceptedVersions=[46,)]]
[10Aug2026 03:02:36.024] [main/DEBUG] [net.minecraftforge.fml.loading.moddiscovery.ModFileParser/LOADING]: Considering mod file candidate /workspaces/papuproyecto/servidor_minecraft/mods/Jade-1.20.1-Forge-11.13.3.jar
[10Aug2026 03:02:36.025] [main/DEBUG] [net.minecraftforge.fml.loading.moddiscovery.ModFileInfo/LOADING]: Found valid mod file Jade-1.20.1-Forge-11.13.3.jar with {jade} mods - versions {11.13.3+forge}
[10Aug2026 03:02:36.025] [main/DEBUG] [net.minecraftforge.fml.loading.moddiscovery.ModFile/LOADING]: Loading mod file /workspaces/papuproyecto/servidor_minecraft/mods/Jade-1.20.1-Forge-11.13.3.jar with languages [LanguageSpec[languageName=javafml, acceptedVersions=[46,)]]
[10Aug2026 03:02:36.025] [main/DEBUG] [net.minecraftforge.fml.loading.moddiscovery.ModFileParser/LOADING]: Considering mod file candidate /workspaces/papuproyecto/servidor_minecraft/mods/Chunky-1.3.146.jar
[10Aug2026 03:02:36.025] [main/DEBUG] [net.minecraftforge.fml.loading.moddiscovery.ModFileInfo/LOADING]: Found valid mod file Chunky-1.3.146.jar with {chunky} mods - versions {1.3.146}
[10Aug2026 03:02:36.025] [main/DEBUG] [net.minecraftforge.fml.loading.moddiscovery.ModFile/LOADING]: Loading mod file /workspaces/papuproyecto/servidor_minecraft/mods/Chunky-1.3.146.jar with languages [LanguageSpec[languageName=javafml, acceptedVersions=[38,)]]
[10Aug2026 03:02:36.026] [main/DEBUG] [net.minecraftforge.fml.loading.moddiscovery.ModFileParser/LOADING]: Considering mod file candidate /workspaces/papuproyecto/servidor_minecraft/mods/CreativeCore_FORGE_v2.12.39_mc1.20.1.jar
[10Aug2026 03:02:36.026] [main/DEBUG] [net.minecraftforge.fml.loading.moddiscovery.ModFileInfo/LOADING]: Found valid mod file CreativeCore_FORGE_v2.12.39_mc1.20.1.jar with {creativecore} mods - versions {2.12.39}
[10Aug2026 03:02:36.026] [main/DEBUG] [net.minecraftforge.fml.loading.moddiscovery.ModFile/LOADING]: Loading mod file /workspaces/papuproyecto/servidor_minecraft/mods/CreativeCore_FORGE_v2.12.39_mc1.20.1.jar with languages [LanguageSpec[languageName=javafml, acceptedVersions=[46,)]]
[10Aug2026 03:02:36.026] [main/DEBUG] [net.minecraftforge.fml.loading.moddiscovery.ModFileParser/LOADING]: Considering mod file candidate 
[10Aug2026 03:02:36.027] [main/DEBUG] [net.minecraftforge.fml.loading.moddiscovery.ModFileInfo/LOADING]: Found valid mod file spectrelib-forge-0.13.17+1.20.1.jar with {spectrelib} mods - versions {0.13.17+1.20.1}
[10Aug2026 03:02:36.027] [main/DEBUG] [net.minecraftforge.fml.loading.moddiscovery.ModFile/LOADING]: Loading mod file  with languages [LanguageSpec[languageName=javafml, acceptedVersions=[41,)]]
[10Aug2026 03:02:36.027] [main/DEBUG] [net.minecraftforge.fml.loading.moddiscovery.ModFileParser/LOADING]: Considering mod file candidate /workspaces/papuproyecto/servidor_minecraft/mods/supermartijn642corelib-1.1.22-forge-mc1.20.1.jar
[10Aug2026 03:02:36.028] [main/DEBUG] [net.minecraftforge.fml.loading.moddiscovery.ModFileInfo/LOADING]: Found valid mod file supermartijn642corelib-1.1.22-forge-mc1.20.1.jar with {supermartijn642corelib} mods - versions {1.1.22}
[10Aug2026 03:02:36.028] [main/DEBUG] [net.minecraftforge.fml.loading.moddiscovery.ModFile/LOADING]: Loading mod file /workspaces/papuproyecto/servidor_minecraft/mods/supermartijn642corelib-1.1.22-forge-mc1.20.1.jar with languages [LanguageSpec[languageName=javafml, acceptedVersions=[46,)]]
[10Aug2026 03:02:36.028] [main/DEBUG] [net.minecraftforge.fml.loading.moddiscovery.ModFileParser/LOADING]: Considering mod file candidate /workspaces/papuproyecto/servidor_minecraft/mods/lionfishapi-3.0.jar
[10Aug2026 03:02:36.028] [main/DEBUG] [net.minecraftforge.fml.loading.moddiscovery.ModFileInfo/LOADING]: Found valid mod file lionfishapi-3.0.jar with {lionfishapi} mods - versions {3.0}
[10Aug2026 03:02:36.028] [main/DEBUG] [net.minecraftforge.fml.loading.moddiscovery.ModFile/LOADING]: Loading mod file /workspaces/papuproyecto/servidor_minecraft/mods/lionfishapi-3.0.jar with languages [LanguageSpec[languageName=javafml, acceptedVersions=[47,)]]
[10Aug2026 03:02:36.028] [main/DEBUG] [net.minecraftforge.fml.loading.moddiscovery.ModFileParser/LOADING]: Considering mod file candidate 
[10Aug2026 03:02:36.029] [main/DEBUG] [net.minecraftforge.fml.loading.moddiscovery.ModFileInfo/LOADING]: Found valid mod file kffmod-4.12.0.jar with {kotlinforforge} mods - versions {4.12.0}
[10Aug2026 03:02:36.029] [main/DEBUG] [net.minecraftforge.fml.loading.moddiscovery.ModFile/LOADING]: Loading mod file  with languages [LanguageSpec[languageName=kotlinforforge, acceptedVersions=[4,)]]
[10Aug2026 03:02:36.029] [main/DEBUG] [net.minecraftforge.fml.loading.moddiscovery.ModFileParser/LOADING]: Considering mod file candidate /workspaces/papuproyecto/servidor_minecraft/mods/curios-forge-5.14.1+1.20.1.jar
[10Aug2026 03:02:36.030] [main/DEBUG] [net.minecraftforge.fml.loading.moddiscovery.ModFileInfo/LOADING]: Found valid mod file curios-forge-5.14.1+1.20.1.jar with {curios} mods - versions {5.14.1+1.20.1}
[10Aug2026 03:02:36.030] [main/DEBUG] [net.minecraftforge.fml.loading.moddiscovery.ModFile/LOADING]: Loading mod file /workspaces/papuproyecto/servidor_minecraft/mods/curios-forge-5.14.1+1.20.1.jar with languages [LanguageSpec[languageName=javafml, acceptedVersions=[41,)]]
[10Aug2026 03:02:36.030] [main/DEBUG] [net.minecraftforge.fml.loading.moddiscovery.ModFileParser/LOADING]: Considering mod file candidate /workspaces/papuproyecto/servidor_minecraft/mods/L_Enders_Cataclysm-3.31.jar
[10Aug2026 03:02:36.031] [main/DEBUG] [net.minecraftforge.fml.loading.moddiscovery.ModFileInfo/LOADING]: Found valid mod file L_Enders_Cataclysm-3.31.jar with {cataclysm} mods - versions {3.31}
[10Aug2026 03:02:36.031] [main/DEBUG] [net.minecraftforge.fml.loading.moddiscovery.ModFile/LOADING]: Loading mod file /workspaces/papuproyecto/servidor_minecraft/mods/L_Enders_Cataclysm-3.31.jar with languages [LanguageSpec[languageName=javafml, acceptedVersions=[47,)]]
[10Aug2026 03:02:36.031] [main/DEBUG] [net.minecraftforge.fml.loading.moddiscovery.ModFileParser/LOADING]: Considering mod file candidate /workspaces/papuproyecto/servidor_minecraft/mods/Patchouli-1.20.1-85-FORGE.jar
[10Aug2026 03:02:36.031] [main/DEBUG] [net.minecraftforge.fml.loading.moddiscovery.ModFileInfo/LOADING]: Found valid mod file Patchouli-1.20.1-85-FORGE.jar with {patchouli} mods - versions {1.20.1-85-FORGE}
[10Aug2026 03:02:36.031] [main/DEBUG] [net.minecraftforge.fml.loading.moddiscovery.ModFile/LOADING]: Loading mod file /workspaces/papuproyecto/servidor_minecraft/mods/Patchouli-1.20.1-85-FORGE.jar with languages [LanguageSpec[languageName=javafml, acceptedVersions=[47,)]]
[10Aug2026 03:02:36.031] [main/DEBUG] [net.minecraftforge.fml.loading.moddiscovery.ModFileParser/LOADING]: Considering mod file candidate /workspaces/papuproyecto/servidor_minecraft/mods/xaerominimap-forge-1.20.1-26.4.2.jar
[10Aug2026 03:02:36.032] [main/DEBUG] [net.minecraftforge.fml.loading.moddiscovery.ModFileInfo/LOADING]: Found valid mod file xaerominimap-forge-1.20.1-26.4.2.jar with {xaerominimap} mods - versions {26.4.2}
[10Aug2026 03:02:36.032] [main/DEBUG] [net.minecraftforge.fml.loading.moddiscovery.ModFile/LOADING]: Loading mod file /workspaces/papuproyecto/servidor_minecraft/mods/xaerominimap-forge-1.20.1-26.4.2.jar with languages [LanguageSpec[languageName=javafml, acceptedVersions=[46,48)]]
[10Aug2026 03:02:36.033] [main/DEBUG] [net.minecraftforge.fml.loading.moddiscovery.ModFileParser/LOADING]: Found coremod xaerohud_core with Javascript path META-INF/xaerohud_core.js
[10Aug2026 03:02:36.033] [main/DEBUG] [net.minecraftforge.fml.loading.moddiscovery.ModFile/LOADING]: Found coremod META-INF/xaerohud_core.js
[10Aug2026 03:02:36.033] [main/DEBUG] [net.minecraftforge.fml.loading.moddiscovery.ModFileParser/LOADING]: Considering mod file candidate /workspaces/papuproyecto/servidor_minecraft/mods/betterbiomeblend-forge-1.20.1-1.4.0.jar
[10Aug2026 03:02:36.033] [main/DEBUG] [net.minecraftforge.fml.loading.moddiscovery.ModFileInfo/LOADING]: Found valid mod file betterbiomeblend-forge-1.20.1-1.4.0.jar with {betterbiomeblend} mods - versions {1.4.0}
[10Aug2026 03:02:36.033] [main/DEBUG] [net.minecraftforge.fml.loading.moddiscovery.ModFile/LOADING]: Loading mod file /workspaces/papuproyecto/servidor_minecraft/mods/betterbiomeblend-forge-1.20.1-1.4.0.jar with languages [LanguageSpec[languageName=javafml, acceptedVersions=[41,)]]
[10Aug2026 03:02:36.033] [main/DEBUG] [net.minecraftforge.fml.loading.moddiscovery.ModFileParser/LOADING]: Considering mod file candidate /workspaces/papuproyecto/servidor_minecraft/mods/[1.20.1] SecurityCraft v1.9.8.jar
[10Aug2026 03:02:36.034] [main/DEBUG] [net.minecraftforge.fml.loading.moddiscovery.ModFileInfo/LOADING]: Found valid mod file [1.20.1] SecurityCraft v1.9.8.jar with {securitycraft} mods - versions {1.9.8}
[10Aug2026 03:02:36.034] [main/DEBUG] [net.minecraftforge.fml.loading.moddiscovery.ModFile/LOADING]: Loading mod file /workspaces/papuproyecto/servidor_minecraft/mods/[1.20.1] SecurityCraft v1.9.8.jar with languages [LanguageSpec[languageName=javafml, acceptedVersions=[46,)]]
[10Aug2026 03:02:36.034] [main/DEBUG] [net.minecraftforge.fml.loading.moddiscovery.ModFileParser/LOADING]: Considering mod file candidate /workspaces/papuproyecto/servidor_minecraft/mods/polymorph-forge-0.49.10+1.20.1.jar
[10Aug2026 03:02:36.034] [main/DEBUG] [net.minecraftforge.fml.loading.moddiscovery.ModFileInfo/LOADING]: Found valid mod file polymorph-forge-0.49.10+1.20.1.jar with {polymorph} mods - versions {0.49.10+1.20.1}
[10Aug2026 03:02:36.034] [main/DEBUG] [net.minecraftforge.fml.loading.moddiscovery.ModFile/LOADING]: Loading mod file /workspaces/papuproyecto/servidor_minecraft/mods/polymorph-forge-0.49.10+1.20.1.jar with languages [LanguageSpec[languageName=javafml, acceptedVersions=[41,)]]
[10Aug2026 03:02:36.035] [main/DEBUG] [net.minecraftforge.fml.loading.moddiscovery.ModFileParser/LOADING]: Considering mod file candidate /workspaces/papuproyecto/servidor_minecraft/mods/dungeons-and-taverns-3.0.3.f[Forge].jar
[10Aug2026 03:02:36.035] [main/DEBUG] [net.minecraftforge.fml.loading.moddiscovery.ModFileInfo/LOADING]: Found valid mod file dungeons-and-taverns-3.0.3.f[Forge].jar with {mr_dungeons_andtaverns} mods - versions {3.0.3.f}
[10Aug2026 03:02:36.035] [main/DEBUG] [net.minecraftforge.fml.loading.moddiscovery.ModFile/LOADING]: Loading mod file /workspaces/papuproyecto/servidor_minecraft/mods/dungeons-and-taverns-3.0.3.f[Forge].jar with languages [LanguageSpec[languageName=lowcodefml, acceptedVersions=[40,)]]
[10Aug2026 03:02:36.035] [main/DEBUG] [net.minecraftforge.fml.loading.moddiscovery.ModFileParser/LOADING]: Considering mod file candidate /workspaces/papuproyecto/servidor_minecraft/mods/entityculling-forge-1.10.5-mc1.20.1.jar
[10Aug2026 03:02:36.036] [main/DEBUG] [net.minecraftforge.fml.loading.moddiscovery.ModFileInfo/LOADING]: Found valid mod file entityculling-forge-1.10.5-mc1.20.1.jar with {entityculling} mods - versions {1.10.5}
[10Aug2026 03:02:36.036] [main/DEBUG] [net.minecraftforge.fml.loading.moddiscovery.ModFile/LOADING]: Loading mod file /workspaces/papuproyecto/servidor_minecraft/mods/entityculling-forge-1.10.5-mc1.20.1.jar with languages [LanguageSpec[languageName=javafml, acceptedVersions=[28,)]]
[10Aug2026 03:02:36.036] [main/DEBUG] [net.minecraftforge.fml.loading.moddiscovery.ModFileParser/LOADING]: Considering mod file candidate /workspaces/papuproyecto/servidor_minecraft/mods/tombstone-1.20.1-9.0.9.jar
[10Aug2026 03:02:36.036] [main/DEBUG] [net.minecraftforge.fml.loading.moddiscovery.ModFileInfo/LOADING]: Found valid mod file tombstone-1.20.1-9.0.9.jar with {tombstone} mods - versions {9.0.9}
[10Aug2026 03:02:36.036] [main/DEBUG] [net.minecraftforge.fml.loading.moddiscovery.ModFile/LOADING]: Loading mod file /workspaces/papuproyecto/servidor_minecraft/mods/tombstone-1.20.1-9.0.9.jar with languages [LanguageSpec[languageName=javafml, acceptedVersions=[46,)]]
[10Aug2026 03:02:36.036] [main/DEBUG] [net.minecraftforge.fml.loading.moddiscovery.ModFileParser/LOADING]: Considering mod file candidate /workspaces/papuproyecto/servidor_minecraft/mods/coroutil-forge-1.20.1-1.3.7.jar
[10Aug2026 03:02:36.037] [main/DEBUG] [net.minecraftforge.fml.loading.moddiscovery.ModFileInfo/LOADING]: Found valid mod file coroutil-forge-1.20.1-1.3.7.jar with {coroutil} mods - versions {1.20.1-1.3.7}
[10Aug2026 03:02:36.037] [main/DEBUG] [net.minecraftforge.fml.loading.moddiscovery.ModFile/LOADING]: Loading mod file /workspaces/papuproyecto/servidor_minecraft/mods/coroutil-forge-1.20.1-1.3.7.jar with languages [LanguageSpec[languageName=javafml, acceptedVersions=[47,)]]
[10Aug2026 03:02:36.037] [main/DEBUG] [net.minecraftforge.fml.loading.moddiscovery.ModFileParser/LOADING]: Considering mod file candidate /workspaces/papuproyecto/servidor_minecraft/mods/ImmediatelyFast-Forge-1.5.5+1.20.4.jar
[10Aug2026 03:02:36.037] [main/DEBUG] [net.minecraftforge.fml.loading.moddiscovery.ModFileInfo/LOADING]: Found valid mod file ImmediatelyFast-Forge-1.5.5+1.20.4.jar with {immediatelyfast} mods - versions {1.5.5+1.20.4}
[10Aug2026 03:02:36.038] [main/DEBUG] [net.minecraftforge.fml.loading.moddiscovery.ModFile/LOADING]: Loading mod file /workspaces/papuproyecto/servidor_minecraft/mods/ImmediatelyFast-Forge-1.5.5+1.20.4.jar with languages [LanguageSpec[languageName=javafml, acceptedVersions=[46,)]]
[10Aug2026 03:02:36.038] [main/DEBUG] [net.minecraftforge.fml.loading.moddiscovery.ModFileParser/LOADING]: Considering mod file candidate /workspaces/papuproyecto/servidor_minecraft/mods/FastFurnace-1.20.1-8.0.2.jar
[10Aug2026 03:02:36.038] [main/DEBUG] [net.minecraftforge.fml.loading.moddiscovery.ModFileInfo/LOADING]: Found valid mod file FastFurnace-1.20.1-8.0.2.jar with {fastfurnace} mods - versions {8.0.2}
[10Aug2026 03:02:36.038] [main/DEBUG] [net.minecraftforge.fml.loading.moddiscovery.ModFile/LOADING]: Loading mod file /workspaces/papuproyecto/servidor_minecraft/mods/FastFurnace-1.20.1-8.0.2.jar with languages [LanguageSpec[languageName=javafml, acceptedVersions=[32,)]]
[10Aug2026 03:02:36.038] [main/DEBUG] [net.minecraftforge.fml.loading.moddiscovery.ModFileParser/LOADING]: Considering mod file candidate /workspaces/papuproyecto/servidor_minecraft/mods/architectury-9.2.14-forge.jar
[10Aug2026 03:02:36.039] [main/DEBUG] [net.minecraftforge.fml.loading.moddiscovery.ModFileInfo/LOADING]: Found valid mod file architectury-9.2.14-forge.jar with {architectury} mods - versions {9.2.14}
[10Aug2026 03:02:36.039] [main/DEBUG] [net.minecraftforge.fml.loading.moddiscovery.ModFile/LOADING]: Loading mod file /workspaces/papuproyecto/servidor_minecraft/mods/architectury-9.2.14-forge.jar with languages [LanguageSpec[languageName=javafml, acceptedVersions=[46,)]]
[10Aug2026 03:02:36.039] [main/DEBUG] [net.minecraftforge.fml.loading.moddiscovery.ModFileParser/LOADING]: Considering mod file candidate /workspaces/papuproyecto/servidor_minecraft/mods/ferritecore-6.0.1-forge.jar
[10Aug2026 03:02:36.039] [main/DEBUG] [net.minecraftforge.fml.loading.moddiscovery.ModFileInfo/LOADING]: Found valid mod file ferritecore-6.0.1-forge.jar with {ferritecore} mods - versions {6.0.1}
[10Aug2026 03:02:36.040] [main/DEBUG] [net.minecraftforge.fml.loading.moddiscovery.ModFile/LOADING]: Loading mod file /workspaces/papuproyecto/servidor_minecraft/mods/ferritecore-6.0.1-forge.jar with languages [LanguageSpec[languageName=javafml, acceptedVersions=[28,)]]
[10Aug2026 03:02:36.040] [main/DEBUG] [net.minecraftforge.fml.loading.moddiscovery.ModFileParser/LOADING]: Considering mod file candidate /workspaces/papuproyecto/servidor_minecraft/mods/cupboard-1.20.1-3.9.jar
[10Aug2026 03:02:36.040] [main/DEBUG] [net.minecraftforge.fml.loading.moddiscovery.ModFileInfo/LOADING]: Found valid mod file cupboard-1.20.1-3.9.jar with {cupboard} mods - versions {1.20.1-3.9}
[10Aug2026 03:02:36.040] [main/DEBUG] [net.minecraftforge.fml.loading.moddiscovery.ModFile/LOADING]: Loading mod file /workspaces/papuproyecto/servidor_minecraft/mods/cupboard-1.20.1-3.9.jar with languages [LanguageSpec[languageName=javafml, acceptedVersions=[36,)]]
[10Aug2026 03:02:36.040] [main/DEBUG] [net.minecraftforge.fml.loading.moddiscovery.ModFileParser/LOADING]: Considering mod file candidate 
[10Aug2026 03:02:36.041] [main/DEBUG] [net.minecraftforge.fml.loading.moddiscovery.ModFileInfo/LOADING]: Found valid mod file TRansition-1.0.21-1.20.1-forge-SNAPSHOT.jar with {transition} mods - versions {1.0.21}
[10Aug2026 03:02:36.041] [main/DEBUG] [net.minecraftforge.fml.loading.moddiscovery.ModFile/LOADING]: Loading mod file  with languages [LanguageSpec[languageName=javafml, acceptedVersions=[28,)]]
[10Aug2026 03:02:36.041] [main/DEBUG] [net.minecraftforge.fml.loading.moddiscovery.ModFileParser/LOADING]: Considering mod file candidate /workspaces/papuproyecto/servidor_minecraft/mods/refurbished_furniture-forge-1.20.1-1.0.20.jar
[10Aug2026 03:02:36.041] [main/DEBUG] [net.minecraftforge.fml.loading.moddiscovery.ModFileInfo/LOADING]: Found valid mod file refurbished_furniture-forge-1.20.1-1.0.20.jar with {refurbished_furniture} mods - versions {1.0.20}
[10Aug2026 03:02:36.042] [main/DEBUG] [net.minecraftforge.fml.loading.moddiscovery.ModFile/LOADING]: Loading mod file /workspaces/papuproyecto/servidor_minecraft/mods/refurbished_furniture-forge-1.20.1-1.0.20.jar with languages [LanguageSpec[languageName=javafml, acceptedVersions=[39,)]]
[10Aug2026 03:02:36.042] [main/DEBUG] [net.minecraftforge.fml.loading.moddiscovery.ModFileParser/LOADING]: Considering mod file candidate /workspaces/papuproyecto/servidor_minecraft/mods/PuzzlesLib-v8.1.33-1.20.1-Forge.jar
[10Aug2026 03:02:36.042] [main/DEBUG] [net.minecraftforge.fml.loading.moddiscovery.ModFileInfo/LOADING]: Found valid mod file PuzzlesLib-v8.1.33-1.20.1-Forge.jar with {puzzleslib} mods - versions {8.1.33}
[10Aug2026 03:02:36.042] [main/DEBUG] [net.minecraftforge.fml.loading.moddiscovery.ModFile/LOADING]: Loading mod file /workspaces/papuproyecto/servidor_minecraft/mods/PuzzlesLib-v8.1.33-1.20.1-Forge.jar with languages [LanguageSpec[languageName=javafml, acceptedVersions=[47,)]]
[10Aug2026 03:02:36.042] [main/DEBUG] [net.minecraftforge.fml.loading.moddiscovery.ModFileParser/LOADING]: Considering mod file candidate /workspaces/papuproyecto/servidor_minecraft/mods/quantified api-omni-2.2.0.jar
[10Aug2026 03:02:36.043] [main/DEBUG] [net.minecraftforge.fml.loading.moddiscovery.ModFileInfo/LOADING]: Found valid mod file quantified api-omni-2.2.0.jar with {quantified} mods - versions {2.2.0}
[10Aug2026 03:02:36.043] [main/DEBUG] [net.minecraftforge.fml.loading.moddiscovery.ModFile/LOADING]: Loading mod file /workspaces/papuproyecto/servidor_minecraft/mods/quantified api-omni-2.2.0.jar with languages [LanguageSpec[languageName=javafml, acceptedVersions=[47,)]]
[10Aug2026 03:02:36.043] [main/DEBUG] [net.minecraftforge.fml.loading.moddiscovery.ModFileParser/LOADING]: Considering mod file candidate /workspaces/papuproyecto/servidor_minecraft/mods/framework-forge-1.20.1-0.8.0.jar
[10Aug2026 03:02:36.043] [main/DEBUG] [net.minecraftforge.fml.loading.moddiscovery.ModFileInfo/LOADING]: Found valid mod file framework-forge-1.20.1-0.8.0.jar with {framework} mods - versions {0.8.0}
[10Aug2026 03:02:36.043] [main/DEBUG] [net.minecraftforge.fml.loading.moddiscovery.ModFile/LOADING]: Loading mod file /workspaces/papuproyecto/servidor_minecraft/mods/framework-forge-1.20.1-0.8.0.jar with languages [LanguageSpec[languageName=javafml, acceptedVersions=[39,)]]
[10Aug2026 03:02:36.044] [main/DEBUG] [net.minecraftforge.fml.loading.moddiscovery.ModFileParser/LOADING]: Considering mod file candidate 
[10Aug2026 03:02:36.044] [main/DEBUG] [net.minecraftforge.fml.loading.moddiscovery.ModFileInfo/LOADING]: Found valid mod file expandability-forge-9.0.4.jar with {expandability} mods - versions {9.0.4}
[10Aug2026 03:02:36.044] [main/DEBUG] [net.minecraftforge.fml.loading.moddiscovery.ModFile/LOADING]: Loading mod file  with languages [LanguageSpec[languageName=javafml, acceptedVersions=[46,)]]
[10Aug2026 03:02:36.044] [main/DEBUG] [net.minecraftforge.fml.loading.moddiscovery.ModFile/LOADING]: Loading mod file  with languages []
[10Aug2026 03:02:36.044] [main/DEBUG] [net.minecraftforge.fml.loading.moddiscovery.ModFile/LOADING]: Loading mod file  with languages []
[10Aug2026 03:02:36.044] [main/DEBUG] [net.minecraftforge.fml.loading.moddiscovery.ModFileParser/LOADING]: Considering mod file candidate 
[10Aug2026 03:02:36.045] [main/DEBUG] [net.minecraftforge.fml.loading.moddiscovery.ModFileInfo/LOADING]: Found valid mod file mixinsquared-forge-0.1.1.jar with {mixinsquared} mods - versions {0.1.1}
[10Aug2026 03:02:36.045] [main/DEBUG] [net.minecraftforge.fml.loading.moddiscovery.ModFile/LOADING]: Loading mod file  with languages [LanguageSpec[languageName=javafml, acceptedVersions=*]]
[10Aug2026 03:02:36.045] [main/DEBUG] [net.minecraftforge.fml.loading.moddiscovery.ModFile/LOADING]: Loading mod file  with languages []
[10Aug2026 03:02:36.045] [main/DEBUG] [net.minecraftforge.fml.loading.moddiscovery.ModFile/LOADING]: Loading mod file  with languages []
[10Aug2026 03:02:36.045] [main/DEBUG] [net.minecraftforge.fml.loading.moddiscovery.ModFile/LOADING]: Loading mod file  with languages []
[10Aug2026 03:02:36.045] [main/DEBUG] [net.minecraftforge.fml.loading.moddiscovery.ModFile/LOADING]: Loading mod file  with languages []
[10Aug2026 03:02:36.045] [main/DEBUG] [net.minecraftforge.fml.loading.moddiscovery.ModFile/LOADING]: Loading mod file  with languages []
[10Aug2026 03:02:36.045] [main/DEBUG] [net.minecraftforge.fml.loading.moddiscovery.ModFile/LOADING]: Loading mod file  with languages []
[10Aug2026 03:02:36.045] [main/DEBUG] [net.minecraftforge.fml.loading.moddiscovery.ModFileParser/LOADING]: Considering mod file candidate 
[10Aug2026 03:02:36.046] [main/DEBUG] [net.minecraftforge.fml.loading.moddiscovery.ModFileInfo/LOADING]: Found valid mod file mixinsquared-forge-0.1.1.jar with {mixinsquared} mods - versions {0.1.1}
[10Aug2026 03:02:36.046] [main/DEBUG] [net.minecraftforge.fml.loading.moddiscovery.ModFile/LOADING]: Loading mod file  with languages [LanguageSpec[languageName=javafml, acceptedVersions=*]]
[10Aug2026 03:02:36.046] [main/DEBUG] [net.minecraftforge.fml.loading.moddiscovery.ModFile/LOADING]: Loading mod file  with languages []
[10Aug2026 03:02:36.046] [main/DEBUG] [net.minecraftforge.fml.loading.moddiscovery.ModFile/LOADING]: Loading mod file  with languages []
[10Aug2026 03:02:36.046] [main/DEBUG] [net.minecraftforge.fml.loading.moddiscovery.ModFile/LOADING]: Loading mod file  with languages []
[10Aug2026 03:02:36.046] [main/DEBUG] [net.minecraftforge.fml.loading.moddiscovery.ModFile/LOADING]: Loading mod file  with languages []
[10Aug2026 03:02:36.047] [main/DEBUG] [cpw.mods.modlauncher.TransformationServiceDecorator/MODLAUNCHER]: End scan trigger - transformation service fml
[10Aug2026 03:02:36.060] [main/DEBUG] [net.minecraftforge.fml.loading.LanguageLoadingProvider/CORE]: Found 4 language providers
[10Aug2026 03:02:36.061] [main/DEBUG] [net.minecraftforge.fml.loading.LanguageLoadingProvider/CORE]: Found language provider minecraft, version 1.0
[10Aug2026 03:02:36.061] [main/DEBUG] [net.minecraftforge.fml.loading.LanguageLoadingProvider/CORE]: Found language provider kotlinforforge, version 4.12.0
[10Aug2026 03:02:36.061] [main/DEBUG] [net.minecraftforge.fml.loading.LanguageLoadingProvider/CORE]: Found language provider javafml, version 47
[10Aug2026 03:02:36.062] [main/DEBUG] [net.minecraftforge.fml.loading.LanguageLoadingProvider/CORE]: Found language provider lowcodefml, version 47
[10Aug2026 03:02:36.066] [main/DEBUG] [net.minecraftforge.fml.loading.UniqueModListBuilder/]: Found 2 mods for first modid mclib, selecting most recent based on version data
[10Aug2026 03:02:36.067] [main/DEBUG] [net.minecraftforge.fml.loading.UniqueModListBuilder/]: Selected file mclib-20.jar for modid mclib with version 0.0NONE
[10Aug2026 03:02:36.067] [main/DEBUG] [net.minecraftforge.fml.loading.UniqueModListBuilder/]: Found 2 mods for first modid mixinextras, selecting most recent based on version data
[10Aug2026 03:02:36.067] [main/DEBUG] [net.minecraftforge.fml.loading.UniqueModListBuilder/]: Selected file mixinextras-forge-0.5.3.jar for modid mixinextras with version 0.5.3
[10Aug2026 03:02:36.067] [main/DEBUG] [net.minecraftforge.fml.loading.UniqueModListBuilder/]: Found 2 mods for first modid mixinsquared, selecting most recent based on version data
[10Aug2026 03:02:36.067] [main/DEBUG] [net.minecraftforge.fml.loading.UniqueModListBuilder/]: Selected file mixinsquared-forge-0.1.1.jar for modid mixinsquared with version 0.1.1
[10Aug2026 03:02:36.067] [main/DEBUG] [net.minecraftforge.fml.loading.UniqueModListBuilder/]: Found 2 mods for first modid MixinSquared, selecting most recent based on version data
[10Aug2026 03:02:36.067] [main/DEBUG] [net.minecraftforge.fml.loading.UniqueModListBuilder/]: Selected file MixinSquared-0.1.1.jar for modid MixinSquared with version 0.0NONE
[10Aug2026 03:02:36.067] [main/DEBUG] [net.minecraftforge.fml.loading.UniqueModListBuilder/]: Found 2 mods for first modid thedarkcolour.kotlinforforge.kfflib, selecting most recent based on version data
[10Aug2026 03:02:36.067] [main/DEBUG] [net.minecraftforge.fml.loading.UniqueModListBuilder/]: Selected file kfflib-4.12.0.jar for modid thedarkcolour.kotlinforforge.kfflib with version 4.12.0
[10Aug2026 03:02:36.067] [main/DEBUG] [net.minecraftforge.fml.loading.UniqueModListBuilder/]: Found 2 mods for first modid MixinExtras, selecting most recent based on version data
[10Aug2026 03:02:36.067] [main/DEBUG] [net.minecraftforge.fml.loading.UniqueModListBuilder/]: Selected file MixinExtras-0.5.3.jar for modid MixinExtras with version 0.5.3
[10Aug2026 03:02:36.067] [main/DEBUG] [net.minecraftforge.fml.loading.UniqueModListBuilder/]: Found 2 mods for first modid Reflect, selecting most recent based on version data
[10Aug2026 03:02:36.067] [main/DEBUG] [net.minecraftforge.fml.loading.UniqueModListBuilder/]: Selected file Reflect-1.6.2.jar for modid Reflect with version 0.0NONE
[10Aug2026 03:02:36.069] [main/DEBUG] [net.minecraftforge.fml.loading.ModSorter/]: Configured system mods: [minecraft, forge]
[10Aug2026 03:02:36.069] [main/DEBUG] [net.minecraftforge.fml.loading.ModSorter/]: Found system mod: minecraft
[10Aug2026 03:02:36.069] [main/DEBUG] [net.minecraftforge.fml.loading.ModSorter/]: Found system mod: forge
[10Aug2026 03:02:36.072] [main/DEBUG] [net.minecraftforge.fml.loading.ModSorter/LOADING]: Found 145 mod requirements (132 mandatory, 13 optional)
[10Aug2026 03:02:36.073] [main/DEBUG] [net.minecraftforge.fml.loading.ModSorter/LOADING]: Found 0 mod requirements missing (0 mandatory, 0 optional)
[10Aug2026 03:02:36.597] [main/DEBUG] [cpw.mods.modlauncher.TransformationServicesHandler/MODLAUNCHER]: Transformation services loading transformers
[10Aug2026 03:02:36.598] [main/DEBUG] [cpw.mods.modlauncher.TransformationServiceDecorator/MODLAUNCHER]: Initializing transformers for transformation service mixin
[10Aug2026 03:02:36.598] [main/DEBUG] [cpw.mods.modlauncher.TransformationServiceDecorator/MODLAUNCHER]: Initialized transformers for transformation service mixin
[10Aug2026 03:02:36.598] [main/DEBUG] [cpw.mods.modlauncher.TransformationServiceDecorator/MODLAUNCHER]: Initializing transformers for transformation service fml
[10Aug2026 03:02:36.598] [main/DEBUG] [net.minecraftforge.fml.loading.FMLServiceProvider/CORE]: Loading coremod transformers
[10Aug2026 03:02:36.599] [main/DEBUG] [net.minecraftforge.coremod.CoreModEngine/COREMOD]: Loading CoreMod from META-INF/xaeroworldmap_core.js
[10Aug2026 03:02:36.904] [main/DEBUG] [net.minecraftforge.coremod.CoreModEngine/COREMOD]: CoreMod loaded successfully
[10Aug2026 03:02:36.904] [main/DEBUG] [net.minecraftforge.coremod.CoreModEngine/COREMOD]: Loading CoreMod from coremods/get_ench_level_event.js
[10Aug2026 03:02:36.920] [main/DEBUG] [net.minecraftforge.coremod.CoreModEngine/COREMOD]: CoreMod loaded successfully
[10Aug2026 03:02:36.920] [main/DEBUG] [net.minecraftforge.coremod.CoreModEngine/COREMOD]: Loading CoreMod from coremods/get_ench_level_event_specific.js
[10Aug2026 03:02:36.933] [main/DEBUG] [net.minecraftforge.coremod.CoreModEngine/COREMOD]: CoreMod loaded successfully
[10Aug2026 03:02:36.933] [main/DEBUG] [net.minecraftforge.coremod.CoreModEngine/COREMOD]: Loading CoreMod from coremods/field_to_method.js
[10Aug2026 03:02:36.982] [main/DEBUG] [net.minecraftforge.coremod.CoreModEngine/COREMOD]: CoreMod loaded successfully
[10Aug2026 03:02:36.983] [main/DEBUG] [net.minecraftforge.coremod.CoreModEngine/COREMOD]: Loading CoreMod from coremods/field_to_instanceof.js
[10Aug2026 03:02:37.072] [main/DEBUG] [net.minecraftforge.coremod.CoreModEngine/COREMOD]: CoreMod loaded successfully
[10Aug2026 03:02:37.072] [main/DEBUG] [net.minecraftforge.coremod.CoreModEngine/COREMOD]: Loading CoreMod from coremods/add_bouncer_method.js
[10Aug2026 03:02:37.128] [main/DEBUG] [net.minecraftforge.coremod.CoreModEngine/COREMOD]: CoreMod loaded successfully
[10Aug2026 03:02:37.128] [main/DEBUG] [net.minecraftforge.coremod.CoreModEngine/COREMOD]: Loading CoreMod from coremods/method_redirector.js
[10Aug2026 03:02:37.177] [main/DEBUG] [net.minecraftforge.coremod.CoreModEngine/COREMOD]: CoreMod loaded successfully
[10Aug2026 03:02:37.178] [main/DEBUG] [net.minecraftforge.coremod.CoreModEngine/COREMOD]: Loading CoreMod from META-INF/xaerohud_core.js
[10Aug2026 03:02:37.219] [main/DEBUG] [net.minecraftforge.coremod.CoreModEngine/COREMOD]: CoreMod loaded successfully
[10Aug2026 03:02:37.234] [main/DEBUG] [cpw.mods.modlauncher.TransformStore/MODLAUNCHER]: Adding transformer net.minecraftforge.coremod.transformer.CoreModClassTransformer@309dcdf3 to Target : CLASS {Lnet/minecraft/world/level/biome/Biome;} {} {V}
[10Aug2026 03:02:37.234] [main/DEBUG] [cpw.mods.modlauncher.TransformStore/MODLAUNCHER]: Adding transformer net.minecraftforge.coremod.transformer.CoreModClassTransformer@35d26ad2 to Target : CLASS {Lnet/minecraft/world/level/levelgen/structure/Structure;} {} {V}
[10Aug2026 03:02:37.235] [main/DEBUG] [cpw.mods.modlauncher.TransformStore/MODLAUNCHER]: Adding transformer net.minecraftforge.coremod.transformer.CoreModClassTransformer@bb25753 to Target : CLASS {Lnet/minecraft/world/effect/MobEffectInstance;} {} {V}
[10Aug2026 03:02:37.235] [main/DEBUG] [cpw.mods.modlauncher.TransformStore/MODLAUNCHER]: Adding transformer net.minecraftforge.coremod.transformer.CoreModClassTransformer@ee21292 to Target : CLASS {Lnet/minecraft/world/level/block/LiquidBlock;} {} {V}
[10Aug2026 03:02:37.235] [main/DEBUG] [cpw.mods.modlauncher.TransformStore/MODLAUNCHER]: Adding transformer net.minecraftforge.coremod.transformer.CoreModClassTransformer@40c06358 to Target : CLASS {Lnet/minecraft/world/item/BucketItem;} {} {V}
[10Aug2026 03:02:37.235] [main/DEBUG] [cpw.mods.modlauncher.TransformStore/MODLAUNCHER]: Adding transformer net.minecraftforge.coremod.transformer.CoreModClassTransformer@66e21568 to Target : CLASS {Lnet/minecraft/world/level/block/StairBlock;} {} {V}
[10Aug2026 03:02:37.235] [main/DEBUG] [cpw.mods.modlauncher.TransformStore/MODLAUNCHER]: Adding transformer net.minecraftforge.coremod.transformer.CoreModClassTransformer@7f73ce28 to Target : CLASS {Lnet/minecraft/world/level/block/FlowerPotBlock;} {} {V}
[10Aug2026 03:02:37.235] [main/DEBUG] [cpw.mods.modlauncher.TransformStore/MODLAUNCHER]: Adding transformer net.minecraftforge.coremod.transformer.CoreModClassTransformer@611b35d6 to Target : CLASS {Lnet/minecraft/world/item/ItemStack;} {} {V}
[10Aug2026 03:02:37.235] [main/DEBUG] [cpw.mods.modlauncher.TransformStore/MODLAUNCHER]: Adding transformer net.minecraftforge.coremod.transformer.CoreModClassTransformer@2282400e to Target : CLASS {Lnet/minecraft/network/play/client/CClientSettingsPacket;} {} {V}
[10Aug2026 03:02:37.235] [main/DEBUG] [cpw.mods.modlauncher.TransformStore/MODLAUNCHER]: Adding transformer net.minecraftforge.coremod.transformer.CoreModClassTransformer@543d5863 to Target : CLASS {Lnet/minecraft/world/level/levelgen/structure/structures/OceanMonumentPieces$OceanMonumentPiece;} {} {V}
[10Aug2026 03:02:37.235] [main/DEBUG] [cpw.mods.modlauncher.TransformStore/MODLAUNCHER]: Adding transformer net.minecraftforge.coremod.transformer.CoreModClassTransformer@543d5863 to Target : CLASS {Lnet/minecraft/world/entity/npc/Villager;} {} {V}
[10Aug2026 03:02:37.236] [main/DEBUG] [cpw.mods.modlauncher.TransformStore/MODLAUNCHER]: Adding transformer net.minecraftforge.coremod.transformer.CoreModClassTransformer@543d5863 to Target : CLASS {Lnet/minecraft/world/level/levelgen/structure/templatesystem/StructureTemplate;} {} {V}
[10Aug2026 03:02:37.236] [main/DEBUG] [cpw.mods.modlauncher.TransformStore/MODLAUNCHER]: Adding transformer net.minecraftforge.coremod.transformer.CoreModClassTransformer@543d5863 to Target : CLASS {Lnet/minecraft/world/entity/npc/CatSpawner;} {} {V}
[10Aug2026 03:02:37.236] [main/DEBUG] [cpw.mods.modlauncher.TransformStore/MODLAUNCHER]: Adding transformer net.minecraftforge.coremod.transformer.CoreModClassTransformer@543d5863 to Target : CLASS {Lnet/minecraft/world/entity/animal/horse/SkeletonTrapGoal;} {} {V}
[10Aug2026 03:02:37.236] [main/DEBUG] [cpw.mods.modlauncher.TransformStore/MODLAUNCHER]: Adding transformer net.minecraftforge.coremod.transformer.CoreModClassTransformer@543d5863 to Target : CLASS {Lnet/minecraft/world/level/levelgen/PatrolSpawner;} {} {V}
[10Aug2026 03:02:37.236] [main/DEBUG] [cpw.mods.modlauncher.TransformStore/MODLAUNCHER]: Adding transformer net.minecraftforge.coremod.transformer.CoreModClassTransformer@543d5863 to Target : CLASS {Lnet/minecraft/world/level/levelgen/structure/structures/SwampHutPiece;} {} {V}
[10Aug2026 03:02:37.236] [main/DEBUG] [cpw.mods.modlauncher.TransformStore/MODLAUNCHER]: Adding transformer net.minecraftforge.coremod.transformer.CoreModClassTransformer@543d5863 to Target : CLASS {Lnet/minecraft/server/commands/SummonCommand;} {} {V}
[10Aug2026 03:02:37.236] [main/DEBUG] [cpw.mods.modlauncher.TransformStore/MODLAUNCHER]: Adding transformer net.minecraftforge.coremod.transformer.CoreModClassTransformer@543d5863 to Target : CLASS {Lnet/minecraft/world/entity/raid/Raid;} {} {V}
[10Aug2026 03:02:37.236] [main/DEBUG] [cpw.mods.modlauncher.TransformStore/MODLAUNCHER]: Adding transformer net.minecraftforge.coremod.transformer.CoreModClassTransformer@543d5863 to Target : CLASS {Lnet/minecraft/world/entity/animal/frog/Tadpole;} {} {V}
[10Aug2026 03:02:37.236] [main/DEBUG] [cpw.mods.modlauncher.TransformStore/MODLAUNCHER]: Adding transformer net.minecraftforge.coremod.transformer.CoreModClassTransformer@543d5863 to Target : CLASS {Lnet/minecraft/world/entity/EntityType;} {} {V}
[10Aug2026 03:02:37.236] [main/DEBUG] [cpw.mods.modlauncher.TransformStore/MODLAUNCHER]: Adding transformer net.minecraftforge.coremod.transformer.CoreModClassTransformer@543d5863 to Target : CLASS {Lnet/minecraft/world/level/levelgen/structure/structures/WoodlandMansionPieces$WoodlandMansionPiece;} {} {V}
[10Aug2026 03:02:37.236] [main/DEBUG] [cpw.mods.modlauncher.TransformStore/MODLAUNCHER]: Adding transformer net.minecraftforge.coremod.transformer.CoreModClassTransformer@543d5863 to Target : CLASS {Lnet/minecraft/world/entity/monster/Evoker$EvokerSummonSpellGoal;} {} {V}
[10Aug2026 03:02:37.236] [main/DEBUG] [cpw.mods.modlauncher.TransformStore/MODLAUNCHER]: Adding transformer net.minecraftforge.coremod.transformer.CoreModClassTransformer@543d5863 to Target : CLASS {Lnet/minecraft/server/commands/RaidCommand;} {} {V}
[10Aug2026 03:02:37.236] [main/DEBUG] [cpw.mods.modlauncher.TransformStore/MODLAUNCHER]: Adding transformer net.minecraftforge.coremod.transformer.CoreModClassTransformer@543d5863 to Target : CLASS {Lnet/minecraft/world/entity/monster/Strider;} {} {V}
[10Aug2026 03:02:37.236] [main/DEBUG] [cpw.mods.modlauncher.TransformStore/MODLAUNCHER]: Adding transformer net.minecraftforge.coremod.transformer.CoreModClassTransformer@543d5863 to Target : CLASS {Lnet/minecraft/world/entity/monster/ZombieVillager;} {} {V}
[10Aug2026 03:02:37.237] [main/DEBUG] [cpw.mods.modlauncher.TransformStore/MODLAUNCHER]: Adding transformer net.minecraftforge.coremod.transformer.CoreModClassTransformer@543d5863 to Target : CLASS {Lnet/minecraft/world/level/NaturalSpawner;} {} {V}
[10Aug2026 03:02:37.237] [main/DEBUG] [cpw.mods.modlauncher.TransformStore/MODLAUNCHER]: Adding transformer net.minecraftforge.coremod.transformer.CoreModClassTransformer@543d5863 to Target : CLASS {Lnet/minecraft/world/level/levelgen/structure/structures/OceanRuinPieces$OceanRuinPiece;} {} {V}
[10Aug2026 03:02:37.237] [main/DEBUG] [cpw.mods.modlauncher.TransformStore/MODLAUNCHER]: Adding transformer net.minecraftforge.coremod.transformer.CoreModClassTransformer@543d5863 to Target : CLASS {Lnet/minecraft/world/entity/monster/Spider;} {} {V}
[10Aug2026 03:02:37.237] [main/DEBUG] [cpw.mods.modlauncher.TransformStore/MODLAUNCHER]: Adding transformer net.minecraftforge.coremod.transformer.CoreModClassTransformer@543d5863 to Target : CLASS {Lnet/minecraft/world/entity/monster/Zombie;} {} {V}
[10Aug2026 03:02:37.237] [main/DEBUG] [cpw.mods.modlauncher.TransformStore/MODLAUNCHER]: Adding transformer net.minecraftforge.coremod.transformer.CoreModClassTransformer@543d5863 to Target : CLASS {Lnet/minecraft/world/entity/ai/village/VillageSiege;} {} {V}
[10Aug2026 03:02:37.237] [main/DEBUG] [cpw.mods.modlauncher.TransformStore/MODLAUNCHER]: Adding transformer net.minecraftforge.coremod.transformer.CoreModClassTransformer@543d5863 to Target : CLASS {Lnet/minecraft/world/level/levelgen/PhantomSpawner;} {} {V}
[10Aug2026 03:02:37.237] [main/DEBUG] [cpw.mods.modlauncher.TransformStore/MODLAUNCHER]: Adding transformer net.minecraftforge.coremod.transformer.CoreModMethodTransformer@dd3f8aa to Target : METHOD {Lnet/minecraftforge/common/extensions/IForgeItemStack;} {getAllEnchantments} {()Ljava/util/Map;}
[10Aug2026 03:02:37.237] [main/DEBUG] [cpw.mods.modlauncher.TransformStore/MODLAUNCHER]: Adding transformer net.minecraftforge.coremod.transformer.CoreModMethodTransformer@3d615b2e to Target : METHOD {Lnet/minecraftforge/common/extensions/IForgeItemStack;} {getEnchantmentLevel} {(Lnet/minecraft/world/item/enchantment/Enchantment;)I}
[10Aug2026 03:02:37.237] [main/DEBUG] [cpw.mods.modlauncher.TransformStore/MODLAUNCHER]: Adding transformer net.minecraftforge.coremod.transformer.CoreModMethodTransformer@3a1f2a1 to Target : METHOD {Lnet/minecraft/client/ToggleKeyMapping;} {m_90857_} {()Z}
[10Aug2026 03:02:37.237] [main/DEBUG] [cpw.mods.modlauncher.TransformationServiceDecorator/MODLAUNCHER]: Initialized transformers for transformation service fml
[10Aug2026 03:02:38.563] [main/DEBUG] [mixin/]: Processing prepare() for PlatformAgent[MixinPlatformAgentDefault:ModLauncher Root Container(ModLauncher:4f56a0a2)]
[10Aug2026 03:02:38.563] [main/DEBUG] [mixin/]: Processing launch tasks for PlatformAgent[MixinPlatformAgentDefault:ModLauncher Root Container(ModLauncher:4f56a0a2)]
[10Aug2026 03:02:38.563] [main/DEBUG] [mixin/]: Adding mixin platform agents for container SecureJarResource(kuma_api)
[10Aug2026 03:02:38.563] [main/DEBUG] [mixin/]: Instancing new MixinPlatformAgentMinecraftForge for SecureJarResource(kuma_api)
[10Aug2026 03:02:38.563] [main/DEBUG] [mixin/]: MixinPlatformAgentMinecraftForge rejected container SecureJarResource(kuma_api)
[10Aug2026 03:02:38.563] [main/DEBUG] [mixin/]: Instancing new MixinPlatformAgentDefault for SecureJarResource(kuma_api)
[10Aug2026 03:02:38.563] [main/DEBUG] [mixin/]: MixinPlatformAgentDefault accepted container SecureJarResource(kuma_api)
[10Aug2026 03:02:38.563] [main/DEBUG] [mixin/]: Processing prepare() for PlatformAgent[MixinPlatformAgentDefault:SecureJarResource(kuma_api)]
[10Aug2026 03:02:38.563] [main/DEBUG] [mixin/]: Registering mixin config: kuma_api.mixins.json
[10Aug2026 03:02:38.580] [main/DEBUG] [mixin/]: Compatibility level JAVA_17 specified by kuma_api.mixins.json is higher than the maximum level supported by this version of mixin (JAVA_13).
[10Aug2026 03:02:38.585] [main/INFO] [mixin/]: Compatibility level set to JAVA_17
[10Aug2026 03:02:38.586] [main/DEBUG] [mixin/]: Registering mixin config: kuma_api.forge.mixins.json
[10Aug2026 03:02:38.588] [main/DEBUG] [mixin/]: Adding mixin platform agents for container SecureJarResource(supermartijn642configlib)
[10Aug2026 03:02:38.588] [main/DEBUG] [mixin/]: Instancing new MixinPlatformAgentMinecraftForge for SecureJarResource(supermartijn642configlib)
[10Aug2026 03:02:38.589] [main/DEBUG] [mixin/]: MixinPlatformAgentMinecraftForge rejected container SecureJarResource(supermartijn642configlib)
[10Aug2026 03:02:38.589] [main/DEBUG] [mixin/]: Instancing new MixinPlatformAgentDefault for SecureJarResource(supermartijn642configlib)
[10Aug2026 03:02:38.589] [main/DEBUG] [mixin/]: MixinPlatformAgentDefault accepted container SecureJarResource(supermartijn642configlib)
[10Aug2026 03:02:38.589] [main/DEBUG] [mixin/]: Processing prepare() for PlatformAgent[MixinPlatformAgentDefault:SecureJarResource(supermartijn642configlib)]
[10Aug2026 03:02:38.589] [main/DEBUG] [mixin/]: Adding mixin platform agents for container SecureJarResource(trashslot)
[10Aug2026 03:02:38.589] [main/DEBUG] [mixin/]: Instancing new MixinPlatformAgentMinecraftForge for SecureJarResource(trashslot)
[10Aug2026 03:02:38.589] [main/DEBUG] [mixin/]: MixinPlatformAgentMinecraftForge rejected container SecureJarResource(trashslot)
[10Aug2026 03:02:38.589] [main/DEBUG] [mixin/]: Instancing new MixinPlatformAgentDefault for SecureJarResource(trashslot)
[10Aug2026 03:02:38.589] [main/DEBUG] [mixin/]: MixinPlatformAgentDefault accepted container SecureJarResource(trashslot)
[10Aug2026 03:02:38.590] [main/DEBUG] [mixin/]: Processing prepare() for PlatformAgent[MixinPlatformAgentDefault:SecureJarResource(trashslot)]
[10Aug2026 03:02:38.590] [main/DEBUG] [mixin/]: Registering mixin config: trashslot.mixins.json
[10Aug2026 03:02:38.594] [main/DEBUG] [mixin/]: Adding mixin platform agents for container SecureJarResource(geckolib)
[10Aug2026 03:02:38.597] [main/DEBUG] [mixin/]: Instancing new MixinPlatformAgentMinecraftForge for SecureJarResource(geckolib)
[10Aug2026 03:02:38.597] [main/DEBUG] [mixin/]: MixinPlatformAgentMinecraftForge rejected container SecureJarResource(geckolib)
[10Aug2026 03:02:38.597] [main/DEBUG] [mixin/]: Instancing new MixinPlatformAgentDefault for SecureJarResource(geckolib)
[10Aug2026 03:02:38.597] [main/DEBUG] [mixin/]: MixinPlatformAgentDefault accepted container SecureJarResource(geckolib)
[10Aug2026 03:02:38.597] [main/DEBUG] [mixin/]: Processing prepare() for PlatformAgent[MixinPlatformAgentDefault:SecureJarResource(geckolib)]
[10Aug2026 03:02:38.597] [main/DEBUG] [mixin/]: Registering mixin config: geckolib.mixins.json
[10Aug2026 03:02:38.600] [main/DEBUG] [mixin/]: Adding mixin platform agents for container SecureJarResource(playeranimator)
[10Aug2026 03:02:38.601] [main/DEBUG] [mixin/]: Instancing new MixinPlatformAgentMinecraftForge for SecureJarResource(playeranimator)
[10Aug2026 03:02:38.601] [main/DEBUG] [mixin/]: MixinPlatformAgentMinecraftForge rejected container SecureJarResource(playeranimator)
[10Aug2026 03:02:38.601] [main/DEBUG] [mixin/]: Instancing new MixinPlatformAgentDefault for SecureJarResource(playeranimator)
[10Aug2026 03:02:38.601] [main/DEBUG] [mixin/]: MixinPlatformAgentDefault accepted container SecureJarResource(playeranimator)
[10Aug2026 03:02:38.602] [main/DEBUG] [mixin/]: Processing prepare() for PlatformAgent[MixinPlatformAgentDefault:SecureJarResource(playeranimator)]
[10Aug2026 03:02:38.602] [main/DEBUG] [mixin/]: Registering mixin config: playerAnimator-common.mixins.json
[10Aug2026 03:02:38.604] [main/DEBUG] [mixin/]: Compatibility level JAVA_16 specified by playerAnimator-common.mixins.json is higher than the maximum level supported by this version of mixin (JAVA_13).
[10Aug2026 03:02:38.604] [main/DEBUG] [mixin/]: Adding mixin platform agents for container SecureJarResource(jei)
[10Aug2026 03:02:38.604] [main/DEBUG] [mixin/]: Instancing new MixinPlatformAgentMinecraftForge for SecureJarResource(jei)
[10Aug2026 03:02:38.604] [main/DEBUG] [mixin/]: MixinPlatformAgentMinecraftForge rejected container SecureJarResource(jei)
[10Aug2026 03:02:38.604] [main/DEBUG] [mixin/]: Instancing new MixinPlatformAgentDefault for SecureJarResource(jei)
[10Aug2026 03:02:38.604] [main/DEBUG] [mixin/]: MixinPlatformAgentDefault accepted container SecureJarResource(jei)
[10Aug2026 03:02:38.604] [main/DEBUG] [mixin/]: Processing prepare() for PlatformAgent[MixinPlatformAgentDefault:SecureJarResource(jei)]
[10Aug2026 03:02:38.604] [main/DEBUG] [mixin/]: Adding mixin platform agents for container SecureJarResource(xaerolib)
[10Aug2026 03:02:38.605] [main/DEBUG] [mixin/]: Instancing new MixinPlatformAgentMinecraftForge for SecureJarResource(xaerolib)
[10Aug2026 03:02:38.605] [main/DEBUG] [mixin/]: MixinPlatformAgentMinecraftForge rejected container SecureJarResource(xaerolib)
[10Aug2026 03:02:38.605] [main/DEBUG] [mixin/]: Instancing new MixinPlatformAgentDefault for SecureJarResource(xaerolib)
[10Aug2026 03:02:38.605] [main/DEBUG] [mixin/]: MixinPlatformAgentDefault accepted container SecureJarResource(xaerolib)
[10Aug2026 03:02:38.605] [main/DEBUG] [mixin/]: Processing prepare() for PlatformAgent[MixinPlatformAgentDefault:SecureJarResource(xaerolib)]
[10Aug2026 03:02:38.605] [main/DEBUG] [mixin/]: Registering mixin config: xaerolib.mixins.json
[10Aug2026 03:02:38.607] [main/DEBUG] [mixin/]: Registering mixin config: xaerolib.forge.mixins.json
[10Aug2026 03:02:38.608] [main/DEBUG] [mixin/]: Adding mixin platform agents for container SecureJarResource(trender)
[10Aug2026 03:02:38.608] [main/DEBUG] [mixin/]: Instancing new MixinPlatformAgentMinecraftForge for SecureJarResource(trender)
[10Aug2026 03:02:38.609] [main/DEBUG] [mixin/]: MixinPlatformAgentMinecraftForge rejected container SecureJarResource(trender)
[10Aug2026 03:02:38.609] [main/DEBUG] [mixin/]: Instancing new MixinPlatformAgentDefault for SecureJarResource(trender)
[10Aug2026 03:02:38.609] [main/DEBUG] [mixin/]: MixinPlatformAgentDefault accepted container SecureJarResource(trender)
[10Aug2026 03:02:38.609] [main/DEBUG] [mixin/]: Processing prepare() for PlatformAgent[MixinPlatformAgentDefault:SecureJarResource(trender)]
[10Aug2026 03:02:38.609] [main/DEBUG] [mixin/]: Registering mixin config: trender.mixins.json
[10Aug2026 03:02:38.610] [main/DEBUG] [mixin/]: Adding mixin platform agents for container SecureJarResource(stalwart_dungeons)
[10Aug2026 03:02:38.611] [main/DEBUG] [mixin/]: Instancing new MixinPlatformAgentMinecraftForge for SecureJarResource(stalwart_dungeons)
[10Aug2026 03:02:38.611] [main/DEBUG] [mixin/]: MixinPlatformAgentMinecraftForge rejected container SecureJarResource(stalwart_dungeons)
[10Aug2026 03:02:38.611] [main/DEBUG] [mixin/]: Instancing new MixinPlatformAgentDefault for SecureJarResource(stalwart_dungeons)
[10Aug2026 03:02:38.611] [main/DEBUG] [mixin/]: MixinPlatformAgentDefault accepted container SecureJarResource(stalwart_dungeons)
[10Aug2026 03:02:38.611] [main/DEBUG] [mixin/]: Processing prepare() for PlatformAgent[MixinPlatformAgentDefault:SecureJarResource(stalwart_dungeons)]
[10Aug2026 03:02:38.611] [main/DEBUG] [mixin/]: Adding mixin platform agents for container SecureJarResource(sophisticatedcore)
[10Aug2026 03:02:38.611] [main/DEBUG] [mixin/]: Instancing new MixinPlatformAgentMinecraftForge for SecureJarResource(sophisticatedcore)
[10Aug2026 03:02:38.611] [main/DEBUG] [mixin/]: MixinPlatformAgentMinecraftForge rejected container SecureJarResource(sophisticatedcore)
[10Aug2026 03:02:38.611] [main/DEBUG] [mixin/]: Instancing new MixinPlatformAgentDefault for SecureJarResource(sophisticatedcore)
[10Aug2026 03:02:38.611] [main/DEBUG] [mixin/]: MixinPlatformAgentDefault accepted container SecureJarResource(sophisticatedcore)
[10Aug2026 03:02:38.612] [main/DEBUG] [mixin/]: Processing prepare() for PlatformAgent[MixinPlatformAgentDefault:SecureJarResource(sophisticatedcore)]
[10Aug2026 03:02:38.612] [main/DEBUG] [mixin/]: Registering mixin config: sophisticatedcore.mixins.json
[10Aug2026 03:02:38.613] [main/DEBUG] [mixin/]: Registering mixin config: sophisticatedcore.create.mixins.json
[10Aug2026 03:02:38.615] [main/DEBUG] [mixin/]: Adding mixin platform agents for container SecureJarResource(ntgl)
[10Aug2026 03:02:38.615] [main/DEBUG] [mixin/]: Instancing new MixinPlatformAgentMinecraftForge for SecureJarResource(ntgl)
[10Aug2026 03:02:38.615] [main/DEBUG] [mixin/]: MixinPlatformAgentMinecraftForge rejected container SecureJarResource(ntgl)
[10Aug2026 03:02:38.616] [main/DEBUG] [mixin/]: Instancing new MixinPlatformAgentDefault for SecureJarResource(ntgl)
[10Aug2026 03:02:38.616] [main/DEBUG] [mixin/]: MixinPlatformAgentDefault accepted container SecureJarResource(ntgl)
[10Aug2026 03:02:38.616] [main/DEBUG] [mixin/]: Processing prepare() for PlatformAgent[MixinPlatformAgentDefault:SecureJarResource(ntgl)]
[10Aug2026 03:02:38.616] [main/DEBUG] [mixin/]: Registering mixin config: ntgl.mixin.json
[10Aug2026 03:02:38.617] [main/DEBUG] [mixin/]: Compatibility level JAVA_8 specified by ntgl.mixin.json is lower than the default level supported by the current mixin service (JAVA_16).
[10Aug2026 03:02:38.618] [main/DEBUG] [mixin/]: Adding mixin platform agents for container SecureJarResource(waystones)
[10Aug2026 03:02:38.618] [main/DEBUG] [mixin/]: Instancing new MixinPlatformAgentMinecraftForge for SecureJarResource(waystones)
[10Aug2026 03:02:38.618] [main/DEBUG] [mixin/]: MixinPlatformAgentMinecraftForge rejected container SecureJarResource(waystones)
[10Aug2026 03:02:38.618] [main/DEBUG] [mixin/]: Instancing new MixinPlatformAgentDefault for SecureJarResource(waystones)
[10Aug2026 03:02:38.618] [main/DEBUG] [mixin/]: MixinPlatformAgentDefault accepted container SecureJarResource(waystones)
[10Aug2026 03:02:38.618] [main/DEBUG] [mixin/]: Processing prepare() for PlatformAgent[MixinPlatformAgentDefault:SecureJarResource(waystones)]
[10Aug2026 03:02:38.618] [main/DEBUG] [mixin/]: Registering mixin config: waystones.mixins.json
[10Aug2026 03:02:38.620] [main/DEBUG] [mixin/]: Adding mixin platform agents for container SecureJarResource(structureessentials)
[10Aug2026 03:02:38.620] [main/DEBUG] [mixin/]: Instancing new MixinPlatformAgentMinecraftForge for SecureJarResource(structureessentials)
[10Aug2026 03:02:38.620] [main/DEBUG] [mixin/]: MixinPlatformAgentMinecraftForge rejected container SecureJarResource(structureessentials)
[10Aug2026 03:02:38.620] [main/DEBUG] [mixin/]: Instancing new MixinPlatformAgentDefault for SecureJarResource(structureessentials)
[10Aug2026 03:02:38.620] [main/DEBUG] [mixin/]: MixinPlatformAgentDefault accepted container SecureJarResource(structureessentials)
[10Aug2026 03:02:38.620] [main/DEBUG] [mixin/]: Processing prepare() for PlatformAgent[MixinPlatformAgentDefault:SecureJarResource(structureessentials)]
[10Aug2026 03:02:38.620] [main/DEBUG] [mixin/]: Registering mixin config: structureessentials.mixins.json
[10Aug2026 03:02:38.622] [main/DEBUG] [mixin/]: Adding mixin platform agents for container SecureJarResource(clumps)
[10Aug2026 03:02:38.622] [main/DEBUG] [mixin/]: Instancing new MixinPlatformAgentMinecraftForge for SecureJarResource(clumps)
[10Aug2026 03:02:38.622] [main/DEBUG] [mixin/]: MixinPlatformAgentMinecraftForge rejected container SecureJarResource(clumps)
[10Aug2026 03:02:38.622] [main/DEBUG] [mixin/]: Instancing new MixinPlatformAgentDefault for SecureJarResource(clumps)
[10Aug2026 03:02:38.623] [main/DEBUG] [mixin/]: MixinPlatformAgentDefault accepted container SecureJarResource(clumps)
[10Aug2026 03:02:38.623] [main/DEBUG] [mixin/]: Processing prepare() for PlatformAgent[MixinPlatformAgentDefault:SecureJarResource(clumps)]
[10Aug2026 03:02:38.623] [main/DEBUG] [mixin/]: Registering mixin config: clumps.mixins.json
[10Aug2026 03:02:38.624] [main/DEBUG] [mixin/]: Adding mixin platform agents for container SecureJarResource(xaeroworldmap)
[10Aug2026 03:02:38.624] [main/DEBUG] [mixin/]: Instancing new MixinPlatformAgentMinecraftForge for SecureJarResource(xaeroworldmap)
[10Aug2026 03:02:38.624] [main/DEBUG] [mixin/]: MixinPlatformAgentMinecraftForge rejected container SecureJarResource(xaeroworldmap)
[10Aug2026 03:02:38.625] [main/DEBUG] [mixin/]: Instancing new MixinPlatformAgentDefault for SecureJarResource(xaeroworldmap)
[10Aug2026 03:02:38.625] [main/DEBUG] [mixin/]: MixinPlatformAgentDefault accepted container SecureJarResource(xaeroworldmap)
[10Aug2026 03:02:38.625] [main/DEBUG] [mixin/]: Processing prepare() for PlatformAgent[MixinPlatformAgentDefault:SecureJarResource(xaeroworldmap)]
[10Aug2026 03:02:38.625] [main/DEBUG] [mixin/]: Registering mixin config: xaeroworldmap.mixins.json
[10Aug2026 03:02:38.627] [main/DEBUG] [mixin/]: Registering mixin config: xaeroworldmap.forge.mixins.json
[10Aug2026 03:02:38.629] [main/DEBUG] [mixin/]: Adding mixin platform agents for container SecureJarResource(placebo)
[10Aug2026 03:02:38.629] [main/DEBUG] [mixin/]: Instancing new MixinPlatformAgentMinecraftForge for SecureJarResource(placebo)
[10Aug2026 03:02:38.629] [main/DEBUG] [mixin/]: MixinPlatformAgentMinecraftForge rejected container SecureJarResource(placebo)
[10Aug2026 03:02:38.630] [main/DEBUG] [mixin/]: Instancing new MixinPlatformAgentDefault for SecureJarResource(placebo)
[10Aug2026 03:02:38.630] [main/DEBUG] [mixin/]: MixinPlatformAgentDefault accepted container SecureJarResource(placebo)
[10Aug2026 03:02:38.630] [main/DEBUG] [mixin/]: Processing prepare() for PlatformAgent[MixinPlatformAgentDefault:SecureJarResource(placebo)]
[10Aug2026 03:02:38.630] [main/DEBUG] [mixin/]: Registering mixin config: placebo.mixins.json
[10Aug2026 03:02:38.631] [main/DEBUG] [mixin/]: Adding mixin platform agents for container SecureJarResource(modernfix)
[10Aug2026 03:02:38.632] [main/DEBUG] [mixin/]: Instancing new MixinPlatformAgentMinecraftForge for SecureJarResource(modernfix)
[10Aug2026 03:02:38.632] [main/DEBUG] [mixin/]: MixinPlatformAgentMinecraftForge rejected container SecureJarResource(modernfix)
[10Aug2026 03:02:38.632] [main/DEBUG] [mixin/]: Instancing new MixinPlatformAgentDefault for SecureJarResource(modernfix)
[10Aug2026 03:02:38.632] [main/DEBUG] [mixin/]: MixinPlatformAgentDefault accepted container SecureJarResource(modernfix)
[10Aug2026 03:02:38.632] [main/DEBUG] [mixin/]: Processing prepare() for PlatformAgent[MixinPlatformAgentDefault:SecureJarResource(modernfix)]
[10Aug2026 03:02:38.632] [main/DEBUG] [mixin/]: Registering mixin config: modernfix-modernfix.mixins.json
[10Aug2026 03:02:38.634] [main/DEBUG] [mixin/]: Adding mixin platform agents for container SecureJarResource(citadel)
[10Aug2026 03:02:38.634] [main/DEBUG] [mixin/]: Instancing new MixinPlatformAgentMinecraftForge for SecureJarResource(citadel)
[10Aug2026 03:02:38.634] [main/DEBUG] [mixin/]: MixinPlatformAgentMinecraftForge rejected container SecureJarResource(citadel)
[10Aug2026 03:02:38.634] [main/DEBUG] [mixin/]: Instancing new MixinPlatformAgentDefault for SecureJarResource(citadel)
[10Aug2026 03:02:38.634] [main/DEBUG] [mixin/]: MixinPlatformAgentDefault accepted container SecureJarResource(citadel)
[10Aug2026 03:02:38.634] [main/DEBUG] [mixin/]: Processing prepare() for PlatformAgent[MixinPlatformAgentDefault:SecureJarResource(citadel)]
[10Aug2026 03:02:38.635] [main/DEBUG] [mixin/]: Registering mixin config: citadel.mixins.json
[10Aug2026 03:02:38.637] [main/DEBUG] [mixin/]: Adding mixin platform agents for container SecureJarResource(alexsmobs)
[10Aug2026 03:02:38.637] [main/DEBUG] [mixin/]: Instancing new MixinPlatformAgentMinecraftForge for SecureJarResource(alexsmobs)
[10Aug2026 03:02:38.637] [main/DEBUG] [mixin/]: MixinPlatformAgentMinecraftForge rejected container SecureJarResource(alexsmobs)
[10Aug2026 03:02:38.638] [main/DEBUG] [mixin/]: Instancing new MixinPlatformAgentDefault for SecureJarResource(alexsmobs)
[10Aug2026 03:02:38.638] [main/DEBUG] [mixin/]: MixinPlatformAgentDefault accepted container SecureJarResource(alexsmobs)
[10Aug2026 03:02:38.638] [main/DEBUG] [mixin/]: Processing prepare() for PlatformAgent[MixinPlatformAgentDefault:SecureJarResource(alexsmobs)]
[10Aug2026 03:02:38.638] [main/DEBUG] [mixin/]: Registering mixin config: citadel.mixins.json
[10Aug2026 03:02:38.638] [main/DEBUG] [mixin/]: Adding mixin platform agents for container SecureJarResource(naturescompass)
[10Aug2026 03:02:38.638] [main/DEBUG] [mixin/]: Instancing new MixinPlatformAgentMinecraftForge for SecureJarResource(naturescompass)
[10Aug2026 03:02:38.639] [main/DEBUG] [mixin/]: MixinPlatformAgentMinecraftForge rejected container SecureJarResource(naturescompass)
[10Aug2026 03:02:38.639] [main/DEBUG] [mixin/]: Instancing new MixinPlatformAgentDefault for SecureJarResource(naturescompass)
[10Aug2026 03:02:38.639] [main/DEBUG] [mixin/]: MixinPlatformAgentDefault accepted container SecureJarResource(naturescompass)
[10Aug2026 03:02:38.639] [main/DEBUG] [mixin/]: Processing prepare() for PlatformAgent[MixinPlatformAgentDefault:SecureJarResource(naturescompass)]
[10Aug2026 03:02:38.639] [main/DEBUG] [mixin/]: Adding mixin platform agents for container SecureJarResource(artifacts)
[10Aug2026 03:02:38.639] [main/DEBUG] [mixin/]: Instancing new MixinPlatformAgentMinecraftForge for SecureJarResource(artifacts)
[10Aug2026 03:02:38.640] [main/DEBUG] [mixin/]: MixinPlatformAgentMinecraftForge rejected container SecureJarResource(artifacts)
[10Aug2026 03:02:38.640] [main/DEBUG] [mixin/]: Instancing new MixinPlatformAgentDefault for SecureJarResource(artifacts)
[10Aug2026 03:02:38.640] [main/DEBUG] [mixin/]: MixinPlatformAgentDefault accepted container SecureJarResource(artifacts)
[10Aug2026 03:02:38.640] [main/DEBUG] [mixin/]: Processing prepare() for PlatformAgent[MixinPlatformAgentDefault:SecureJarResource(artifacts)]
[10Aug2026 03:02:38.640] [main/DEBUG] [mixin/]: Registering mixin config: mixins.artifacts.common.json
[10Aug2026 03:02:38.644] [main/DEBUG] [mixin/]: Registering mixin config: mixins.artifacts.forge.json
[10Aug2026 03:02:38.646] [main/DEBUG] [mixin/]: Adding mixin platform agents for container SecureJarResource(sophisticatedbackpacks)
[10Aug2026 03:02:38.646] [main/DEBUG] [mixin/]: Instancing new MixinPlatformAgentMinecraftForge for SecureJarResource(sophisticatedbackpacks)
[10Aug2026 03:02:38.646] [main/DEBUG] [mixin/]: MixinPlatformAgentMinecraftForge rejected container SecureJarResource(sophisticatedbackpacks)
[10Aug2026 03:02:38.646] [main/DEBUG] [mixin/]: Instancing new MixinPlatformAgentDefault for SecureJarResource(sophisticatedbackpacks)
[10Aug2026 03:02:38.646] [main/DEBUG] [mixin/]: MixinPlatformAgentDefault accepted container SecureJarResource(sophisticatedbackpacks)
[10Aug2026 03:02:38.647] [main/DEBUG] [mixin/]: Processing prepare() for PlatformAgent[MixinPlatformAgentDefault:SecureJarResource(sophisticatedbackpacks)]
[10Aug2026 03:02:38.647] [main/DEBUG] [mixin/]: Registering mixin config: sophisticatedbackpacks.mixins.json
[10Aug2026 03:02:38.648] [main/DEBUG] [mixin/]: Adding mixin platform agents for container SecureJarResource(iceandfire)
[10Aug2026 03:02:38.648] [main/DEBUG] [mixin/]: Instancing new MixinPlatformAgentMinecraftForge for SecureJarResource(iceandfire)
[10Aug2026 03:02:38.648] [main/DEBUG] [mixin/]: MixinPlatformAgentMinecraftForge rejected container SecureJarResource(iceandfire)
[10Aug2026 03:02:38.649] [main/DEBUG] [mixin/]: Instancing new MixinPlatformAgentDefault for SecureJarResource(iceandfire)
[10Aug2026 03:02:38.649] [main/DEBUG] [mixin/]: MixinPlatformAgentDefault accepted container SecureJarResource(iceandfire)
[10Aug2026 03:02:38.649] [main/DEBUG] [mixin/]: Processing prepare() for PlatformAgent[MixinPlatformAgentDefault:SecureJarResource(iceandfire)]
[10Aug2026 03:02:38.649] [main/DEBUG] [mixin/]: Registering mixin config: iceandfire.mixins.json
[10Aug2026 03:02:38.650] [main/DEBUG] [mixin/]: Adding mixin platform agents for container SecureJarResource(bygonenether)
[10Aug2026 03:02:38.651] [main/DEBUG] [mixin/]: Instancing new MixinPlatformAgentMinecraftForge for SecureJarResource(bygonenether)
[10Aug2026 03:02:38.651] [main/DEBUG] [mixin/]: MixinPlatformAgentMinecraftForge rejected container SecureJarResource(bygonenether)
[10Aug2026 03:02:38.651] [main/DEBUG] [mixin/]: Instancing new MixinPlatformAgentDefault for SecureJarResource(bygonenether)
[10Aug2026 03:02:38.651] [main/DEBUG] [mixin/]: MixinPlatformAgentDefault accepted container SecureJarResource(bygonenether)
[10Aug2026 03:02:38.651] [main/DEBUG] [mixin/]: Processing prepare() for PlatformAgent[MixinPlatformAgentDefault:SecureJarResource(bygonenether)]
[10Aug2026 03:02:38.651] [main/DEBUG] [mixin/]: Registering mixin config: bygonenether.mixins.json
[10Aug2026 03:02:38.653] [main/DEBUG] [mixin/]: Adding mixin platform agents for container SecureJarResource(balm)
[10Aug2026 03:02:38.653] [main/DEBUG] [mixin/]: Instancing new MixinPlatformAgentMinecraftForge for SecureJarResource(balm)
[10Aug2026 03:02:38.653] [main/DEBUG] [mixin/]: MixinPlatformAgentMinecraftForge rejected container SecureJarResource(balm)
[10Aug2026 03:02:38.653] [main/DEBUG] [mixin/]: Instancing new MixinPlatformAgentDefault for SecureJarResource(balm)
[10Aug2026 03:02:38.653] [main/DEBUG] [mixin/]: MixinPlatformAgentDefault accepted container SecureJarResource(balm)
[10Aug2026 03:02:38.653] [main/DEBUG] [mixin/]: Processing prepare() for PlatformAgent[MixinPlatformAgentDefault:SecureJarResource(balm)]
[10Aug2026 03:02:38.654] [main/DEBUG] [mixin/]: Registering mixin config: balm.mixins.json
[10Aug2026 03:02:38.655] [main/DEBUG] [mixin/]: Adding mixin platform agents for container SecureJarResource(blueprint)
[10Aug2026 03:02:38.655] [main/DEBUG] [mixin/]: Instancing new MixinPlatformAgentMinecraftForge for SecureJarResource(blueprint)
[10Aug2026 03:02:38.655] [main/DEBUG] [mixin/]: MixinPlatformAgentMinecraftForge rejected container SecureJarResource(blueprint)
[10Aug2026 03:02:38.655] [main/DEBUG] [mixin/]: Instancing new MixinPlatformAgentDefault for SecureJarResource(blueprint)
[10Aug2026 03:02:38.655] [main/DEBUG] [mixin/]: MixinPlatformAgentDefault accepted container SecureJarResource(blueprint)
[10Aug2026 03:02:38.656] [main/DEBUG] [mixin/]: Processing prepare() for PlatformAgent[MixinPlatformAgentDefault:SecureJarResource(blueprint)]
[10Aug2026 03:02:38.656] [main/DEBUG] [mixin/]: Registering mixin config: blueprint.mixins.json
[10Aug2026 03:02:38.657] [main/DEBUG] [mixin/]: Adding mixin platform agents for container SecureJarResource(carryon)
[10Aug2026 03:02:38.657] [main/DEBUG] [mixin/]: Instancing new MixinPlatformAgentMinecraftForge for SecureJarResource(carryon)
[10Aug2026 03:02:38.657] [main/DEBUG] [mixin/]: MixinPlatformAgentMinecraftForge rejected container SecureJarResource(carryon)
[10Aug2026 03:02:38.658] [main/DEBUG] [mixin/]: Instancing new MixinPlatformAgentDefault for SecureJarResource(carryon)
[10Aug2026 03:02:38.658] [main/DEBUG] [mixin/]: MixinPlatformAgentDefault accepted container SecureJarResource(carryon)
[10Aug2026 03:02:38.658] [main/DEBUG] [mixin/]: Processing prepare() for PlatformAgent[MixinPlatformAgentDefault:SecureJarResource(carryon)]
[10Aug2026 03:02:38.658] [main/DEBUG] [mixin/]: Registering mixin config: carryon.mixins.json
[10Aug2026 03:02:38.659] [main/DEBUG] [mixin/]: Registering mixin config: carryon.forge.mixins.json
[10Aug2026 03:02:38.661] [main/DEBUG] [mixin/]: Adding mixin platform agents for container SecureJarResource(puzzlesaccessapi)
[10Aug2026 03:02:38.661] [main/DEBUG] [mixin/]: Instancing new MixinPlatformAgentMinecraftForge for SecureJarResource(puzzlesaccessapi)
[10Aug2026 03:02:38.661] [main/DEBUG] [mixin/]: MixinPlatformAgentMinecraftForge rejected container SecureJarResource(puzzlesaccessapi)
[10Aug2026 03:02:38.661] [main/DEBUG] [mixin/]: Instancing new MixinPlatformAgentDefault for SecureJarResource(puzzlesaccessapi)
[10Aug2026 03:02:38.661] [main/DEBUG] [mixin/]: MixinPlatformAgentDefault accepted container SecureJarResource(puzzlesaccessapi)
[10Aug2026 03:02:38.661] [main/DEBUG] [mixin/]: Processing prepare() for PlatformAgent[MixinPlatformAgentDefault:SecureJarResource(puzzlesaccessapi)]
[10Aug2026 03:02:38.662] [main/DEBUG] [mixin/]: Registering mixin config: puzzlesaccessapi.common.mixins.json
[10Aug2026 03:02:38.663] [main/DEBUG] [mixin/]: Registering mixin config: puzzlesaccessapi.forge.mixins.json
[10Aug2026 03:02:38.664] [main/DEBUG] [mixin/]: Adding mixin platform agents for container SecureJarResource(cloth_config)
[10Aug2026 03:02:38.664] [main/DEBUG] [mixin/]: Instancing new MixinPlatformAgentMinecraftForge for SecureJarResource(cloth_config)
[10Aug2026 03:02:38.665] [main/DEBUG] [mixin/]: MixinPlatformAgentMinecraftForge rejected container SecureJarResource(cloth_config)
[10Aug2026 03:02:38.665] [main/DEBUG] [mixin/]: Instancing new MixinPlatformAgentDefault for SecureJarResource(cloth_config)
[10Aug2026 03:02:38.665] [main/DEBUG] [mixin/]: MixinPlatformAgentDefault accepted container SecureJarResource(cloth_config)
[10Aug2026 03:02:38.665] [main/DEBUG] [mixin/]: Processing prepare() for PlatformAgent[MixinPlatformAgentDefault:SecureJarResource(cloth_config)]
[10Aug2026 03:02:38.665] [main/DEBUG] [mixin/]: Adding mixin platform agents for container SecureJarResource(sound_physics_remastered)
[10Aug2026 03:02:38.665] [main/DEBUG] [mixin/]: Instancing new MixinPlatformAgentMinecraftForge for SecureJarResource(sound_physics_remastered)
[10Aug2026 03:02:38.665] [main/DEBUG] [mixin/]: MixinPlatformAgentMinecraftForge rejected container SecureJarResource(sound_physics_remastered)
[10Aug2026 03:02:38.665] [main/DEBUG] [mixin/]: Instancing new MixinPlatformAgentDefault for SecureJarResource(sound_physics_remastered)
[10Aug2026 03:02:38.665] [main/DEBUG] [mixin/]: MixinPlatformAgentDefault accepted container SecureJarResource(sound_physics_remastered)
[10Aug2026 03:02:38.666] [main/DEBUG] [mixin/]: Processing prepare() for PlatformAgent[MixinPlatformAgentDefault:SecureJarResource(sound_physics_remastered)]
[10Aug2026 03:02:38.666] [main/DEBUG] [mixin/]: Adding mixin platform agents for container SecureJarResource(forge)
[10Aug2026 03:02:38.666] [main/DEBUG] [mixin/]: Instancing new MixinPlatformAgentMinecraftForge for SecureJarResource(forge)
[10Aug2026 03:02:38.666] [main/DEBUG] [mixin/]: MixinPlatformAgentMinecraftForge rejected container SecureJarResource(forge)
[10Aug2026 03:02:38.666] [main/DEBUG] [mixin/]: Instancing new MixinPlatformAgentDefault for SecureJarResource(forge)
[10Aug2026 03:02:38.666] [main/DEBUG] [mixin/]: MixinPlatformAgentDefault accepted container SecureJarResource(forge)
[10Aug2026 03:02:38.666] [main/DEBUG] [mixin/]: Processing prepare() for PlatformAgent[MixinPlatformAgentDefault:SecureJarResource(forge)]
[10Aug2026 03:02:38.666] [main/DEBUG] [mixin/]: Adding mixin platform agents for container SecureJarResource(supplementaries)
[10Aug2026 03:02:38.666] [main/DEBUG] [mixin/]: Instancing new MixinPlatformAgentMinecraftForge for SecureJarResource(supplementaries)
[10Aug2026 03:02:38.667] [main/DEBUG] [mixin/]: MixinPlatformAgentMinecraftForge rejected container SecureJarResource(supplementaries)
[10Aug2026 03:02:38.667] [main/DEBUG] [mixin/]: Instancing new MixinPlatformAgentDefault for SecureJarResource(supplementaries)
[10Aug2026 03:02:38.667] [main/DEBUG] [mixin/]: MixinPlatformAgentDefault accepted container SecureJarResource(supplementaries)
[10Aug2026 03:02:38.667] [main/DEBUG] [mixin/]: Processing prepare() for PlatformAgent[MixinPlatformAgentDefault:SecureJarResource(supplementaries)]
[10Aug2026 03:02:38.667] [main/DEBUG] [mixin/]: Registering mixin config: supplementaries-common.mixins.json
[10Aug2026 03:02:38.669] [main/DEBUG] [mixin/]: Registering mixin config: supplementaries.mixins.json
[10Aug2026 03:02:38.670] [main/DEBUG] [mixin/]: Adding mixin platform agents for container SecureJarResource(ironchest)
[10Aug2026 03:02:38.671] [main/DEBUG] [mixin/]: Instancing new MixinPlatformAgentMinecraftForge for SecureJarResource(ironchest)
[10Aug2026 03:02:38.671] [main/DEBUG] [mixin/]: MixinPlatformAgentMinecraftForge rejected container SecureJarResource(ironchest)
[10Aug2026 03:02:38.671] [main/DEBUG] [mixin/]: Instancing new MixinPlatformAgentDefault for SecureJarResource(ironchest)
[10Aug2026 03:02:38.671] [main/DEBUG] [mixin/]: MixinPlatformAgentDefault accepted container SecureJarResource(ironchest)
[10Aug2026 03:02:38.671] [main/DEBUG] [mixin/]: Processing prepare() for PlatformAgent[MixinPlatformAgentDefault:SecureJarResource(ironchest)]
[10Aug2026 03:02:38.671] [main/DEBUG] [mixin/]: Adding mixin platform agents for container SecureJarResource(minecraft)
[10Aug2026 03:02:38.671] [main/DEBUG] [mixin/]: Instancing new MixinPlatformAgentMinecraftForge for SecureJarResource(minecraft)
[10Aug2026 03:02:38.672] [main/DEBUG] [mixin/]: MixinPlatformAgentMinecraftForge rejected container SecureJarResource(minecraft)
[10Aug2026 03:02:38.672] [main/DEBUG] [mixin/]: Instancing new MixinPlatformAgentDefault for SecureJarResource(minecraft)
[10Aug2026 03:02:38.672] [main/DEBUG] [mixin/]: MixinPlatformAgentDefault accepted container SecureJarResource(minecraft)
[10Aug2026 03:02:38.672] [main/DEBUG] [mixin/]: Processing prepare() for PlatformAgent[MixinPlatformAgentDefault:SecureJarResource(minecraft)]
[10Aug2026 03:02:38.672] [main/DEBUG] [mixin/]: Adding mixin platform agents for container SecureJarResource(endergetic)
[10Aug2026 03:02:38.672] [main/DEBUG] [mixin/]: Instancing new MixinPlatformAgentMinecraftForge for SecureJarResource(endergetic)
[10Aug2026 03:02:38.672] [main/DEBUG] [mixin/]: MixinPlatformAgentMinecraftForge rejected container SecureJarResource(endergetic)
[10Aug2026 03:02:38.672] [main/DEBUG] [mixin/]: Instancing new MixinPlatformAgentDefault for SecureJarResource(endergetic)
[10Aug2026 03:02:38.672] [main/DEBUG] [mixin/]: MixinPlatformAgentDefault accepted container SecureJarResource(endergetic)
[10Aug2026 03:02:38.672] [main/DEBUG] [mixin/]: Processing prepare() for PlatformAgent[MixinPlatformAgentDefault:SecureJarResource(endergetic)]
[10Aug2026 03:02:38.672] [main/DEBUG] [mixin/]: Registering mixin config: endergetic.mixins.json
[10Aug2026 03:02:38.674] [main/DEBUG] [mixin/]: Adding mixin platform agents for container SecureJarResource(alexscaves)
[10Aug2026 03:02:38.675] [main/DEBUG] [mixin/]: Instancing new MixinPlatformAgentMinecraftForge for SecureJarResource(alexscaves)
[10Aug2026 03:02:38.675] [main/DEBUG] [mixin/]: MixinPlatformAgentMinecraftForge rejected container SecureJarResource(alexscaves)
[10Aug2026 03:02:38.675] [main/DEBUG] [mixin/]: Instancing new MixinPlatformAgentDefault for SecureJarResource(alexscaves)
[10Aug2026 03:02:38.675] [main/DEBUG] [mixin/]: MixinPlatformAgentDefault accepted container SecureJarResource(alexscaves)
[10Aug2026 03:02:38.675] [main/DEBUG] [mixin/]: Processing prepare() for PlatformAgent[MixinPlatformAgentDefault:SecureJarResource(alexscaves)]
[10Aug2026 03:02:38.675] [main/DEBUG] [mixin/]: Registering mixin config: citadel.mixins.json
[10Aug2026 03:02:38.675] [main/DEBUG] [mixin/]: Registering mixin config: alexscaves.mixins.json
[10Aug2026 03:02:38.677] [main/DEBUG] [mixin/]: Adding mixin platform agents for container SecureJarResource(littleframes)
[10Aug2026 03:02:38.677] [main/DEBUG] [mixin/]: Instancing new MixinPlatformAgentMinecraftForge for SecureJarResource(littleframes)
[10Aug2026 03:02:38.677] [main/DEBUG] [mixin/]: MixinPlatformAgentMinecraftForge rejected container SecureJarResource(littleframes)
[10Aug2026 03:02:38.678] [main/DEBUG] [mixin/]: Instancing new MixinPlatformAgentDefault for SecureJarResource(littleframes)
[10Aug2026 03:02:38.678] [main/DEBUG] [mixin/]: MixinPlatformAgentDefault accepted container SecureJarResource(littleframes)
[10Aug2026 03:02:38.678] [main/DEBUG] [mixin/]: Processing prepare() for PlatformAgent[MixinPlatformAgentDefault:SecureJarResource(littleframes)]
[10Aug2026 03:02:38.678] [main/DEBUG] [mixin/]: Adding mixin platform agents for container SecureJarResource(terrablender)
[10Aug2026 03:02:38.678] [main/DEBUG] [mixin/]: Instancing new MixinPlatformAgentMinecraftForge for SecureJarResource(terrablender)
[10Aug2026 03:02:38.678] [main/DEBUG] [mixin/]: MixinPlatformAgentMinecraftForge rejected container SecureJarResource(terrablender)
[10Aug2026 03:02:38.678] [main/DEBUG] [mixin/]: Instancing new MixinPlatformAgentDefault for SecureJarResource(terrablender)
[10Aug2026 03:02:38.678] [main/DEBUG] [mixin/]: MixinPlatformAgentDefault accepted container SecureJarResource(terrablender)
[10Aug2026 03:02:38.678] [main/DEBUG] [mixin/]: Processing prepare() for PlatformAgent[MixinPlatformAgentDefault:SecureJarResource(terrablender)]
[10Aug2026 03:02:38.678] [main/DEBUG] [mixin/]: Registering mixin config: terrablender.mixins.json
[10Aug2026 03:02:38.680] [main/DEBUG] [mixin/]: Registering mixin config: terrablender_forge.mixins.json
[10Aug2026 03:02:38.681] [main/DEBUG] [mixin/]: Adding mixin platform agents for container SecureJarResource(moonlight)
[10Aug2026 03:02:38.681] [main/DEBUG] [mixin/]: Instancing new MixinPlatformAgentMinecraftForge for SecureJarResource(moonlight)
[10Aug2026 03:02:38.682] [main/DEBUG] [mixin/]: MixinPlatformAgentMinecraftForge rejected container SecureJarResource(moonlight)
[10Aug2026 03:02:38.682] [main/DEBUG] [mixin/]: Instancing new MixinPlatformAgentDefault for SecureJarResource(moonlight)
[10Aug2026 03:02:38.682] [main/DEBUG] [mixin/]: MixinPlatformAgentDefault accepted container SecureJarResource(moonlight)
[10Aug2026 03:02:38.682] [main/DEBUG] [mixin/]: Processing prepare() for PlatformAgent[MixinPlatformAgentDefault:SecureJarResource(moonlight)]
[10Aug2026 03:02:38.682] [main/DEBUG] [mixin/]: Registering mixin config: moonlight-common.mixins.json
[10Aug2026 03:02:38.684] [main/DEBUG] [mixin/]: Registering mixin config: moonlight.mixins.json
[10Aug2026 03:02:38.685] [main/DEBUG] [mixin/]: Adding mixin platform agents for container SecureJarResource(biomesoplenty)
[10Aug2026 03:02:38.685] [main/DEBUG] [mixin/]: Instancing new MixinPlatformAgentMinecraftForge for SecureJarResource(biomesoplenty)
[10Aug2026 03:02:38.685] [main/DEBUG] [mixin/]: MixinPlatformAgentMinecraftForge rejected container SecureJarResource(biomesoplenty)
[10Aug2026 03:02:38.686] [main/DEBUG] [mixin/]: Instancing new MixinPlatformAgentDefault for SecureJarResource(biomesoplenty)
[10Aug2026 03:02:38.686] [main/DEBUG] [mixin/]: MixinPlatformAgentDefault accepted container SecureJarResource(biomesoplenty)
[10Aug2026 03:02:38.686] [main/DEBUG] [mixin/]: Processing prepare() for PlatformAgent[MixinPlatformAgentDefault:SecureJarResource(biomesoplenty)]
[10Aug2026 03:02:38.686] [main/DEBUG] [mixin/]: Adding mixin platform agents for container SecureJarResource(mixinsquared)
[10Aug2026 03:02:38.686] [main/DEBUG] [mixin/]: Instancing new MixinPlatformAgentMinecraftForge for SecureJarResource(mixinsquared)
[10Aug2026 03:02:38.686] [main/DEBUG] [mixin/]: MixinPlatformAgentMinecraftForge rejected container SecureJarResource(mixinsquared)
[10Aug2026 03:02:38.686] [main/DEBUG] [mixin/]: Instancing new MixinPlatformAgentDefault for SecureJarResource(mixinsquared)
[10Aug2026 03:02:38.686] [main/DEBUG] [mixin/]: MixinPlatformAgentDefault accepted container SecureJarResource(mixinsquared)
[10Aug2026 03:02:38.687] [main/DEBUG] [mixin/]: Processing prepare() for PlatformAgent[MixinPlatformAgentDefault:SecureJarResource(mixinsquared)]
[10Aug2026 03:02:38.687] [main/DEBUG] [mixin/]: Registering mixin config: mixinsquared.init.mixins.json
[10Aug2026 03:02:38.688] [main/DEBUG] [mixin/]: Adding mixin platform agents for container SecureJarResource(jade)
[10Aug2026 03:02:38.688] [main/DEBUG] [mixin/]: Instancing new MixinPlatformAgentMinecraftForge for SecureJarResource(jade)
[10Aug2026 03:02:38.688] [main/DEBUG] [mixin/]: MixinPlatformAgentMinecraftForge rejected container SecureJarResource(jade)
[10Aug2026 03:02:38.689] [main/DEBUG] [mixin/]: Instancing new MixinPlatformAgentDefault for SecureJarResource(jade)
[10Aug2026 03:02:38.689] [main/DEBUG] [mixin/]: MixinPlatformAgentDefault accepted container SecureJarResource(jade)
[10Aug2026 03:02:38.689] [main/DEBUG] [mixin/]: Processing prepare() for PlatformAgent[MixinPlatformAgentDefault:SecureJarResource(jade)]
[10Aug2026 03:02:38.689] [main/DEBUG] [mixin/]: Registering mixin config: jade.mixins.json
[10Aug2026 03:02:38.690] [main/DEBUG] [mixin/]: Compatibility level JAVA_16 specified by jade.mixins.json is higher than the maximum level supported by this version of mixin (JAVA_13).
[10Aug2026 03:02:38.691] [main/DEBUG] [mixin/]: Adding mixin platform agents for container SecureJarResource(endrem)
[10Aug2026 03:02:38.691] [main/DEBUG] [mixin/]: Instancing new MixinPlatformAgentMinecraftForge for SecureJarResource(endrem)
[10Aug2026 03:02:38.691] [main/DEBUG] [mixin/]: MixinPlatformAgentMinecraftForge rejected container SecureJarResource(endrem)
[10Aug2026 03:02:38.691] [main/DEBUG] [mixin/]: Instancing new MixinPlatformAgentDefault for SecureJarResource(endrem)
[10Aug2026 03:02:38.691] [main/DEBUG] [mixin/]: MixinPlatformAgentDefault accepted container SecureJarResource(endrem)
[10Aug2026 03:02:38.691] [main/DEBUG] [mixin/]: Processing prepare() for PlatformAgent[MixinPlatformAgentDefault:SecureJarResource(endrem)]
[10Aug2026 03:02:38.691] [main/DEBUG] [mixin/]: Registering mixin config: endrem.mixins.json
[10Aug2026 03:02:38.693] [main/DEBUG] [mixin/]: Adding mixin platform agents for container SecureJarResource(creativecore)
[10Aug2026 03:02:38.693] [main/DEBUG] [mixin/]: Instancing new MixinPlatformAgentMinecraftForge for SecureJarResource(creativecore)
[10Aug2026 03:02:38.693] [main/DEBUG] [mixin/]: MixinPlatformAgentMinecraftForge rejected container SecureJarResource(creativecore)
[10Aug2026 03:02:38.693] [main/DEBUG] [mixin/]: Instancing new MixinPlatformAgentDefault for SecureJarResource(creativecore)
[10Aug2026 03:02:38.693] [main/DEBUG] [mixin/]: MixinPlatformAgentDefault accepted container SecureJarResource(creativecore)
[10Aug2026 03:02:38.693] [main/DEBUG] [mixin/]: Processing prepare() for PlatformAgent[MixinPlatformAgentDefault:SecureJarResource(creativecore)]
[10Aug2026 03:02:38.693] [main/DEBUG] [mixin/]: Registering mixin config: creativecore.mixins.json
[10Aug2026 03:02:38.695] [main/DEBUG] [mixin/]: Registering mixin config: creativecore.forge.mixins.json
[10Aug2026 03:02:38.696] [main/DEBUG] [mixin/]: Adding mixin platform agents for container SecureJarResource(chunky)
[10Aug2026 03:02:38.696] [main/DEBUG] [mixin/]: Instancing new MixinPlatformAgentMinecraftForge for SecureJarResource(chunky)
[10Aug2026 03:02:38.696] [main/DEBUG] [mixin/]: MixinPlatformAgentMinecraftForge rejected container SecureJarResource(chunky)
[10Aug2026 03:02:38.696] [main/DEBUG] [mixin/]: Instancing new MixinPlatformAgentDefault for SecureJarResource(chunky)
[10Aug2026 03:02:38.696] [main/DEBUG] [mixin/]: MixinPlatformAgentDefault accepted container SecureJarResource(chunky)
[10Aug2026 03:02:38.696] [main/DEBUG] [mixin/]: Processing prepare() for PlatformAgent[MixinPlatformAgentDefault:SecureJarResource(chunky)]
[10Aug2026 03:02:38.697] [main/DEBUG] [mixin/]: Adding mixin platform agents for container SecureJarResource(spectrelib)
[10Aug2026 03:02:38.697] [main/DEBUG] [mixin/]: Instancing new MixinPlatformAgentMinecraftForge for SecureJarResource(spectrelib)
[10Aug2026 03:02:38.697] [main/DEBUG] [mixin/]: MixinPlatformAgentMinecraftForge rejected container SecureJarResource(spectrelib)
[10Aug2026 03:02:38.697] [main/DEBUG] [mixin/]: Instancing new MixinPlatformAgentDefault for SecureJarResource(spectrelib)
[10Aug2026 03:02:38.697] [main/DEBUG] [mixin/]: MixinPlatformAgentDefault accepted container SecureJarResource(spectrelib)
[10Aug2026 03:02:38.697] [main/DEBUG] [mixin/]: Processing prepare() for PlatformAgent[MixinPlatformAgentDefault:SecureJarResource(spectrelib)]
[10Aug2026 03:02:38.697] [main/DEBUG] [mixin/]: Adding mixin platform agents for container SecureJarResource(supermartijn642corelib)
[10Aug2026 03:02:38.697] [main/DEBUG] [mixin/]: Instancing new MixinPlatformAgentMinecraftForge for SecureJarResource(supermartijn642corelib)
[10Aug2026 03:02:38.697] [main/DEBUG] [mixin/]: MixinPlatformAgentMinecraftForge rejected container SecureJarResource(supermartijn642corelib)
[10Aug2026 03:02:38.698] [main/DEBUG] [mixin/]: Instancing new MixinPlatformAgentDefault for SecureJarResource(supermartijn642corelib)
[10Aug2026 03:02:38.698] [main/DEBUG] [mixin/]: MixinPlatformAgentDefault accepted container SecureJarResource(supermartijn642corelib)
[10Aug2026 03:02:38.698] [main/DEBUG] [mixin/]: Processing prepare() for PlatformAgent[MixinPlatformAgentDefault:SecureJarResource(supermartijn642corelib)]
[10Aug2026 03:02:38.698] [main/DEBUG] [mixin/]: Registering mixin config: supermartijn642corelib.mixins.json
[10Aug2026 03:02:38.699] [main/DEBUG] [mixin/]: Adding mixin platform agents for container SecureJarResource(lionfishapi)
[10Aug2026 03:02:38.699] [main/DEBUG] [mixin/]: Instancing new MixinPlatformAgentMinecraftForge for SecureJarResource(lionfishapi)
[10Aug2026 03:02:38.700] [main/DEBUG] [mixin/]: MixinPlatformAgentMinecraftForge rejected container SecureJarResource(lionfishapi)
[10Aug2026 03:02:38.700] [main/DEBUG] [mixin/]: Instancing new MixinPlatformAgentDefault for SecureJarResource(lionfishapi)
[10Aug2026 03:02:38.700] [main/DEBUG] [mixin/]: MixinPlatformAgentDefault accepted container SecureJarResource(lionfishapi)
[10Aug2026 03:02:38.700] [main/DEBUG] [mixin/]: Processing prepare() for PlatformAgent[MixinPlatformAgentDefault:SecureJarResource(lionfishapi)]
[10Aug2026 03:02:38.700] [main/DEBUG] [mixin/]: Registering mixin config: lionfishapi.mixins.json
[10Aug2026 03:02:38.701] [main/DEBUG] [mixin/]: Adding mixin platform agents for container SecureJarResource(kotlinforforge)
[10Aug2026 03:02:38.701] [main/DEBUG] [mixin/]: Instancing new MixinPlatformAgentMinecraftForge for SecureJarResource(kotlinforforge)
[10Aug2026 03:02:38.702] [main/DEBUG] [mixin/]: MixinPlatformAgentMinecraftForge rejected container SecureJarResource(kotlinforforge)
[10Aug2026 03:02:38.702] [main/DEBUG] [mixin/]: Instancing new MixinPlatformAgentDefault for SecureJarResource(kotlinforforge)
[10Aug2026 03:02:38.702] [main/DEBUG] [mixin/]: MixinPlatformAgentDefault accepted container SecureJarResource(kotlinforforge)
[10Aug2026 03:02:38.702] [main/DEBUG] [mixin/]: Processing prepare() for PlatformAgent[MixinPlatformAgentDefault:SecureJarResource(kotlinforforge)]
[10Aug2026 03:02:38.702] [main/DEBUG] [mixin/]: Adding mixin platform agents for container SecureJarResource(cataclysm)
[10Aug2026 03:02:38.702] [main/DEBUG] [mixin/]: Instancing new MixinPlatformAgentMinecraftForge for SecureJarResource(cataclysm)
[10Aug2026 03:02:38.702] [main/DEBUG] [mixin/]: MixinPlatformAgentMinecraftForge rejected container SecureJarResource(cataclysm)
[10Aug2026 03:02:38.702] [main/DEBUG] [mixin/]: Instancing new MixinPlatformAgentDefault for SecureJarResource(cataclysm)
[10Aug2026 03:02:38.702] [main/DEBUG] [mixin/]: MixinPlatformAgentDefault accepted container SecureJarResource(cataclysm)
[10Aug2026 03:02:38.702] [main/DEBUG] [mixin/]: Processing prepare() for PlatformAgent[MixinPlatformAgentDefault:SecureJarResource(cataclysm)]
[10Aug2026 03:02:38.702] [main/DEBUG] [mixin/]: Registering mixin config: lionfishapi.mixins.json
[10Aug2026 03:02:38.703] [main/DEBUG] [mixin/]: Registering mixin config: cataclysm.mixins.json
[10Aug2026 03:02:38.704] [main/DEBUG] [mixin/]: Adding mixin platform agents for container SecureJarResource(curios)
[10Aug2026 03:02:38.704] [main/DEBUG] [mixin/]: Instancing new MixinPlatformAgentMinecraftForge for SecureJarResource(curios)
[10Aug2026 03:02:38.704] [main/DEBUG] [mixin/]: MixinPlatformAgentMinecraftForge rejected container SecureJarResource(curios)
[10Aug2026 03:02:38.704] [main/DEBUG] [mixin/]: Instancing new MixinPlatformAgentDefault for SecureJarResource(curios)
[10Aug2026 03:02:38.704] [main/DEBUG] [mixin/]: MixinPlatformAgentDefault accepted container SecureJarResource(curios)
[10Aug2026 03:02:38.705] [main/DEBUG] [mixin/]: Processing prepare() for PlatformAgent[MixinPlatformAgentDefault:SecureJarResource(curios)]
[10Aug2026 03:02:38.705] [main/DEBUG] [mixin/]: Registering mixin config: curios.mixins.json
[10Aug2026 03:02:38.706] [main/DEBUG] [mixin/]: Adding mixin platform agents for container SecureJarResource(patchouli)
[10Aug2026 03:02:38.706] [main/DEBUG] [mixin/]: Instancing new MixinPlatformAgentMinecraftForge for SecureJarResource(patchouli)
[10Aug2026 03:02:38.706] [main/DEBUG] [mixin/]: MixinPlatformAgentMinecraftForge rejected container SecureJarResource(patchouli)
[10Aug2026 03:02:38.706] [main/DEBUG] [mixin/]: Instancing new MixinPlatformAgentDefault for SecureJarResource(patchouli)
[10Aug2026 03:02:38.706] [main/DEBUG] [mixin/]: MixinPlatformAgentDefault accepted container SecureJarResource(patchouli)
[10Aug2026 03:02:38.706] [main/DEBUG] [mixin/]: Processing prepare() for PlatformAgent[MixinPlatformAgentDefault:SecureJarResource(patchouli)]
[10Aug2026 03:02:38.707] [main/DEBUG] [mixin/]: Registering mixin config: patchouli_xplat.mixins.json
[10Aug2026 03:02:38.708] [main/DEBUG] [mixin/]: Adding mixin platform agents for container SecureJarResource(xaerominimap)
[10Aug2026 03:02:38.708] [main/DEBUG] [mixin/]: Instancing new MixinPlatformAgentMinecraftForge for SecureJarResource(xaerominimap)
[10Aug2026 03:02:38.708] [main/DEBUG] [mixin/]: MixinPlatformAgentMinecraftForge rejected container SecureJarResource(xaerominimap)
[10Aug2026 03:02:38.708] [main/DEBUG] [mixin/]: Instancing new MixinPlatformAgentDefault for SecureJarResource(xaerominimap)
[10Aug2026 03:02:38.708] [main/DEBUG] [mixin/]: MixinPlatformAgentDefault accepted container SecureJarResource(xaerominimap)
[10Aug2026 03:02:38.708] [main/DEBUG] [mixin/]: Processing prepare() for PlatformAgent[MixinPlatformAgentDefault:SecureJarResource(xaerominimap)]
[10Aug2026 03:02:38.708] [main/DEBUG] [mixin/]: Registering mixin config: xaerohud.mixins.json
[10Aug2026 03:02:38.710] [main/DEBUG] [mixin/]: Registering mixin config: xaerohud.forge.mixins.json
[10Aug2026 03:02:38.711] [main/DEBUG] [mixin/]: Registering mixin config: xaerominimap.mixins.json
[10Aug2026 03:02:38.712] [main/DEBUG] [mixin/]: Registering mixin config: xaerominimap.forge.mixins.json
[10Aug2026 03:02:38.714] [main/DEBUG] [mixin/]: Adding mixin platform agents for container SecureJarResource(betterbiomeblend)
[10Aug2026 03:02:38.714] [main/DEBUG] [mixin/]: Instancing new MixinPlatformAgentMinecraftForge for SecureJarResource(betterbiomeblend)
[10Aug2026 03:02:38.714] [main/DEBUG] [mixin/]: MixinPlatformAgentMinecraftForge rejected container SecureJarResource(betterbiomeblend)
[10Aug2026 03:02:38.714] [main/DEBUG] [mixin/]: Instancing new MixinPlatformAgentDefault for SecureJarResource(betterbiomeblend)
[10Aug2026 03:02:38.714] [main/DEBUG] [mixin/]: MixinPlatformAgentDefault accepted container SecureJarResource(betterbiomeblend)
[10Aug2026 03:02:38.714] [main/DEBUG] [mixin/]: Processing prepare() for PlatformAgent[MixinPlatformAgentDefault:SecureJarResource(betterbiomeblend)]
[10Aug2026 03:02:38.714] [main/DEBUG] [mixin/]: Registering mixin config: betterbiomeblend.mixins.json
[10Aug2026 03:02:38.716] [main/DEBUG] [mixin/]: Registering mixin config: betterbiomeblend-embeddium.mixins.json
[10Aug2026 03:02:38.717] [main/DEBUG] [mixin/]: Adding mixin platform agents for container SecureJarResource(polymorph)
[10Aug2026 03:02:38.718] [main/DEBUG] [mixin/]: Instancing new MixinPlatformAgentMinecraftForge for SecureJarResource(polymorph)
[10Aug2026 03:02:38.718] [main/DEBUG] [mixin/]: MixinPlatformAgentMinecraftForge rejected container SecureJarResource(polymorph)
[10Aug2026 03:02:38.718] [main/DEBUG] [mixin/]: Instancing new MixinPlatformAgentDefault for SecureJarResource(polymorph)
[10Aug2026 03:02:38.718] [main/DEBUG] [mixin/]: MixinPlatformAgentDefault accepted container SecureJarResource(polymorph)
[10Aug2026 03:02:38.718] [main/DEBUG] [mixin/]: Processing prepare() for PlatformAgent[MixinPlatformAgentDefault:SecureJarResource(polymorph)]
[10Aug2026 03:02:38.718] [main/DEBUG] [mixin/]: Registering mixin config: polymorph.mixins.json
[10Aug2026 03:02:38.719] [main/DEBUG] [mixin/]: Registering mixin config: polymorph-integrations.forge.mixins.json
[10Aug2026 03:02:38.721] [main/DEBUG] [mixin/]: Compatibility level JAVA_16 specified by polymorph-integrations.forge.mixins.json is higher than the maximum level supported by this version of mixin (JAVA_13).
[10Aug2026 03:02:38.721] [main/DEBUG] [mixin/]: Adding mixin platform agents for container SecureJarResource(securitycraft)
[10Aug2026 03:02:38.721] [main/DEBUG] [mixin/]: Instancing new MixinPlatformAgentMinecraftForge for SecureJarResource(securitycraft)
[10Aug2026 03:02:38.721] [main/DEBUG] [mixin/]: MixinPlatformAgentMinecraftForge rejected container SecureJarResource(securitycraft)
[10Aug2026 03:02:38.721] [main/DEBUG] [mixin/]: Instancing new MixinPlatformAgentDefault for SecureJarResource(securitycraft)
[10Aug2026 03:02:38.721] [main/DEBUG] [mixin/]: MixinPlatformAgentDefault accepted container SecureJarResource(securitycraft)
[10Aug2026 03:02:38.721] [main/DEBUG] [mixin/]: Processing prepare() for PlatformAgent[MixinPlatformAgentDefault:SecureJarResource(securitycraft)]
[10Aug2026 03:02:38.721] [main/DEBUG] [mixin/]: Registering mixin config: securitycraft.mixins.json
[10Aug2026 03:02:38.723] [main/DEBUG] [mixin/]: Adding mixin platform agents for container SecureJarResource(mr_dungeons_andtaverns)
[10Aug2026 03:02:38.723] [main/DEBUG] [mixin/]: Instancing new MixinPlatformAgentMinecraftForge for SecureJarResource(mr_dungeons_andtaverns)
[10Aug2026 03:02:38.723] [main/DEBUG] [mixin/]: MixinPlatformAgentMinecraftForge rejected container SecureJarResource(mr_dungeons_andtaverns)
[10Aug2026 03:02:38.723] [main/DEBUG] [mixin/]: Instancing new MixinPlatformAgentDefault for SecureJarResource(mr_dungeons_andtaverns)
[10Aug2026 03:02:38.724] [main/DEBUG] [mixin/]: MixinPlatformAgentDefault accepted container SecureJarResource(mr_dungeons_andtaverns)
[10Aug2026 03:02:38.724] [main/DEBUG] [mixin/]: Processing prepare() for PlatformAgent[MixinPlatformAgentDefault:SecureJarResource(mr_dungeons_andtaverns)]
[10Aug2026 03:02:38.724] [main/DEBUG] [mixin/]: Adding mixin platform agents for container SecureJarResource(entityculling)
[10Aug2026 03:02:38.724] [main/DEBUG] [mixin/]: Instancing new MixinPlatformAgentMinecraftForge for SecureJarResource(entityculling)
[10Aug2026 03:02:38.724] [main/DEBUG] [mixin/]: MixinPlatformAgentMinecraftForge rejected container SecureJarResource(entityculling)
[10Aug2026 03:02:38.724] [main/DEBUG] [mixin/]: Instancing new MixinPlatformAgentDefault for SecureJarResource(entityculling)
[10Aug2026 03:02:38.724] [main/DEBUG] [mixin/]: MixinPlatformAgentDefault accepted container SecureJarResource(entityculling)
[10Aug2026 03:02:38.724] [main/DEBUG] [mixin/]: Processing prepare() for PlatformAgent[MixinPlatformAgentDefault:SecureJarResource(entityculling)]
[10Aug2026 03:02:38.724] [main/DEBUG] [mixin/]: Registering mixin config: entityculling.mixins.json
[10Aug2026 03:02:38.726] [main/DEBUG] [mixin/]: Compatibility level JAVA_16 specified by entityculling.mixins.json is higher than the maximum level supported by this version of mixin (JAVA_13).
[10Aug2026 03:02:38.726] [main/DEBUG] [mixin/]: Adding mixin platform agents for container SecureJarResource(tombstone)
[10Aug2026 03:02:38.726] [main/DEBUG] [mixin/]: Instancing new MixinPlatformAgentMinecraftForge for SecureJarResource(tombstone)
[10Aug2026 03:02:38.726] [main/DEBUG] [mixin/]: MixinPlatformAgentMinecraftForge rejected container SecureJarResource(tombstone)
[10Aug2026 03:02:38.726] [main/DEBUG] [mixin/]: Instancing new MixinPlatformAgentDefault for SecureJarResource(tombstone)
[10Aug2026 03:02:38.726] [main/DEBUG] [mixin/]: MixinPlatformAgentDefault accepted container SecureJarResource(tombstone)
[10Aug2026 03:02:38.726] [main/DEBUG] [mixin/]: Processing prepare() for PlatformAgent[MixinPlatformAgentDefault:SecureJarResource(tombstone)]
[10Aug2026 03:02:38.726] [main/DEBUG] [mixin/]: Registering mixin config: tombstone.mixins.json
[10Aug2026 03:02:38.728] [main/DEBUG] [mixin/]: Adding mixin platform agents for container SecureJarResource(immediatelyfast)
[10Aug2026 03:02:38.728] [main/DEBUG] [mixin/]: Instancing new MixinPlatformAgentMinecraftForge for SecureJarResource(immediatelyfast)
[10Aug2026 03:02:38.728] [main/DEBUG] [mixin/]: MixinPlatformAgentMinecraftForge rejected container SecureJarResource(immediatelyfast)
[10Aug2026 03:02:38.728] [main/DEBUG] [mixin/]: Instancing new MixinPlatformAgentDefault for SecureJarResource(immediatelyfast)
[10Aug2026 03:02:38.728] [main/DEBUG] [mixin/]: MixinPlatformAgentDefault accepted container SecureJarResource(immediatelyfast)
[10Aug2026 03:02:38.728] [main/DEBUG] [mixin/]: Processing prepare() for PlatformAgent[MixinPlatformAgentDefault:SecureJarResource(immediatelyfast)]
[10Aug2026 03:02:38.728] [main/DEBUG] [mixin/]: Registering mixin config: immediatelyfast-common.mixins.json
[10Aug2026 03:02:38.730] [main/DEBUG] [mixin/]: Registering mixin config: immediatelyfast-forge.mixins.json
[10Aug2026 03:02:38.734] [main/DEBUG] [mixin/]: Adding mixin platform agents for container SecureJarResource(coroutil)
[10Aug2026 03:02:38.735] [main/DEBUG] [mixin/]: Instancing new MixinPlatformAgentMinecraftForge for SecureJarResource(coroutil)
[10Aug2026 03:02:38.735] [main/DEBUG] [mixin/]: MixinPlatformAgentMinecraftForge rejected container SecureJarResource(coroutil)
[10Aug2026 03:02:38.735] [main/DEBUG] [mixin/]: Instancing new MixinPlatformAgentDefault for SecureJarResource(coroutil)
[10Aug2026 03:02:38.735] [main/DEBUG] [mixin/]: MixinPlatformAgentDefault accepted container SecureJarResource(coroutil)
[10Aug2026 03:02:38.735] [main/DEBUG] [mixin/]: Processing prepare() for PlatformAgent[MixinPlatformAgentDefault:SecureJarResource(coroutil)]
[10Aug2026 03:02:38.736] [main/DEBUG] [mixin/]: Registering mixin config: coroutil.mixins.json
[10Aug2026 03:02:38.737] [main/DEBUG] [mixin/]: Adding mixin platform agents for container SecureJarResource(fastfurnace)
[10Aug2026 03:02:38.737] [main/DEBUG] [mixin/]: Instancing new MixinPlatformAgentMinecraftForge for SecureJarResource(fastfurnace)
[10Aug2026 03:02:38.737] [main/DEBUG] [mixin/]: MixinPlatformAgentMinecraftForge rejected container SecureJarResource(fastfurnace)
[10Aug2026 03:02:38.737] [main/DEBUG] [mixin/]: Instancing new MixinPlatformAgentDefault for SecureJarResource(fastfurnace)
[10Aug2026 03:02:38.737] [main/DEBUG] [mixin/]: MixinPlatformAgentDefault accepted container SecureJarResource(fastfurnace)
[10Aug2026 03:02:38.737] [main/DEBUG] [mixin/]: Processing prepare() for PlatformAgent[MixinPlatformAgentDefault:SecureJarResource(fastfurnace)]
[10Aug2026 03:02:38.737] [main/DEBUG] [mixin/]: Registering mixin config: fastfurnace.mixins.json
[10Aug2026 03:02:38.739] [main/DEBUG] [mixin/]: Adding mixin platform agents for container SecureJarResource(architectury)
[10Aug2026 03:02:38.739] [main/DEBUG] [mixin/]: Instancing new MixinPlatformAgentMinecraftForge for SecureJarResource(architectury)
[10Aug2026 03:02:38.739] [main/DEBUG] [mixin/]: MixinPlatformAgentMinecraftForge rejected container SecureJarResource(architectury)
[10Aug2026 03:02:38.739] [main/DEBUG] [mixin/]: Instancing new MixinPlatformAgentDefault for SecureJarResource(architectury)
[10Aug2026 03:02:38.739] [main/DEBUG] [mixin/]: MixinPlatformAgentDefault accepted container SecureJarResource(architectury)
[10Aug2026 03:02:38.739] [main/DEBUG] [mixin/]: Processing prepare() for PlatformAgent[MixinPlatformAgentDefault:SecureJarResource(architectury)]
[10Aug2026 03:02:38.739] [main/DEBUG] [mixin/]: Registering mixin config: architectury.mixins.json
[10Aug2026 03:02:38.741] [main/DEBUG] [mixin/]: Compatibility level JAVA_16 specified by architectury.mixins.json is higher than the maximum level supported by this version of mixin (JAVA_13).
[10Aug2026 03:02:38.741] [main/DEBUG] [mixin/]: Registering mixin config: architectury-common.mixins.json
[10Aug2026 03:02:38.742] [main/DEBUG] [mixin/]: Compatibility level JAVA_16 specified by architectury-common.mixins.json is higher than the maximum level supported by this version of mixin (JAVA_13).
[10Aug2026 03:02:38.743] [main/DEBUG] [mixin/]: Adding mixin platform agents for container SecureJarResource(skin_changer)
[10Aug2026 03:02:38.743] [main/DEBUG] [mixin/]: Instancing new MixinPlatformAgentMinecraftForge for SecureJarResource(skin_changer)
[10Aug2026 03:02:38.743] [main/DEBUG] [mixin/]: MixinPlatformAgentMinecraftForge rejected container SecureJarResource(skin_changer)
[10Aug2026 03:02:38.743] [main/DEBUG] [mixin/]: Instancing new MixinPlatformAgentDefault for SecureJarResource(skin_changer)
[10Aug2026 03:02:38.743] [main/DEBUG] [mixin/]: MixinPlatformAgentDefault accepted container SecureJarResource(skin_changer)
[10Aug2026 03:02:38.743] [main/DEBUG] [mixin/]: Processing prepare() for PlatformAgent[MixinPlatformAgentDefault:SecureJarResource(skin_changer)]
[10Aug2026 03:02:38.743] [main/DEBUG] [mixin/]: Registering mixin config: skin_changer.mixins.json
[10Aug2026 03:02:38.745] [main/DEBUG] [mixin/]: Adding mixin platform agents for container SecureJarResource(ferritecore)
[10Aug2026 03:02:38.745] [main/DEBUG] [mixin/]: Instancing new MixinPlatformAgentMinecraftForge for SecureJarResource(ferritecore)
[10Aug2026 03:02:38.745] [main/DEBUG] [mixin/]: MixinPlatformAgentMinecraftForge rejected container SecureJarResource(ferritecore)
[10Aug2026 03:02:38.745] [main/DEBUG] [mixin/]: Instancing new MixinPlatformAgentDefault for SecureJarResource(ferritecore)
[10Aug2026 03:02:38.745] [main/DEBUG] [mixin/]: MixinPlatformAgentDefault accepted container SecureJarResource(ferritecore)
[10Aug2026 03:02:38.745] [main/DEBUG] [mixin/]: Processing prepare() for PlatformAgent[MixinPlatformAgentDefault:SecureJarResource(ferritecore)]
[10Aug2026 03:02:38.746] [main/DEBUG] [mixin/]: Registering mixin config: ferritecore.predicates.mixin.json
[10Aug2026 03:02:38.748] [main/DEBUG] [mixin/]: Registering mixin config: ferritecore.fastmap.mixin.json
[10Aug2026 03:02:38.749] [main/DEBUG] [mixin/]: Registering mixin config: ferritecore.mrl.mixin.json
[10Aug2026 03:02:38.750] [main/DEBUG] [mixin/]: Registering mixin config: ferritecore.dedupmultipart.mixin.json
[10Aug2026 03:02:38.752] [main/DEBUG] [mixin/]: Registering mixin config: ferritecore.blockstatecache.mixin.json
[10Aug2026 03:02:38.753] [main/DEBUG] [mixin/]: Registering mixin config: ferritecore.dedupbakedquad.mixin.json
[10Aug2026 03:02:38.755] [main/DEBUG] [mixin/]: Registering mixin config: ferritecore.threaddetec.mixin.json
[10Aug2026 03:02:38.756] [main/DEBUG] [mixin/]: Registering mixin config: ferritecore.modelsides.mixin.json
[10Aug2026 03:02:38.757] [main/DEBUG] [mixin/]: Adding mixin platform agents for container SecureJarResource(cupboard)
[10Aug2026 03:02:38.757] [main/DEBUG] [mixin/]: Instancing new MixinPlatformAgentMinecraftForge for SecureJarResource(cupboard)
[10Aug2026 03:02:38.758] [main/DEBUG] [mixin/]: MixinPlatformAgentMinecraftForge rejected container SecureJarResource(cupboard)
[10Aug2026 03:02:38.758] [main/DEBUG] [mixin/]: Instancing new MixinPlatformAgentDefault for SecureJarResource(cupboard)
[10Aug2026 03:02:38.758] [main/DEBUG] [mixin/]: MixinPlatformAgentDefault accepted container SecureJarResource(cupboard)
[10Aug2026 03:02:38.758] [main/DEBUG] [mixin/]: Processing prepare() for PlatformAgent[MixinPlatformAgentDefault:SecureJarResource(cupboard)]
[10Aug2026 03:02:38.758] [main/DEBUG] [mixin/]: Registering mixin config: cupboard.mixins.json
[10Aug2026 03:02:38.759] [main/DEBUG] [mixin/]: Adding mixin platform agents for container SecureJarResource(transition)
[10Aug2026 03:02:38.759] [main/DEBUG] [mixin/]: Instancing new MixinPlatformAgentMinecraftForge for SecureJarResource(transition)
[10Aug2026 03:02:38.759] [main/DEBUG] [mixin/]: MixinPlatformAgentMinecraftForge rejected container SecureJarResource(transition)
[10Aug2026 03:02:38.760] [main/DEBUG] [mixin/]: Instancing new MixinPlatformAgentDefault for SecureJarResource(transition)
[10Aug2026 03:02:38.760] [main/DEBUG] [mixin/]: MixinPlatformAgentDefault accepted container SecureJarResource(transition)
[10Aug2026 03:02:38.760] [main/DEBUG] [mixin/]: Processing prepare() for PlatformAgent[MixinPlatformAgentDefault:SecureJarResource(transition)]
[10Aug2026 03:02:38.760] [main/DEBUG] [mixin/]: Registering mixin config: transition.mixins.json
[10Aug2026 03:02:38.761] [main/DEBUG] [mixin/]: Adding mixin platform agents for container SecureJarResource(refurbished_furniture)
[10Aug2026 03:02:38.761] [main/DEBUG] [mixin/]: Instancing new MixinPlatformAgentMinecraftForge for SecureJarResource(refurbished_furniture)
[10Aug2026 03:02:38.761] [main/DEBUG] [mixin/]: MixinPlatformAgentMinecraftForge rejected container SecureJarResource(refurbished_furniture)
[10Aug2026 03:02:38.761] [main/DEBUG] [mixin/]: Instancing new MixinPlatformAgentDefault for SecureJarResource(refurbished_furniture)
[10Aug2026 03:02:38.762] [main/DEBUG] [mixin/]: MixinPlatformAgentDefault accepted container SecureJarResource(refurbished_furniture)
[10Aug2026 03:02:38.762] [main/DEBUG] [mixin/]: Processing prepare() for PlatformAgent[MixinPlatformAgentDefault:SecureJarResource(refurbished_furniture)]
[10Aug2026 03:02:38.762] [main/DEBUG] [mixin/]: Registering mixin config: refurbished_furniture.common.mixins.json
[10Aug2026 03:02:38.764] [main/DEBUG] [mixin/]: Adding mixin platform agents for container SecureJarResource(puzzleslib)
[10Aug2026 03:02:38.764] [main/DEBUG] [mixin/]: Instancing new MixinPlatformAgentMinecraftForge for SecureJarResource(puzzleslib)
[10Aug2026 03:02:38.765] [main/DEBUG] [mixin/]: MixinPlatformAgentMinecraftForge rejected container SecureJarResource(puzzleslib)
[10Aug2026 03:02:38.765] [main/DEBUG] [mixin/]: Instancing new MixinPlatformAgentDefault for SecureJarResource(puzzleslib)
[10Aug2026 03:02:38.765] [main/DEBUG] [mixin/]: MixinPlatformAgentDefault accepted container SecureJarResource(puzzleslib)
[10Aug2026 03:02:38.765] [main/DEBUG] [mixin/]: Processing prepare() for PlatformAgent[MixinPlatformAgentDefault:SecureJarResource(puzzleslib)]
[10Aug2026 03:02:38.765] [main/DEBUG] [mixin/]: Registering mixin config: puzzleslib.common.mixins.json
[10Aug2026 03:02:38.767] [main/DEBUG] [mixin/]: Registering mixin config: puzzleslib.forge.mixins.json
[10Aug2026 03:02:38.768] [main/DEBUG] [mixin/]: Adding mixin platform agents for container SecureJarResource(quantified)
[10Aug2026 03:02:38.768] [main/DEBUG] [mixin/]: Instancing new MixinPlatformAgentMinecraftForge for SecureJarResource(quantified)
[10Aug2026 03:02:38.768] [main/DEBUG] [mixin/]: MixinPlatformAgentMinecraftForge rejected container SecureJarResource(quantified)
[10Aug2026 03:02:38.768] [main/DEBUG] [mixin/]: Instancing new MixinPlatformAgentDefault for SecureJarResource(quantified)
[10Aug2026 03:02:38.768] [main/DEBUG] [mixin/]: MixinPlatformAgentDefault accepted container SecureJarResource(quantified)
[10Aug2026 03:02:38.768] [main/DEBUG] [mixin/]: Processing prepare() for PlatformAgent[MixinPlatformAgentDefault:SecureJarResource(quantified)]
[10Aug2026 03:02:38.769] [main/DEBUG] [mixin/]: Adding mixin platform agents for container SecureJarResource(framework)
[10Aug2026 03:02:38.769] [main/DEBUG] [mixin/]: Instancing new MixinPlatformAgentMinecraftForge for SecureJarResource(framework)
[10Aug2026 03:02:38.769] [main/DEBUG] [mixin/]: MixinPlatformAgentMinecraftForge rejected container SecureJarResource(framework)
[10Aug2026 03:02:38.769] [main/DEBUG] [mixin/]: Instancing new MixinPlatformAgentDefault for SecureJarResource(framework)
[10Aug2026 03:02:38.769] [main/DEBUG] [mixin/]: MixinPlatformAgentDefault accepted container SecureJarResource(framework)
[10Aug2026 03:02:38.769] [main/DEBUG] [mixin/]: Processing prepare() for PlatformAgent[MixinPlatformAgentDefault:SecureJarResource(framework)]
[10Aug2026 03:02:38.769] [main/DEBUG] [mixin/]: Adding mixin platform agents for container SecureJarResource(expandability)
[10Aug2026 03:02:38.769] [main/DEBUG] [mixin/]: Instancing new MixinPlatformAgentMinecraftForge for SecureJarResource(expandability)
[10Aug2026 03:02:38.769] [main/DEBUG] [mixin/]: MixinPlatformAgentMinecraftForge rejected container SecureJarResource(expandability)
[10Aug2026 03:02:38.769] [main/DEBUG] [mixin/]: Instancing new MixinPlatformAgentDefault for SecureJarResource(expandability)
[10Aug2026 03:02:38.769] [main/DEBUG] [mixin/]: MixinPlatformAgentDefault accepted container SecureJarResource(expandability)
[10Aug2026 03:02:38.770] [main/DEBUG] [mixin/]: Processing prepare() for PlatformAgent[MixinPlatformAgentDefault:SecureJarResource(expandability)]
[10Aug2026 03:02:38.770] [main/DEBUG] [mixin/]: Registering mixin config: expandability.mixins.json
[10Aug2026 03:02:38.771] [main/DEBUG] [mixin/]: Registering mixin config: expandability-common.mixins.json
[10Aug2026 03:02:38.772] [main/DEBUG] [mixin/]: Adding mixin platform agents for container SecureJarResource(mclib)
[10Aug2026 03:02:38.772] [main/DEBUG] [mixin/]: Instancing new MixinPlatformAgentMinecraftForge for SecureJarResource(mclib)
[10Aug2026 03:02:38.772] [main/DEBUG] [mixin/]: MixinPlatformAgentMinecraftForge rejected container SecureJarResource(mclib)
[10Aug2026 03:02:38.773] [main/DEBUG] [mixin/]: Instancing new MixinPlatformAgentDefault for SecureJarResource(mclib)
[10Aug2026 03:02:38.773] [main/DEBUG] [mixin/]: MixinPlatformAgentDefault accepted container SecureJarResource(mclib)
[10Aug2026 03:02:38.773] [main/DEBUG] [mixin/]: Processing prepare() for PlatformAgent[MixinPlatformAgentDefault:SecureJarResource(mclib)]
[10Aug2026 03:02:38.773] [main/DEBUG] [mixin/]: Adding mixin platform agents for container SecureJarResource(mixinextras)
[10Aug2026 03:02:38.773] [main/DEBUG] [mixin/]: Instancing new MixinPlatformAgentMinecraftForge for SecureJarResource(mixinextras)
[10Aug2026 03:02:38.773] [main/DEBUG] [mixin/]: MixinPlatformAgentMinecraftForge rejected container SecureJarResource(mixinextras)
[10Aug2026 03:02:38.773] [main/DEBUG] [mixin/]: Instancing new MixinPlatformAgentDefault for SecureJarResource(mixinextras)
[10Aug2026 03:02:38.773] [main/DEBUG] [mixin/]: MixinPlatformAgentDefault accepted container SecureJarResource(mixinextras)
[10Aug2026 03:02:38.773] [main/DEBUG] [mixin/]: Processing prepare() for PlatformAgent[MixinPlatformAgentDefault:SecureJarResource(mixinextras)]
[10Aug2026 03:02:38.773] [main/DEBUG] [mixin/]: Registering mixin config: mixinextras.init.mixins.json
[10Aug2026 03:02:38.775] [main/DEBUG] [mixin/]: Adding mixin platform agents for container SecureJarResource(MixinSquared)
[10Aug2026 03:02:38.775] [main/DEBUG] [mixin/]: Instancing new MixinPlatformAgentMinecraftForge for SecureJarResource(MixinSquared)
[10Aug2026 03:02:38.775] [main/DEBUG] [mixin/]: MixinPlatformAgentMinecraftForge rejected container SecureJarResource(MixinSquared)
[10Aug2026 03:02:38.775] [main/DEBUG] [mixin/]: Instancing new MixinPlatformAgentDefault for SecureJarResource(MixinSquared)
[10Aug2026 03:02:38.775] [main/DEBUG] [mixin/]: MixinPlatformAgentDefault accepted container SecureJarResource(MixinSquared)
[10Aug2026 03:02:38.775] [main/DEBUG] [mixin/]: Processing prepare() for PlatformAgent[MixinPlatformAgentDefault:SecureJarResource(MixinSquared)]
[10Aug2026 03:02:38.775] [main/DEBUG] [mixin/]: Adding mixin platform agents for container SecureJarResource(thedarkcolour.kotlinforforge.kfflib)
[10Aug2026 03:02:38.776] [main/DEBUG] [mixin/]: Instancing new MixinPlatformAgentMinecraftForge for SecureJarResource(thedarkcolour.kotlinforforge.kfflib)
[10Aug2026 03:02:38.776] [main/DEBUG] [mixin/]: MixinPlatformAgentMinecraftForge rejected container SecureJarResource(thedarkcolour.kotlinforforge.kfflib)
[10Aug2026 03:02:38.776] [main/DEBUG] [mixin/]: Instancing new MixinPlatformAgentDefault for SecureJarResource(thedarkcolour.kotlinforforge.kfflib)
[10Aug2026 03:02:38.776] [main/DEBUG] [mixin/]: MixinPlatformAgentDefault accepted container SecureJarResource(thedarkcolour.kotlinforforge.kfflib)
[10Aug2026 03:02:38.776] [main/DEBUG] [mixin/]: Processing prepare() for PlatformAgent[MixinPlatformAgentDefault:SecureJarResource(thedarkcolour.kotlinforforge.kfflib)]
[10Aug2026 03:02:38.776] [main/DEBUG] [mixin/]: Adding mixin platform agents for container SecureJarResource(MixinExtras)
[10Aug2026 03:02:38.776] [main/DEBUG] [mixin/]: Instancing new MixinPlatformAgentMinecraftForge for SecureJarResource(MixinExtras)
[10Aug2026 03:02:38.776] [main/DEBUG] [mixin/]: MixinPlatformAgentMinecraftForge rejected container SecureJarResource(MixinExtras)
[10Aug2026 03:02:38.776] [main/DEBUG] [mixin/]: Instancing new MixinPlatformAgentDefault for SecureJarResource(MixinExtras)
[10Aug2026 03:02:38.777] [main/DEBUG] [mixin/]: MixinPlatformAgentDefault accepted container SecureJarResource(MixinExtras)
[10Aug2026 03:02:38.777] [main/DEBUG] [mixin/]: Processing prepare() for PlatformAgent[MixinPlatformAgentDefault:SecureJarResource(MixinExtras)]
[10Aug2026 03:02:38.777] [main/DEBUG] [mixin/]: Adding mixin platform agents for container SecureJarResource(Reflect)
[10Aug2026 03:02:38.777] [main/DEBUG] [mixin/]: Instancing new MixinPlatformAgentMinecraftForge for SecureJarResource(Reflect)
[10Aug2026 03:02:38.777] [main/DEBUG] [mixin/]: MixinPlatformAgentMinecraftForge rejected container SecureJarResource(Reflect)
[10Aug2026 03:02:38.777] [main/DEBUG] [mixin/]: Instancing new MixinPlatformAgentDefault for SecureJarResource(Reflect)
[10Aug2026 03:02:38.777] [main/DEBUG] [mixin/]: MixinPlatformAgentDefault accepted container SecureJarResource(Reflect)
[10Aug2026 03:02:38.777] [main/DEBUG] [mixin/]: Processing prepare() for PlatformAgent[MixinPlatformAgentDefault:SecureJarResource(Reflect)]
[10Aug2026 03:02:38.777] [main/DEBUG] [mixin/]: inject() running with 79 agents
[10Aug2026 03:02:38.777] [main/DEBUG] [mixin/]: Processing inject() for PlatformAgent[MixinPlatformAgentDefault:ModLauncher Root Container(ModLauncher:4f56a0a2)]
[10Aug2026 03:02:38.778] [main/DEBUG] [mixin/]: Processing inject() for PlatformAgent[MixinPlatformAgentDefault:SecureJarResource(kuma_api)]
[10Aug2026 03:02:38.778] [main/DEBUG] [mixin/]: Processing inject() for PlatformAgent[MixinPlatformAgentDefault:SecureJarResource(supermartijn642configlib)]
[10Aug2026 03:02:38.778] [main/DEBUG] [mixin/]: Processing inject() for PlatformAgent[MixinPlatformAgentDefault:SecureJarResource(trashslot)]
[10Aug2026 03:02:38.778] [main/DEBUG] [mixin/]: Processing inject() for PlatformAgent[MixinPlatformAgentDefault:SecureJarResource(geckolib)]
[10Aug2026 03:02:38.778] [main/DEBUG] [mixin/]: Processing inject() for PlatformAgent[MixinPlatformAgentDefault:SecureJarResource(playeranimator)]
[10Aug2026 03:02:38.778] [main/DEBUG] [mixin/]: Processing inject() for PlatformAgent[MixinPlatformAgentDefault:SecureJarResource(jei)]
[10Aug2026 03:02:38.779] [main/DEBUG] [mixin/]: Processing inject() for PlatformAgent[MixinPlatformAgentDefault:SecureJarResource(xaerolib)]
[10Aug2026 03:02:38.779] [main/DEBUG] [mixin/]: Processing inject() for PlatformAgent[MixinPlatformAgentDefault:SecureJarResource(trender)]
[10Aug2026 03:02:38.779] [main/DEBUG] [mixin/]: Processing inject() for PlatformAgent[MixinPlatformAgentDefault:SecureJarResource(stalwart_dungeons)]
[10Aug2026 03:02:38.779] [main/DEBUG] [mixin/]: Processing inject() for PlatformAgent[MixinPlatformAgentDefault:SecureJarResource(sophisticatedcore)]
[10Aug2026 03:02:38.779] [main/DEBUG] [mixin/]: Processing inject() for PlatformAgent[MixinPlatformAgentDefault:SecureJarResource(ntgl)]
[10Aug2026 03:02:38.779] [main/DEBUG] [mixin/]: Processing inject() for PlatformAgent[MixinPlatformAgentDefault:SecureJarResource(waystones)]
[10Aug2026 03:02:38.779] [main/DEBUG] [mixin/]: Processing inject() for PlatformAgent[MixinPlatformAgentDefault:SecureJarResource(structureessentials)]
[10Aug2026 03:02:38.779] [main/DEBUG] [mixin/]: Processing inject() for PlatformAgent[MixinPlatformAgentDefault:SecureJarResource(clumps)]
[10Aug2026 03:02:38.779] [main/DEBUG] [mixin/]: Processing inject() for PlatformAgent[MixinPlatformAgentDefault:SecureJarResource(xaeroworldmap)]
[10Aug2026 03:02:38.779] [main/DEBUG] [mixin/]: Processing inject() for PlatformAgent[MixinPlatformAgentDefault:SecureJarResource(placebo)]
[10Aug2026 03:02:38.779] [main/DEBUG] [mixin/]: Processing inject() for PlatformAgent[MixinPlatformAgentDefault:SecureJarResource(modernfix)]
[10Aug2026 03:02:38.779] [main/DEBUG] [mixin/]: Processing inject() for PlatformAgent[MixinPlatformAgentDefault:SecureJarResource(citadel)]
[10Aug2026 03:02:38.779] [main/DEBUG] [mixin/]: Processing inject() for PlatformAgent[MixinPlatformAgentDefault:SecureJarResource(alexsmobs)]
[10Aug2026 03:02:38.779] [main/DEBUG] [mixin/]: Processing inject() for PlatformAgent[MixinPlatformAgentDefault:SecureJarResource(naturescompass)]
[10Aug2026 03:02:38.779] [main/DEBUG] [mixin/]: Processing inject() for PlatformAgent[MixinPlatformAgentDefault:SecureJarResource(artifacts)]
[10Aug2026 03:02:38.779] [main/DEBUG] [mixin/]: Processing inject() for PlatformAgent[MixinPlatformAgentDefault:SecureJarResource(sophisticatedbackpacks)]
[10Aug2026 03:02:38.779] [main/DEBUG] [mixin/]: Processing inject() for PlatformAgent[MixinPlatformAgentDefault:SecureJarResource(iceandfire)]
[10Aug2026 03:02:38.779] [main/DEBUG] [mixin/]: Processing inject() for PlatformAgent[MixinPlatformAgentDefault:SecureJarResource(bygonenether)]
[10Aug2026 03:02:38.780] [main/DEBUG] [mixin/]: Processing inject() for PlatformAgent[MixinPlatformAgentDefault:SecureJarResource(balm)]
[10Aug2026 03:02:38.780] [main/DEBUG] [mixin/]: Processing inject() for PlatformAgent[MixinPlatformAgentDefault:SecureJarResource(blueprint)]
[10Aug2026 03:02:38.780] [main/DEBUG] [mixin/]: Processing inject() for PlatformAgent[MixinPlatformAgentDefault:SecureJarResource(carryon)]
[10Aug2026 03:02:38.780] [main/DEBUG] [mixin/]: Processing inject() for PlatformAgent[MixinPlatformAgentDefault:SecureJarResource(puzzlesaccessapi)]
[10Aug2026 03:02:38.780] [main/DEBUG] [mixin/]: Processing inject() for PlatformAgent[MixinPlatformAgentDefault:SecureJarResource(cloth_config)]
[10Aug2026 03:02:38.780] [main/DEBUG] [mixin/]: Processing inject() for PlatformAgent[MixinPlatformAgentDefault:SecureJarResource(sound_physics_remastered)]
[10Aug2026 03:02:38.780] [main/DEBUG] [mixin/]: Processing inject() for PlatformAgent[MixinPlatformAgentDefault:SecureJarResource(forge)]
[10Aug2026 03:02:38.780] [main/DEBUG] [mixin/]: Processing inject() for PlatformAgent[MixinPlatformAgentDefault:SecureJarResource(supplementaries)]
[10Aug2026 03:02:38.780] [main/DEBUG] [mixin/]: Processing inject() for PlatformAgent[MixinPlatformAgentDefault:SecureJarResource(ironchest)]
[10Aug2026 03:02:38.780] [main/DEBUG] [mixin/]: Processing inject() for PlatformAgent[MixinPlatformAgentDefault:SecureJarResource(minecraft)]
[10Aug2026 03:02:38.780] [main/DEBUG] [mixin/]: Processing inject() for PlatformAgent[MixinPlatformAgentDefault:SecureJarResource(endergetic)]
[10Aug2026 03:02:38.780] [main/DEBUG] [mixin/]: Processing inject() for PlatformAgent[MixinPlatformAgentDefault:SecureJarResource(alexscaves)]
[10Aug2026 03:02:38.780] [main/DEBUG] [mixin/]: Processing inject() for PlatformAgent[MixinPlatformAgentDefault:SecureJarResource(littleframes)]
[10Aug2026 03:02:38.781] [main/DEBUG] [mixin/]: Processing inject() for PlatformAgent[MixinPlatformAgentDefault:SecureJarResource(terrablender)]
[10Aug2026 03:02:38.781] [main/DEBUG] [mixin/]: Processing inject() for PlatformAgent[MixinPlatformAgentDefault:SecureJarResource(moonlight)]
[10Aug2026 03:02:38.781] [main/DEBUG] [mixin/]: Processing inject() for PlatformAgent[MixinPlatformAgentDefault:SecureJarResource(biomesoplenty)]
[10Aug2026 03:02:38.781] [main/DEBUG] [mixin/]: Processing inject() for PlatformAgent[MixinPlatformAgentDefault:SecureJarResource(mixinsquared)]
[10Aug2026 03:02:38.781] [main/DEBUG] [mixin/]: Processing inject() for PlatformAgent[MixinPlatformAgentDefault:SecureJarResource(jade)]
[10Aug2026 03:02:38.781] [main/DEBUG] [mixin/]: Processing inject() for PlatformAgent[MixinPlatformAgentDefault:SecureJarResource(endrem)]
[10Aug2026 03:02:38.781] [main/DEBUG] [mixin/]: Processing inject() for PlatformAgent[MixinPlatformAgentDefault:SecureJarResource(creativecore)]
[10Aug2026 03:02:38.781] [main/DEBUG] [mixin/]: Processing inject() for PlatformAgent[MixinPlatformAgentDefault:SecureJarResource(chunky)]
[10Aug2026 03:02:38.781] [main/DEBUG] [mixin/]: Processing inject() for PlatformAgent[MixinPlatformAgentDefault:SecureJarResource(spectrelib)]
[10Aug2026 03:02:38.781] [main/DEBUG] [mixin/]: Processing inject() for PlatformAgent[MixinPlatformAgentDefault:SecureJarResource(supermartijn642corelib)]
[10Aug2026 03:02:38.781] [main/DEBUG] [mixin/]: Processing inject() for PlatformAgent[MixinPlatformAgentDefault:SecureJarResource(lionfishapi)]
[10Aug2026 03:02:38.781] [main/DEBUG] [mixin/]: Processing inject() for PlatformAgent[MixinPlatformAgentDefault:SecureJarResource(kotlinforforge)]
[10Aug2026 03:02:38.781] [main/DEBUG] [mixin/]: Processing inject() for PlatformAgent[MixinPlatformAgentDefault:SecureJarResource(cataclysm)]
[10Aug2026 03:02:38.782] [main/DEBUG] [mixin/]: Processing inject() for PlatformAgent[MixinPlatformAgentDefault:SecureJarResource(curios)]
[10Aug2026 03:02:38.782] [main/DEBUG] [mixin/]: Processing inject() for PlatformAgent[MixinPlatformAgentDefault:SecureJarResource(patchouli)]
[10Aug2026 03:02:38.782] [main/DEBUG] [mixin/]: Processing inject() for PlatformAgent[MixinPlatformAgentDefault:SecureJarResource(xaerominimap)]
[10Aug2026 03:02:38.782] [main/DEBUG] [mixin/]: Processing inject() for PlatformAgent[MixinPlatformAgentDefault:SecureJarResource(betterbiomeblend)]
[10Aug2026 03:02:38.782] [main/DEBUG] [mixin/]: Processing inject() for PlatformAgent[MixinPlatformAgentDefault:SecureJarResource(polymorph)]
[10Aug2026 03:02:38.782] [main/DEBUG] [mixin/]: Processing inject() for PlatformAgent[MixinPlatformAgentDefault:SecureJarResource(securitycraft)]
[10Aug2026 03:02:38.782] [main/DEBUG] [mixin/]: Processing inject() for PlatformAgent[MixinPlatformAgentDefault:SecureJarResource(mr_dungeons_andtaverns)]
[10Aug2026 03:02:38.782] [main/DEBUG] [mixin/]: Processing inject() for PlatformAgent[MixinPlatformAgentDefault:SecureJarResource(entityculling)]
[10Aug2026 03:02:38.782] [main/DEBUG] [mixin/]: Processing inject() for PlatformAgent[MixinPlatformAgentDefault:SecureJarResource(tombstone)]
[10Aug2026 03:02:38.782] [main/DEBUG] [mixin/]: Processing inject() for PlatformAgent[MixinPlatformAgentDefault:SecureJarResource(immediatelyfast)]
[10Aug2026 03:02:38.782] [main/DEBUG] [mixin/]: Processing inject() for PlatformAgent[MixinPlatformAgentDefault:SecureJarResource(coroutil)]
[10Aug2026 03:02:38.782] [main/DEBUG] [mixin/]: Processing inject() for PlatformAgent[MixinPlatformAgentDefault:SecureJarResource(fastfurnace)]
[10Aug2026 03:02:38.782] [main/DEBUG] [mixin/]: Processing inject() for PlatformAgent[MixinPlatformAgentDefault:SecureJarResource(architectury)]
[10Aug2026 03:02:38.782] [main/DEBUG] [mixin/]: Processing inject() for PlatformAgent[MixinPlatformAgentDefault:SecureJarResource(skin_changer)]
[10Aug2026 03:02:38.782] [main/DEBUG] [mixin/]: Processing inject() for PlatformAgent[MixinPlatformAgentDefault:SecureJarResource(ferritecore)]
[10Aug2026 03:02:38.782] [main/DEBUG] [mixin/]: Processing inject() for PlatformAgent[MixinPlatformAgentDefault:SecureJarResource(cupboard)]
[10Aug2026 03:02:38.782] [main/DEBUG] [mixin/]: Processing inject() for PlatformAgent[MixinPlatformAgentDefault:SecureJarResource(transition)]
[10Aug2026 03:02:38.782] [main/DEBUG] [mixin/]: Processing inject() for PlatformAgent[MixinPlatformAgentDefault:SecureJarResource(refurbished_furniture)]
[10Aug2026 03:02:38.782] [main/DEBUG] [mixin/]: Processing inject() for PlatformAgent[MixinPlatformAgentDefault:SecureJarResource(puzzleslib)]
[10Aug2026 03:02:38.782] [main/DEBUG] [mixin/]: Processing inject() for PlatformAgent[MixinPlatformAgentDefault:SecureJarResource(quantified)]
[10Aug2026 03:02:38.782] [main/DEBUG] [mixin/]: Processing inject() for PlatformAgent[MixinPlatformAgentDefault:SecureJarResource(framework)]
[10Aug2026 03:02:38.782] [main/DEBUG] [mixin/]: Processing inject() for PlatformAgent[MixinPlatformAgentDefault:SecureJarResource(expandability)]
[10Aug2026 03:02:38.782] [main/DEBUG] [mixin/]: Processing inject() for PlatformAgent[MixinPlatformAgentDefault:SecureJarResource(mclib)]
[10Aug2026 03:02:38.782] [main/DEBUG] [mixin/]: Processing inject() for PlatformAgent[MixinPlatformAgentDefault:SecureJarResource(mixinextras)]
[10Aug2026 03:02:38.782] [main/DEBUG] [mixin/]: Processing inject() for PlatformAgent[MixinPlatformAgentDefault:SecureJarResource(MixinSquared)]
[10Aug2026 03:02:38.782] [main/DEBUG] [mixin/]: Processing inject() for PlatformAgent[MixinPlatformAgentDefault:SecureJarResource(thedarkcolour.kotlinforforge.kfflib)]
[10Aug2026 03:02:38.782] [main/DEBUG] [mixin/]: Processing inject() for PlatformAgent[MixinPlatformAgentDefault:SecureJarResource(MixinExtras)]
[10Aug2026 03:02:38.782] [main/DEBUG] [mixin/]: Processing inject() for PlatformAgent[MixinPlatformAgentDefault:SecureJarResource(Reflect)]
[10Aug2026 03:02:38.817] [main/DEBUG] [mixin/]: Error cleaning class output directory: .mixin.out
[10Aug2026 03:02:38.819] [main/DEBUG] [mixin/]: Preparing mixins for MixinEnvironment[PREINIT]
[10Aug2026 03:02:38.825] [main/INFO] [mixin/]: Successfully loaded Mixin Connector [com.sonicether.soundphysics.MixinConnector]
[10Aug2026 03:02:38.828] [main/INFO] [cpw.mods.modlauncher.LaunchServiceHandler/MODLAUNCHER]: Launching target 'forgeserver' with arguments [nogui]
[10Aug2026 03:02:38.832] [main/DEBUG] [mixin/]: Preparing mixins for MixinEnvironment[DEFAULT]
[10Aug2026 03:02:38.832] [main/DEBUG] [mixin/]: Selecting config kuma_api.mixins.json
[10Aug2026 03:02:38.836] [main/DEBUG] [mixin/]: Selecting config kuma_api.forge.mixins.json
[10Aug2026 03:02:38.838] [main/DEBUG] [mixin/]: Selecting config trashslot.mixins.json
[10Aug2026 03:02:38.840] [main/WARN] [mixin/]: Reference map 'trashslot.refmap.json' for trashslot.mixins.json could not be read. If this is a development environment you can ignore this message
[10Aug2026 03:02:38.840] [main/DEBUG] [mixin/]: Selecting config geckolib.mixins.json
[10Aug2026 03:02:38.842] [main/DEBUG] [mixin/]: Selecting config playerAnimator-common.mixins.json
[10Aug2026 03:02:38.848] [main/DEBUG] [mixin/]: Selecting config xaerolib.mixins.json
[10Aug2026 03:02:38.854] [main/DEBUG] [mixin/]: Selecting config xaerolib.forge.mixins.json
[10Aug2026 03:02:38.858] [main/DEBUG] [mixin/]: Selecting config trender.mixins.json
[10Aug2026 03:02:38.864] [main/DEBUG] [mixin/]: Selecting config sophisticatedcore.mixins.json
[10Aug2026 03:02:38.867] [main/DEBUG] [mixin/]: Selecting config sophisticatedcore.create.mixins.json
[10Aug2026 03:02:38.870] [main/DEBUG] [mixin/]: Selecting config ntgl.mixin.json
[10Aug2026 03:02:38.874] [main/DEBUG] [mixin/]: Selecting config waystones.mixins.json
[10Aug2026 03:02:38.876] [main/DEBUG] [mixin/]: Selecting config structureessentials.mixins.json
[10Aug2026 03:02:38.881] [main/DEBUG] [mixin/]: Selecting config clumps.mixins.json
[10Aug2026 03:02:38.882] [main/DEBUG] [mixin/]: Selecting config xaeroworldmap.mixins.json
[10Aug2026 03:02:38.885] [main/DEBUG] [mixin/]: Selecting config xaeroworldmap.forge.mixins.json
[10Aug2026 03:02:38.887] [main/DEBUG] [mixin/]: Selecting config placebo.mixins.json
[10Aug2026 03:02:38.890] [main/DEBUG] [mixin/]: Selecting config modernfix-modernfix.mixins.json
[10Aug2026 03:02:39.096] [main/INFO] [ModernFix/]: Loaded configuration file for ModernFix 5.27.66+mc1.20.1: 110 options available, 0 override(s) found
[10Aug2026 03:02:39.098] [main/INFO] [ModernFix/]: Applying Nashorn fix
[10Aug2026 03:02:39.119] [main/INFO] [ModernFix/]: Applied Forge config corruption patch
[10Aug2026 03:02:39.143] [main/DEBUG] [mixin/]: Selecting config citadel.mixins.json
[10Aug2026 03:02:39.145] [main/DEBUG] [mixin/]: Selecting config mixins.artifacts.common.json
[10Aug2026 03:02:39.146] [main/DEBUG] [mixin/]: Selecting config mixins.artifacts.forge.json
[10Aug2026 03:02:39.147] [main/DEBUG] [mixin/]: Selecting config sophisticatedbackpacks.mixins.json
[10Aug2026 03:02:39.148] [main/DEBUG] [mixin/]: Selecting config iceandfire.mixins.json
[10Aug2026 03:02:39.149] [main/DEBUG] [mixin/]: Selecting config bygonenether.mixins.json
[10Aug2026 03:02:39.150] [main/DEBUG] [mixin/]: Selecting config balm.mixins.json
[10Aug2026 03:02:39.151] [main/DEBUG] [mixin/]: Selecting config blueprint.mixins.json
[10Aug2026 03:02:39.153] [main/DEBUG] [mixin/]: Selecting config carryon.mixins.json
[10Aug2026 03:02:39.198] [main/DEBUG] [MixinExtras|Service/]: com.llamalad7.mixinextras.service.MixinExtrasServiceImpl(version=0.5.3) is taking over from null
[10Aug2026 03:02:39.231] [main/DEBUG] [mixin/]: Registering new injector for @Inject with org.spongepowered.asm.mixin.injection.struct.CallbackInjectionInfo
[10Aug2026 03:02:39.233] [main/DEBUG] [mixin/]: Registering new injector for @ModifyArg with org.spongepowered.asm.mixin.injection.struct.ModifyArgInjectionInfo
[10Aug2026 03:02:39.233] [main/DEBUG] [mixin/]: Registering new injector for @ModifyArgs with org.spongepowered.asm.mixin.injection.struct.ModifyArgsInjectionInfo
[10Aug2026 03:02:39.235] [main/DEBUG] [mixin/]: Registering new injector for @Redirect with org.spongepowered.asm.mixin.injection.struct.RedirectInjectionInfo
[10Aug2026 03:02:39.236] [main/DEBUG] [mixin/]: Registering new injector for @ModifyVariable with org.spongepowered.asm.mixin.injection.struct.ModifyVariableInjectionInfo
[10Aug2026 03:02:39.237] [main/DEBUG] [mixin/]: Registering new injector for @ModifyConstant with org.spongepowered.asm.mixin.injection.struct.ModifyConstantInjectionInfo
[10Aug2026 03:02:39.246] [main/DEBUG] [mixin/]: Selecting config carryon.forge.mixins.json
[10Aug2026 03:02:39.247] [main/DEBUG] [mixin/]: Selecting config puzzlesaccessapi.common.mixins.json
[10Aug2026 03:02:39.249] [main/WARN] [mixin/]: Reference map 'puzzlesaccessapi.common.refmap.json' for puzzlesaccessapi.common.mixins.json could not be read. If this is a development environment you can ignore this message
[10Aug2026 03:02:39.249] [main/DEBUG] [mixin/]: Selecting config puzzlesaccessapi.forge.mixins.json
[10Aug2026 03:02:39.251] [main/DEBUG] [mixin/]: Selecting config supplementaries-common.mixins.json
[10Aug2026 03:02:39.254] [main/DEBUG] [mixin/]: Selecting config supplementaries.mixins.json
[10Aug2026 03:02:39.256] [main/DEBUG] [mixin/]: Selecting config endergetic.mixins.json
[10Aug2026 03:02:39.257] [main/DEBUG] [mixin/]: Selecting config alexscaves.mixins.json
[10Aug2026 03:02:39.259] [main/DEBUG] [mixin/]: Selecting config terrablender.mixins.json
[10Aug2026 03:02:39.262] [main/DEBUG] [mixin/]: Selecting config terrablender_forge.mixins.json
[10Aug2026 03:02:39.263] [main/DEBUG] [mixin/]: Selecting config moonlight-common.mixins.json
[10Aug2026 03:02:39.266] [main/DEBUG] [mixin/]: Selecting config moonlight.mixins.json
[10Aug2026 03:02:39.267] [main/DEBUG] [mixin/]: Selecting config mixinsquared.init.mixins.json
[10Aug2026 03:02:39.275] [main/DEBUG] [mixin/]: Registering new target selector for @mixinsquared:handler with com.bawnorton.mixinsquared.selector.DynamicSelectorHandler
[10Aug2026 03:02:39.282] [main/DEBUG] [mixin/]: Selecting config jade.mixins.json
[10Aug2026 03:02:39.283] [main/DEBUG] [mixin/]: Selecting config endrem.mixins.json
[10Aug2026 03:02:39.285] [main/DEBUG] [mixin/]: Selecting config creativecore.mixins.json
[10Aug2026 03:02:39.287] [main/DEBUG] [mixin/]: Selecting config creativecore.forge.mixins.json
[10Aug2026 03:02:39.288] [main/DEBUG] [mixin/]: Selecting config supermartijn642corelib.mixins.json
[10Aug2026 03:02:39.289] [main/DEBUG] [mixin/]: Selecting config lionfishapi.mixins.json
[10Aug2026 03:02:39.290] [main/DEBUG] [mixin/]: Selecting config cataclysm.mixins.json
[10Aug2026 03:02:39.292] [main/DEBUG] [mixin/]: Selecting config curios.mixins.json
[10Aug2026 03:02:39.293] [main/DEBUG] [mixin/]: Selecting config patchouli_xplat.mixins.json
[10Aug2026 03:02:39.295] [main/DEBUG] [mixin/]: Selecting config xaerohud.mixins.json
[10Aug2026 03:02:39.296] [main/DEBUG] [mixin/]: Selecting config xaerohud.forge.mixins.json
[10Aug2026 03:02:39.298] [main/DEBUG] [mixin/]: Selecting config xaerominimap.mixins.json
[10Aug2026 03:02:39.299] [main/DEBUG] [mixin/]: Selecting config xaerominimap.forge.mixins.json
[10Aug2026 03:02:39.300] [main/DEBUG] [mixin/]: Selecting config betterbiomeblend.mixins.json
[10Aug2026 03:02:39.301] [main/DEBUG] [mixin/]: Selecting config betterbiomeblend-embeddium.mixins.json
[10Aug2026 03:02:39.303] [main/DEBUG] [mixin/]: Selecting config polymorph.mixins.json
[10Aug2026 03:02:39.304] [main/DEBUG] [mixin/]: Selecting config polymorph-integrations.forge.mixins.json
[10Aug2026 03:02:39.308] [main/DEBUG] [mixin/]: Selecting config securitycraft.mixins.json
[10Aug2026 03:02:39.309] [main/DEBUG] [mixin/]: Selecting config entityculling.mixins.json
[10Aug2026 03:02:39.310] [main/DEBUG] [mixin/]: Selecting config tombstone.mixins.json
[10Aug2026 03:02:39.312] [main/DEBUG] [mixin/]: Selecting config immediatelyfast-common.mixins.json
[10Aug2026 03:02:39.338] [main/DEBUG] [mixin/]: Selecting config immediatelyfast-forge.mixins.json
[10Aug2026 03:02:39.339] [main/DEBUG] [mixin/]: Selecting config coroutil.mixins.json
[10Aug2026 03:02:39.341] [main/WARN] [mixin/]: Reference map 'coroutil.refmap.json' for coroutil.mixins.json could not be read. If this is a development environment you can ignore this message
[10Aug2026 03:02:39.341] [main/DEBUG] [mixin/]: Selecting config fastfurnace.mixins.json
[10Aug2026 03:02:39.342] [main/DEBUG] [mixin/]: Selecting config architectury.mixins.json
[10Aug2026 03:02:39.344] [main/DEBUG] [mixin/]: Selecting config architectury-common.mixins.json
[10Aug2026 03:02:39.345] [main/DEBUG] [mixin/]: Selecting config skin_changer.mixins.json
[10Aug2026 03:02:39.346] [main/DEBUG] [mixin/]: Selecting config ferritecore.predicates.mixin.json
[10Aug2026 03:02:39.367] [main/DEBUG] [mixin/]: Selecting config ferritecore.fastmap.mixin.json
[10Aug2026 03:02:39.369] [main/DEBUG] [mixin/]: Selecting config ferritecore.mrl.mixin.json
[10Aug2026 03:02:39.371] [main/DEBUG] [mixin/]: Selecting config ferritecore.dedupmultipart.mixin.json
[10Aug2026 03:02:39.372] [main/DEBUG] [mixin/]: Selecting config ferritecore.blockstatecache.mixin.json
[10Aug2026 03:02:39.374] [main/DEBUG] [mixin/]: Selecting config ferritecore.dedupbakedquad.mixin.json
[10Aug2026 03:02:39.375] [main/DEBUG] [mixin/]: Selecting config ferritecore.threaddetec.mixin.json
[10Aug2026 03:02:39.377] [main/DEBUG] [mixin/]: Selecting config ferritecore.modelsides.mixin.json
[10Aug2026 03:02:39.379] [main/DEBUG] [mixin/]: Selecting config cupboard.mixins.json
[10Aug2026 03:02:39.380] [main/DEBUG] [mixin/]: Selecting config transition.mixins.json
[10Aug2026 03:02:39.381] [main/DEBUG] [mixin/]: Selecting config refurbished_furniture.common.mixins.json
[10Aug2026 03:02:39.384] [main/DEBUG] [mixin/]: Selecting config puzzleslib.common.mixins.json
[10Aug2026 03:02:39.400] [main/INFO] [Puzzles Lib/]: Loading 72 mods:
	- alexscaves 2.0.2
	- alexsmobs 1.22.9
	- architectury 9.2.14
	- artifacts 9.5.19
		\-- expandability 9.0.4
	- balm 7.3.42
		\-- kuma_api 20.1.12
	- betterbiomeblend 1.4.0
	- biomesoplenty 18.0.0.592
	- blueprint 7.1.3
	- bygonenether 1.3.2
	- carryon 2.1.2.7
	- cataclysm 3.31
	- chunky 1.3.146
	- citadel 2.6.3
	- cloth_config 11.1.136
	- clumps 12.0.0.4
	- coroutil 1.20.1-1.3.7
	- creativecore 2.12.39
	- cupboard 1.20.1-3.9
	- curios 5.14.1+1.20.1
	- endergetic 5.0.1
	- endrem 5.3.3-R-1.20.1
	- entityculling 1.10.5
		|-- transition 1.0.21
		\-- trender 1.0.15
	- fastfurnace 8.0.2
	- ferritecore 6.0.1
	- forge 47.3.7
	- framework 0.8.0
	- geckolib 4.8.4
	- iceandfire 2.1.13-1.20.1
	- immediatelyfast 1.5.5+1.20.4
	- ironchest 1.20.1-14.4.4
	- jade 11.13.3+forge
	- jei 15.20.0.112
	- kotlinforforge 4.12.0
	- lionfishapi 3.0
	- littleframes 1.4.3
	- minecraft 1.20.1
	- modernfix 5.27.66+mc1.20.1
	- moonlight 1.20-2.16.34
	- mr_dungeons_andtaverns 3.0.3.f
	- naturescompass 1.20.1-1.12.0-forge
	- ntgl 3.1.2
	- patchouli 1.20.1-85-FORGE
	- placebo 8.6.3
	- playeranimator 1.0.2-rc1+1.20
	- polymorph 0.49.10+1.20.1
		\-- spectrelib 0.13.17+1.20.1
	- puzzleslib 8.1.33
		\-- puzzlesaccessapi 20.1.1
	- quantified 2.2.0
	- refurbished_furniture 1.0.20
	- securitycraft 1.9.8
	- skin_changer 0.6.6
	- sophisticatedbackpacks 3.24.62.2017
	- sophisticatedcore 1.3.74.2216
	- sound_physics_remastered 1.20.1-1.5.1
	- stalwart_dungeons 1.2.8
	- structureessentials 1.20.1-5.0
	- supermartijn642configlib 1.1.8
	- supermartijn642corelib 1.1.22
	- supplementaries 1.20-2.8.17
		\-- mixinsquared 0.1.1
	- terrablender 3.0.1.10
	- tombstone 9.0.9
	- trashslot 15.1.5
	- waystones 14.1.20
	- xaerominimap 26.4.2
		\-- xaerolib 1.7.1
	- xaeroworldmap 1.44.2
[10Aug2026 03:02:39.402] [main/DEBUG] [mixin/]: Selecting config puzzleslib.forge.mixins.json
[10Aug2026 03:02:39.404] [main/DEBUG] [mixin/]: Selecting config expandability.mixins.json
[10Aug2026 03:02:39.405] [main/DEBUG] [mixin/]: Selecting config expandability-common.mixins.json
[10Aug2026 03:02:39.407] [main/DEBUG] [mixin/]: Selecting config mixinextras.init.mixins.json
[10Aug2026 03:02:39.409] [main/DEBUG] [mixin/]: Selecting config sound_physics_remastered.mixins.json
[10Aug2026 03:02:39.411] [main/DEBUG] [mixin/]: Preparing kuma_api.mixins.json (1)
[10Aug2026 03:02:39.411] [main/DEBUG] [mixin/]: Preparing kuma_api.forge.mixins.json (0)
[10Aug2026 03:02:39.411] [main/DEBUG] [mixin/]: Preparing trashslot.mixins.json (0)
[10Aug2026 03:02:39.411] [main/DEBUG] [mixin/]: Preparing geckolib.mixins.json (1)
[10Aug2026 03:02:39.411] [main/DEBUG] [mixin/]: Preparing playerAnimator-common.mixins.json (14)
[10Aug2026 03:02:39.411] [main/DEBUG] [mixin/]: Preparing xaerolib.mixins.json (6)
[10Aug2026 03:02:39.483] [main/DEBUG] [mixin/]: Preparing xaerolib.forge.mixins.json (0)
[10Aug2026 03:02:39.483] [main/DEBUG] [mixin/]: Preparing trender.mixins.json (2)
[10Aug2026 03:02:39.483] [main/DEBUG] [mixin/]: Preparing sophisticatedcore.mixins.json (3)
[10Aug2026 03:02:39.499] [main/DEBUG] [mixin/]: Preparing sophisticatedcore.create.mixins.json (1)
[10Aug2026 03:02:39.501] [main/DEBUG] [mixin/]: Preparing ntgl.mixin.json (28)
[10Aug2026 03:02:39.579] [main/DEBUG] [mixin/]: Preparing waystones.mixins.json (3)
[10Aug2026 03:02:39.592] [main/DEBUG] [mixin/]: @Mixin target net/minecraft/world/level/levelgen/structure/pools/JigsawPlacement$Placer is public in waystones.mixins.json:JigsawPlacementPlacerMixin and should be specified in value
[10Aug2026 03:02:39.596] [main/DEBUG] [mixin/]: Preparing structureessentials.mixins.json (18)
[10Aug2026 03:02:39.623] [main/INFO] [com.cupboard.Cupboard/]: Loaded config for: structureessentials.json
[10Aug2026 03:02:39.686] [main/DEBUG] [net.minecraftforge.coremod.transformer.CoreModBaseTransformer/COREMOD]: Transforming net/minecraft/world/level/levelgen/structure/Structure
[10Aug2026 03:02:39.701] [main/DEBUG] [mixin/]: Preparing clumps.mixins.json (2)
[10Aug2026 03:02:39.707] [main/DEBUG] [mixin/]: Preparing xaeroworldmap.mixins.json (11)
[10Aug2026 03:02:39.709] [main/DEBUG] [mixin/]: Preparing xaeroworldmap.forge.mixins.json (2)
[10Aug2026 03:02:39.709] [main/DEBUG] [mixin/]: Preparing placebo.mixins.json (6)
[10Aug2026 03:02:39.719] [main/DEBUG] [net.minecraftforge.coremod.transformer.CoreModBaseTransformer/COREMOD]: Transforming net/minecraft/world/item/ItemStack
[10Aug2026 03:02:39.742] [main/DEBUG] [net.minecraftforge.coremod.transformer.CoreModBaseTransformer/COREMOD]: Transforming getEnchantmentLevel with desc (Lnet/minecraft/world/item/enchantment/Enchantment;)I
[10Aug2026 03:02:39.765] [main/INFO] [net.minecraftforge.coremod.CoreMod.placebo/COREMODLOG]: Patching IForgeItemStack#getEnchantmentLevel
[10Aug2026 03:02:39.797] [main/DEBUG] [net.minecraftforge.coremod.transformer.CoreModBaseTransformer/COREMOD]: Transforming getAllEnchantments with desc ()Ljava/util/Map;
[10Aug2026 03:02:39.804] [main/INFO] [net.minecraftforge.coremod.CoreMod.placebo/COREMODLOG]: Patching IForgeItemStack#getEnchantmentLevel
[10Aug2026 03:02:39.828] [main/DEBUG] [mixin/]: Preparing modernfix-modernfix.mixins.json (196)
[10Aug2026 03:02:39.828] [main/DEBUG] [ModernFix/]: Skipping mixin devenv.GameDataMixin: disabled by configuration
[10Aug2026 03:02:39.828] [main/DEBUG] [ModernFix/]: Applying mixin bugfix.removed_dimensions.LevelStorageSourceMixin
[10Aug2026 03:02:39.829] [main/DEBUG] [ModernFix/]: Applying mixin bugfix.chunk_deadlock.ServerChunkCache_CurrentLoadingMixin
[10Aug2026 03:02:39.830] [main/DEBUG] [ModernFix/]: Applying mixin bugfix.chunk_deadlock.ChunkMapLoadMixin
[10Aug2026 03:02:39.831] [main/DEBUG] [ModernFix/]: Applying mixin bugfix.chunk_deadlock.EntityMixin
[10Aug2026 03:02:39.832] [main/DEBUG] [ModernFix/]: Applying mixin bugfix.registry_ops_cme.RegistryOpsMemoizedMixin
[10Aug2026 03:02:39.833] [main/DEBUG] [ModernFix/]: Skipping mixin bugfix.unsafe_modded_shape_caches.ShapeCacheCyclicMixin: disabled for mod compat (cyclic)
[10Aug2026 03:02:39.834] [main/DEBUG] [ModernFix/]: Skipping mixin bugfix.unsafe_modded_shape_caches.ShapeCacheRSMixin: disabled for mod compat (refinedstorage)
[10Aug2026 03:02:39.834] [main/DEBUG] [ModernFix/]: Applying mixin bugfix.paper_chunk_patches.SortedArraySetMixin
[10Aug2026 03:02:39.835] [main/DEBUG] [ModernFix/]: Applying mixin bugfix.paper_chunk_patches.ChunkMapMixin
[10Aug2026 03:02:39.835] [main/DEBUG] [ModernFix/]: Skipping mixin bugfix.cofh_core_crash.FlagManagerMixin: disabled for mod compat (cofh_core)
[10Aug2026 03:02:39.836] [main/DEBUG] [ModernFix/]: Skipping mixin bugfix.restore_old_dragon_movement.EnderDragonMixin: disabled by configuration
[10Aug2026 03:02:39.837] [main/DEBUG] [ModernFix/]: Applying mixin bugfix.forge_vehicle_packets.ServerGamePacketListenerImplMixin
[10Aug2026 03:02:39.837] [main/DEBUG] [ModernFix/]: Applying mixin bugfix.concurrency.NamespacedWrapperMixin
[10Aug2026 03:02:39.838] [main/DEBUG] [ModernFix/]: Applying mixin bugfix.concurrency.MappedRegistryMixin
[10Aug2026 03:02:39.838] [main/DEBUG] [ModernFix/]: Applying mixin bugfix.concurrency.ForgeRegistryTagManagerMixin
[10Aug2026 03:02:39.839] [main/DEBUG] [ModernFix/]: Applying mixin feature.measure_time.SimpleReloadInstanceMixin
[10Aug2026 03:02:39.839] [main/DEBUG] [ModernFix/]: Applying mixin feature.measure_time.AddReloadListenerEventWrapperMixin
[10Aug2026 03:02:39.840] [main/DEBUG] [ModernFix/]: Applying mixin feature.measure_time.BootstrapMixin
[10Aug2026 03:02:39.840] [main/DEBUG] [ModernFix/]: Applying mixin feature.measure_time.WorldLoaderMixin
[10Aug2026 03:02:39.840] [main/DEBUG] [ModernFix/]: Applying mixin feature.measure_time.ProfiledReloadInstanceMixin
[10Aug2026 03:02:39.841] [main/DEBUG] [ModernFix/]: Applying mixin feature.mcfunction_profiling.ServerFunctionManagerMixin
[10Aug2026 03:02:39.842] [main/DEBUG] [ModernFix/]: Applying mixin feature.branding.BrandingControlMixin
[10Aug2026 03:02:39.842] [main/DEBUG] [ModernFix/]: Skipping mixin feature.blockentity_incorrect_thread.ChunkAccessMixin: disabled by configuration
[10Aug2026 03:02:39.842] [main/DEBUG] [ModernFix/]: Skipping mixin feature.blockentity_incorrect_thread.LevelThreadAccessor: disabled by configuration
[10Aug2026 03:02:39.843] [main/DEBUG] [ModernFix/]: Skipping mixin feature.cause_lag_by_disabling_threads.UtilMixin: disabled by configuration
[10Aug2026 03:02:39.843] [main/DEBUG] [ModernFix/]: Applying mixin core.BootstrapMixin
[10Aug2026 03:02:39.844] [main/DEBUG] [ModernFix/]: Applying mixin core.MinecraftServerMixin
[10Aug2026 03:02:39.844] [main/DEBUG] [ModernFix/]: Applying mixin core.WorldLoaderMixin
[10Aug2026 03:02:39.844] [main/DEBUG] [ModernFix/]: Applying mixin core.PalettedContainerMixin
[10Aug2026 03:02:39.845] [main/DEBUG] [ModernFix/]: Applying mixin core.NetworkHooksMixin
[10Aug2026 03:02:39.845] [main/DEBUG] [ModernFix/]: Applying mixin core.GameDataMixin
[10Aug2026 03:02:39.846] [main/DEBUG] [ModernFix/]: Applying mixin core.CrashReportAnalyserMixin
[10Aug2026 03:02:39.846] [main/DEBUG] [ModernFix/]: Applying mixin perf.memoize_creative_tab_build.CreativeModeTabMixin
[10Aug2026 03:02:39.846] [main/DEBUG] [ModernFix/]: Skipping mixin perf.ingredient_item_deduplication.IngredientMixin: disabled for mod compat ([feature level: requires BETA])
[10Aug2026 03:02:39.847] [main/DEBUG] [ModernFix/]: Skipping mixin perf.ingredient_item_deduplication.IngredientItemValueMixin: disabled for mod compat ([feature level: requires BETA])
[10Aug2026 03:02:39.847] [main/DEBUG] [ModernFix/]: Applying mixin perf.fix_loop_spin_waiting.MinecraftServerMixin
[10Aug2026 03:02:39.847] [main/DEBUG] [ModernFix/]: Applying mixin perf.tag_id_caching.TagEntryMixin
[10Aug2026 03:02:39.848] [main/DEBUG] [ModernFix/]: Applying mixin perf.tag_id_caching.TagOrElementLocationMixin
[10Aug2026 03:02:39.848] [main/DEBUG] [ModernFix/]: Applying mixin perf.optimize_surface_rules.SurfaceRulesContextMixin
[10Aug2026 03:02:39.849] [main/DEBUG] [ModernFix/]: Skipping mixin perf.optimize_surface_rules.NamespacedSurfaceRuleSourceMixin: disabled for mod compat ([feature level: requires BETA])
[10Aug2026 03:02:39.849] [main/DEBUG] [ModernFix/]: Applying mixin perf.optimize_surface_rules.BiomeManagerAccessor
[10Aug2026 03:02:39.850] [main/DEBUG] [ModernFix/]: Applying mixin perf.optimize_surface_rules.SurfaceSystemMixin
[10Aug2026 03:02:39.850] [main/DEBUG] [ModernFix/]: Applying mixin perf.optimize_surface_rules.NoiseBasedChunkGeneratorMixin
[10Aug2026 03:02:39.851] [main/DEBUG] [ModernFix/]: Applying mixin perf.optimize_surface_rules.BiomeConditionSourceMixin
[10Aug2026 03:02:39.851] [main/DEBUG] [ModernFix/]: Applying mixin perf.compact_imposterprotochunks.ChunkAccessMixin
[10Aug2026 03:02:39.851] [main/DEBUG] [ModernFix/]: Applying mixin perf.compact_imposterprotochunks.ImposterProtoChunkMixin
[10Aug2026 03:02:39.852] [main/DEBUG] [ModernFix/]: Applying mixin perf.smart_ingredient_sync.IngredientMixin
[10Aug2026 03:02:39.852] [main/DEBUG] [ModernFix/]: Applying mixin perf.smart_ingredient_sync.PlayerListMixin
[10Aug2026 03:02:39.853] [main/DEBUG] [ModernFix/]: Applying mixin perf.smart_ingredient_sync.ConnectionMixin
[10Aug2026 03:02:39.854] [main/DEBUG] [ModernFix/]: Applying mixin perf.ticking_chunk_alloc.ChunkHolderMixin
[10Aug2026 03:02:39.854] [main/DEBUG] [ModernFix/]: Applying mixin perf.ticking_chunk_alloc.BatMixin
[10Aug2026 03:02:39.854] [main/DEBUG] [ModernFix/]: Applying mixin perf.ticking_chunk_alloc.ChunkAccessMixin
[10Aug2026 03:02:39.855] [main/DEBUG] [ModernFix/]: Applying mixin perf.faster_ingredients.ForgeHooksMixin
[10Aug2026 03:02:39.856] [main/DEBUG] [ModernFix/]: Applying mixin perf.faster_ingredients.IngredientMixin
[10Aug2026 03:02:39.858] [main/DEBUG] [ModernFix/]: Skipping mixin perf.faster_ingredients.CofhIngredientWithCountMixin: disabled for mod compat (cofh_core)
[10Aug2026 03:02:39.859] [main/DEBUG] [ModernFix/]: Applying mixin perf.forge_registry_alloc.DelegateHolderMixin
[10Aug2026 03:02:39.859] [main/DEBUG] [ModernFix/]: Applying mixin perf.forge_registry_alloc.DelegateHolderMixin
[10Aug2026 03:02:39.859] [main/DEBUG] [ModernFix/]: Applying mixin perf.forge_registry_alloc.DebugLevelSourceMixin
[10Aug2026 03:02:39.861] [main/DEBUG] [ModernFix/]: Applying mixin perf.forge_registry_alloc.ForgeRegistryMixin
[10Aug2026 03:02:39.861] [main/DEBUG] [ModernFix/]: Applying mixin perf.worldgen_allocation.SurfaceRulesContextMixin
[10Aug2026 03:02:39.861] [main/DEBUG] [ModernFix/]: Applying mixin perf.worldgen_allocation.SurfaceRulesMixin
[10Aug2026 03:02:39.862] [main/DEBUG] [ModernFix/]: Applying mixin perf.worldgen_allocation.SurfaceRulesMixin
[10Aug2026 03:02:39.862] [main/DEBUG] [ModernFix/]: Applying mixin perf.worldgen_allocation.SurfaceRulesMixin
[10Aug2026 03:02:39.862] [main/DEBUG] [ModernFix/]: Applying mixin perf.worldgen_allocation.SurfaceRulesMixin
[10Aug2026 03:02:39.862] [main/DEBUG] [ModernFix/]: Applying mixin perf.worldgen_allocation.SurfaceRulesMixin
[10Aug2026 03:02:39.862] [main/DEBUG] [ModernFix/]: Applying mixin perf.worldgen_allocation.SequenceRuleMixin
[10Aug2026 03:02:39.863] [main/DEBUG] [ModernFix/]: Applying mixin perf.worldgen_allocation.NoiseChunkMixin
[10Aug2026 03:02:39.864] [main/DEBUG] [ModernFix/]: Applying mixin perf.worldgen_allocation.MaterialRuleListMixin
[10Aug2026 03:02:39.864] [main/DEBUG] [ModernFix/]: Applying mixin perf.compact_mojang_registries.BlockStateDataMixin
[10Aug2026 03:02:39.864] [main/DEBUG] [ModernFix/]: Applying mixin perf.compact_mojang_registries.MappedRegistryMixin
[10Aug2026 03:02:39.864] [main/DEBUG] [ModernFix/]: Applying mixin perf.compact_mojang_registries.VanillaRegistriesMixin
[10Aug2026 03:02:39.865] [main/DEBUG] [ModernFix/]: Applying mixin perf.cache_blockstate_cache_arrays.AbstractBlockStateCacheMixin
[10Aug2026 03:02:39.865] [main/DEBUG] [ModernFix/]: Applying mixin perf.release_protochunks.ChunkHolderMixin
[10Aug2026 03:02:39.866] [main/DEBUG] [ModernFix/]: Applying mixin perf.release_protochunks.ChunkMapMixin
[10Aug2026 03:02:39.867] [main/DEBUG] [ModernFix/]: Applying mixin perf.release_protochunks.ImposterProtoChunkMixin
[10Aug2026 03:02:39.867] [main/DEBUG] [ModernFix/]: Applying mixin perf.attribute_supplier_dedup.AttributeSupplierBuilderMixin
[10Aug2026 03:02:39.867] [main/DEBUG] [ModernFix/]: Applying mixin perf.attribute_supplier_dedup.AttributeSupplierMixin
[10Aug2026 03:02:39.868] [main/DEBUG] [ModernFix/]: Applying mixin perf.object_holder_cleanup.GameDataMixin
[10Aug2026 03:02:39.869] [main/DEBUG] [ModernFix/]: Applying mixin perf.compact_bit_storage.PalettedContainerMixin
[10Aug2026 03:02:39.869] [main/DEBUG] [ModernFix/]: Applying mixin perf.forge_registry_lambda.RegistryObjectMixin
[10Aug2026 03:02:39.870] [main/DEBUG] [ModernFix/]: Applying mixin perf.faster_structure_location.ServerLevelMixin
[10Aug2026 03:02:39.870] [main/DEBUG] [ModernFix/]: Applying mixin perf.faster_structure_location.StructureCheckMixin
[10Aug2026 03:02:39.871] [main/DEBUG] [ModernFix/]: Skipping mixin perf.dynamic_resources.ForgeHooksClientMixin: disabled by configuration
[10Aug2026 03:02:39.871] [main/DEBUG] [ModernFix/]: Skipping mixin perf.faster_loot_loading.ForgeHooksMixin: disabled for mod compat ([feature level: requires BETA])
[10Aug2026 03:02:39.872] [main/DEBUG] [ModernFix/]: Skipping mixin perf.faster_loot_loading.LootDataManagerMixin: disabled for mod compat ([feature level: requires BETA])
[10Aug2026 03:02:39.873] [main/DEBUG] [ModernFix/]: Applying mixin perf.faster_capabilities.CapabilityDispatcherMixin
[10Aug2026 03:02:39.873] [main/DEBUG] [ModernFix/]: Skipping mixin perf.faster_capabilities.bytecode_analysis.AttachCapabilitiesEventMixin: disabled for mod compat ([feature level: requires BETA])
[10Aug2026 03:02:39.874] [main/DEBUG] [ModernFix/]: Skipping mixin perf.faster_capabilities.bytecode_analysis.ForgeEventFactoryMixin: disabled for mod compat ([feature level: requires BETA])
[10Aug2026 03:02:39.875] [main/DEBUG] [ModernFix/]: Applying mixin perf.datapack_reload_exceptions.RecipeManagerMixin
[10Aug2026 03:02:39.875] [main/DEBUG] [ModernFix/]: Applying mixin perf.fix_handshake_stall.HandshakeHandlerMixin
[10Aug2026 03:02:39.876] [main/DEBUG] [ModernFix/]: Skipping mixin perf.resourcepacks.FilePackResourcesMixin: disabled for mod compat ([feature level: requires BETA])
[10Aug2026 03:02:39.876] [main/DEBUG] [ModernFix/]: Applying mixin perf.resourcepacks.MinecraftServerMixin
[10Aug2026 03:02:39.877] [main/DEBUG] [ModernFix/]: Applying mixin perf.resourcepacks.ForgePathPackResourcesMixin
[10Aug2026 03:02:39.878] [main/DEBUG] [ModernFix/]: Applying mixin perf.cache_upgraded_structures.StructureManagerMixin
[10Aug2026 03:02:39.878] [main/DEBUG] [ModernFix/]: Applying mixin perf.mojang_registry_size.MappedRegistryMixin
[10Aug2026 03:02:39.878] [main/DEBUG] [ModernFix/]: Skipping mixin perf.mojang_registry_size.StateHolderMixin: disabled for mod compat (!ferritecore)
[10Aug2026 03:02:39.879] [main/DEBUG] [ModernFix/]: Applying mixin perf.state_definition_construct.StateDefinitionMixin
[10Aug2026 03:02:39.879] [main/DEBUG] [ModernFix/]: Applying mixin perf.remove_biome_temperature_cache.BiomeMixin
[10Aug2026 03:02:39.879] [main/DEBUG] [ModernFix/]: Skipping mixin perf.remove_spawn_chunks.SortedArraySetMixin: disabled by configuration
[10Aug2026 03:02:39.880] [main/DEBUG] [ModernFix/]: Skipping mixin perf.remove_spawn_chunks.ServerPlayerMixin: disabled by configuration
[10Aug2026 03:02:39.880] [main/DEBUG] [ModernFix/]: Skipping mixin perf.remove_spawn_chunks.EntityMixin: disabled by configuration
[10Aug2026 03:02:39.880] [main/DEBUG] [ModernFix/]: Skipping mixin perf.remove_spawn_chunks.MinecraftServerMixin: disabled by configuration
[10Aug2026 03:02:39.881] [main/DEBUG] [ModernFix/]: Skipping mixin perf.remove_spawn_chunks.ServerLevelMixin: disabled by configuration
[10Aug2026 03:02:39.881] [main/DEBUG] [ModernFix/]: Skipping mixin perf.remove_spawn_chunks.PlayerListMixin: disabled by configuration
[10Aug2026 03:02:39.881] [main/DEBUG] [ModernFix/]: Applying mixin perf.model_optimizations.PropertyMixin
[10Aug2026 03:02:39.882] [main/DEBUG] [ModernFix/]: Applying mixin perf.model_optimizations.BooleanPropertyMixin
[10Aug2026 03:02:39.882] [main/DEBUG] [ModernFix/]: Applying mixin perf.reduce_blockstate_cache_rebuilds.BlockCallbacksMixin
[10Aug2026 03:02:39.882] [main/DEBUG] [ModernFix/]: Applying mixin perf.reduce_blockstate_cache_rebuilds.BlockStateBaseMixin
[10Aug2026 03:02:39.883] [main/DEBUG] [ModernFix/]: Applying mixin perf.reduce_blockstate_cache_rebuilds.BlocksMixin
[10Aug2026 03:02:39.883] [main/DEBUG] [ModernFix/]: Applying mixin perf.potential_spawns_alloc.ForgeEventFactoryMixin
[10Aug2026 03:02:39.883] [main/DEBUG] [ModernFix/]: Applying mixin perf.potential_spawns_alloc.PotentialSpawnsMixin
[10Aug2026 03:02:39.884] [main/DEBUG] [ModernFix/]: Applying mixin perf.thread_priorities.UtilMixin
[10Aug2026 03:02:39.884] [main/DEBUG] [ModernFix/]: Applying mixin perf.dynamic_dfu.BlockEntityTypeMixin
[10Aug2026 03:02:39.884] [main/DEBUG] [ModernFix/]: Applying mixin perf.dynamic_dfu.DataFixTypesMixin
[10Aug2026 03:02:39.885] [main/DEBUG] [ModernFix/]: Applying mixin perf.dynamic_dfu.DataFixersMixin
[10Aug2026 03:02:39.885] [main/DEBUG] [ModernFix/]: Applying mixin perf.dynamic_dfu.EntityTypeBuilderMixin
[10Aug2026 03:02:39.885] [main/DEBUG] [ModernFix/]: Applying mixin perf.dedicated_reload_executor.MinecraftServerMixin
[10Aug2026 03:02:39.886] [main/DEBUG] [ModernFix/]: Skipping mixin perf.cache_strongholds.ConcentricRingsStructurePlacementMixin: disabled for mod compat ([feature level: requires BETA])
[10Aug2026 03:02:39.886] [main/DEBUG] [ModernFix/]: Applying mixin perf.cache_strongholds.ServerLevelMixin
[10Aug2026 03:02:39.887] [main/DEBUG] [ModernFix/]: Applying mixin perf.cache_strongholds.ChunkGeneratorMixin
[10Aug2026 03:02:39.887] [main/DEBUG] [ModernFix/]: Applying mixin perf.fast_registry_validation.ForgeRegistryMixin
[10Aug2026 03:02:39.888] [main/DEBUG] [ModernFix/]: Applying mixin perf.forge_cap_retrieval.AttachCapabilitiesEventMixin
[10Aug2026 03:02:39.888] [main/DEBUG] [ModernFix/]: Applying mixin perf.forge_cap_retrieval.LivingEntityMixin
[10Aug2026 03:02:39.889] [main/DEBUG] [ModernFix/]: Applying mixin perf.deduplicate_wall_shapes.WallBlockMixin
[10Aug2026 03:02:39.889] [main/DEBUG] [ModernFix/]: Applying mixin perf.dynamic_structure_manager.StructureManagerMixin
[10Aug2026 03:02:39.890] [main/DEBUG] [ModernFix/]: Applying mixin perf.fast_forge_dummies.NamespacedHolderHelperMixin
[10Aug2026 03:02:39.890] [main/DEBUG] [ModernFix/]: Skipping mixin perf.kubejs.RecipeEventJSMixin: disabled for mod compat (kubejs)
[10Aug2026 03:02:39.984] [main/DEBUG] [mixin/]: @Mixin target net/minecraft/world/level/levelgen/SurfaceRules$Context is public in modernfix-modernfix.mixins.json:perf.worldgen_allocation.SurfaceRulesContextMixin and should be specified in value
[10Aug2026 03:02:40.027] [main/DEBUG] [net.minecraftforge.coremod.transformer.CoreModBaseTransformer/COREMOD]: Transforming net/minecraft/world/level/biome/Biome
[10Aug2026 03:02:40.077] [main/DEBUG] [mixin/]: Preparing citadel.mixins.json (16)
[10Aug2026 03:02:40.089] [main/DEBUG] [mixin/]: Preparing mixins.artifacts.common.json (21)
[10Aug2026 03:02:40.098] [main/DEBUG] [net.minecraftforge.coremod.transformer.CoreModBaseTransformer/COREMOD]: Transforming net/minecraft/world/level/NaturalSpawner
[10Aug2026 03:02:40.279] [main/DEBUG] [net.minecraftforge.coremod.transformer.CoreModBaseTransformer/COREMOD]: Transforming net/minecraft/world/entity/npc/Villager
[10Aug2026 03:02:40.469] [main/DEBUG] [mixin/]: Preparing mixins.artifacts.forge.json (3)
[10Aug2026 03:02:40.471] [main/DEBUG] [mixin/]: Preparing sophisticatedbackpacks.mixins.json (1)
[10Aug2026 03:02:40.471] [main/DEBUG] [mixin/]: Preparing iceandfire.mixins.json (2)
[10Aug2026 03:02:40.476] [main/DEBUG] [mixin/]: Preparing bygonenether.mixins.json (6)
[10Aug2026 03:02:40.487] [main/DEBUG] [mixin/]: Preparing balm.mixins.json (16)
[10Aug2026 03:02:40.495] [main/DEBUG] [mixin/]: Preparing blueprint.mixins.json (34)
[10Aug2026 03:02:40.522] [main/DEBUG] [net.minecraftforge.coremod.transformer.CoreModBaseTransformer/COREMOD]: Transforming net/minecraft/world/level/levelgen/structure/templatesystem/StructureTemplate
[10Aug2026 03:02:40.654] [main/DEBUG] [mixin/]: Preparing carryon.mixins.json (5)
[10Aug2026 03:02:40.658] [main/DEBUG] [mixin/]: Preparing carryon.forge.mixins.json (0)
[10Aug2026 03:02:40.658] [main/DEBUG] [mixin/]: Preparing puzzlesaccessapi.common.mixins.json (0)
[10Aug2026 03:02:40.658] [main/DEBUG] [mixin/]: Preparing puzzlesaccessapi.forge.mixins.json (0)
[10Aug2026 03:02:40.659] [main/DEBUG] [mixin/]: Preparing supplementaries-common.mixins.json (63)
[10Aug2026 03:02:40.732] [main/DEBUG] [mixin/]: Preparing supplementaries.mixins.json (23)
[10Aug2026 03:02:40.766] [main/DEBUG] [mixin/]: Preparing endergetic.mixins.json (22)
[10Aug2026 03:02:40.790] [main/DEBUG] [mixin/]: Preparing alexscaves.mixins.json (52)
[10Aug2026 03:02:40.828] [main/DEBUG] [net.minecraftforge.coremod.transformer.CoreModBaseTransformer/COREMOD]: Transforming net/minecraft/world/level/levelgen/structure/structures/SwampHutPiece
[10Aug2026 03:02:40.855] [main/DEBUG] [mixin/]: Preparing terrablender.mixins.json (7)
[10Aug2026 03:02:40.862] [main/DEBUG] [mixin/]: Preparing terrablender_forge.mixins.json (0)
[10Aug2026 03:02:40.862] [main/DEBUG] [mixin/]: Preparing moonlight-common.mixins.json (40)
[10Aug2026 03:02:40.912] [main/DEBUG] [mixin/]: Preparing moonlight.mixins.json (13)
[10Aug2026 03:02:40.925] [main/DEBUG] [mixin/]: Preparing mixinsquared.init.mixins.json (0)
[10Aug2026 03:02:40.925] [main/DEBUG] [mixin/]: Preparing jade.mixins.json (2)
[10Aug2026 03:02:40.925] [main/DEBUG] [mixin/]: Preparing endrem.mixins.json (4)
[10Aug2026 03:02:40.933] [main/DEBUG] [mixin/]: Preparing creativecore.mixins.json (8)
[10Aug2026 03:02:40.955] [main/DEBUG] [mixin/]: Preparing creativecore.forge.mixins.json (3)
[10Aug2026 03:02:40.956] [main/DEBUG] [mixin/]: Preparing supermartijn642corelib.mixins.json (11)
[10Aug2026 03:02:40.965] [main/DEBUG] [mixin/]: Preparing lionfishapi.mixins.json (2)
[10Aug2026 03:02:40.965] [main/DEBUG] [mixin/]: Preparing cataclysm.mixins.json (25)
[10Aug2026 03:02:40.986] [main/DEBUG] [mixin/]: Preparing curios.mixins.json (13)
[10Aug2026 03:02:40.996] [main/DEBUG] [mixin/]: Preparing patchouli_xplat.mixins.json (10)
[10Aug2026 03:02:40.998] [main/DEBUG] [mixin/]: Preparing xaerohud.mixins.json (22)
[10Aug2026 03:02:40.999] [main/DEBUG] [mixin/]: Preparing xaerohud.forge.mixins.json (0)
[10Aug2026 03:02:40.999] [main/DEBUG] [mixin/]: Preparing xaerominimap.mixins.json (0)
[10Aug2026 03:02:40.999] [main/DEBUG] [mixin/]: Preparing xaerominimap.forge.mixins.json (0)
[10Aug2026 03:02:40.999] [main/DEBUG] [mixin/]: Preparing betterbiomeblend.mixins.json (3)
[10Aug2026 03:02:40.999] [main/DEBUG] [mixin/]: Preparing betterbiomeblend-embeddium.mixins.json (2)
[10Aug2026 03:02:41.002] [main/WARN] [mixin/]: Error loading class: me/jellysquid/mods/sodium/client/world/biome/BiomeColorCache (java.lang.ClassNotFoundException: me.jellysquid.mods.sodium.client.world.biome.BiomeColorCache)
[10Aug2026 03:02:41.002] [main/WARN] [mixin/]: @Mixin target me.jellysquid.mods.sodium.client.world.biome.BiomeColorCache was not found betterbiomeblend-embeddium.mixins.json:MixinBiomeColorCache
[10Aug2026 03:02:41.003] [main/WARN] [mixin/]: Error loading class: me/jellysquid/mods/sodium/client/gui/SodiumGameOptionPages (java.lang.ClassNotFoundException: me.jellysquid.mods.sodium.client.gui.SodiumGameOptionPages)
[10Aug2026 03:02:41.004] [main/WARN] [mixin/]: @Mixin target me.jellysquid.mods.sodium.client.gui.SodiumGameOptionPages was not found betterbiomeblend-embeddium.mixins.json:MixinSodiumGameOptionPages
[10Aug2026 03:02:41.004] [main/DEBUG] [mixin/]: Preparing polymorph.mixins.json (9)
[10Aug2026 03:02:41.010] [main/DEBUG] [mixin/]: Preparing polymorph-integrations.forge.mixins.json (2)
[10Aug2026 03:02:41.013] [main/DEBUG] [Polymorph/]: Loaded com.illusivesoulworks.polymorph.platform.ForgeIntegrationPlatform@4fea5ee0 for service interface com.illusivesoulworks.polymorph.platform.services.IIntegrationPlatform
[10Aug2026 03:02:41.014] [main/DEBUG] [Polymorph/]: Loaded com.illusivesoulworks.polymorph.platform.ForgeClientPlatform@7b3085a3 for service interface com.illusivesoulworks.polymorph.platform.services.IClientPlatform
[10Aug2026 03:02:41.015] [main/DEBUG] [Polymorph/]: Loaded com.illusivesoulworks.polymorph.platform.ForgePlatform@459bf87c for service interface com.illusivesoulworks.polymorph.platform.services.IPlatform
[10Aug2026 03:02:41.024] [main/DEBUG] [mixin/]: Preparing securitycraft.mixins.json (14)
[10Aug2026 03:02:41.032] [main/DEBUG] [mixin/]: Preparing entityculling.mixins.json (9)
[10Aug2026 03:02:41.033] [main/DEBUG] [mixin/]: Preparing tombstone.mixins.json (28)
[10Aug2026 03:02:41.063] [main/DEBUG] [mixin/]: Preparing immediatelyfast-common.mixins.json (33)
[10Aug2026 03:02:41.063] [main/DEBUG] [mixin/]: Preparing immediatelyfast-forge.mixins.json (6)
[10Aug2026 03:02:41.063] [main/DEBUG] [mixin/]: Preparing coroutil.mixins.json (0)
[10Aug2026 03:02:41.063] [main/DEBUG] [mixin/]: Preparing fastfurnace.mixins.json (1)
[10Aug2026 03:02:41.064] [main/DEBUG] [mixin/]: Preparing architectury.mixins.json (9)
[10Aug2026 03:02:41.069] [main/DEBUG] [mixin/]: Preparing architectury-common.mixins.json (10)
[10Aug2026 03:02:41.071] [main/DEBUG] [net.minecraftforge.coremod.transformer.CoreModBaseTransformer/COREMOD]: Transforming net/minecraft/world/item/BucketItem
[10Aug2026 03:02:41.077] [main/DEBUG] [net.minecraftforge.coremod.transformer.CoreModBaseTransformer/COREMOD]: Transforming net/minecraft/world/entity/EntityType
[10Aug2026 03:02:41.136] [main/DEBUG] [net.minecraftforge.coremod.transformer.CoreModBaseTransformer/COREMOD]: Transforming net/minecraft/world/level/block/LiquidBlock
[10Aug2026 03:02:41.140] [main/DEBUG] [mixin/]: Preparing skin_changer.mixins.json (3)
[10Aug2026 03:02:41.141] [main/DEBUG] [mixin/]: Preparing ferritecore.predicates.mixin.json (3)
[10Aug2026 03:02:41.141] [main/DEBUG] [mixin/]: Preparing ferritecore.fastmap.mixin.json (1)
[10Aug2026 03:02:41.143] [main/DEBUG] [mixin/]: Preparing ferritecore.mrl.mixin.json (2)
[10Aug2026 03:02:41.143] [main/DEBUG] [mixin/]: Preparing ferritecore.dedupmultipart.mixin.json (2)
[10Aug2026 03:02:41.143] [main/DEBUG] [mixin/]: Preparing ferritecore.blockstatecache.mixin.json (8)
[10Aug2026 03:02:41.150] [main/DEBUG] [mixin/]: @Mixin target net/minecraft/world/level/block/state/BlockBehaviour$BlockStateBase$Cache is public in ferritecore.blockstatecache.mixin.json:BlockStateCacheMixin and should be specified in value
[10Aug2026 03:02:41.151] [main/DEBUG] [mixin/]: Preparing ferritecore.dedupbakedquad.mixin.json (2)
[10Aug2026 03:02:41.151] [main/DEBUG] [mixin/]: Preparing ferritecore.threaddetec.mixin.json (1)
[10Aug2026 03:02:41.152] [main/DEBUG] [mixin/]: Preparing ferritecore.modelsides.mixin.json (1)
[10Aug2026 03:02:41.152] [main/DEBUG] [mixin/]: Preparing cupboard.mixins.json (5)
[10Aug2026 03:02:41.155] [main/DEBUG] [mixin/]: Preparing transition.mixins.json (7)
[10Aug2026 03:02:41.155] [main/DEBUG] [mixin/]: Preparing refurbished_furniture.common.mixins.json (12)
[10Aug2026 03:02:41.158] [main/DEBUG] [mixin/]: Preparing puzzleslib.common.mixins.json (7)
[10Aug2026 03:02:41.160] [main/DEBUG] [mixin/]: Preparing puzzleslib.forge.mixins.json (13)
[10Aug2026 03:02:41.168] [main/DEBUG] [mixin/]: Preparing expandability.mixins.json (4)
[10Aug2026 03:02:41.169] [main/DEBUG] [mixin/]: Preparing expandability-common.mixins.json (9)
[10Aug2026 03:02:41.172] [main/DEBUG] [mixin/]: Preparing mixinextras.init.mixins.json (0)
[10Aug2026 03:02:41.172] [main/DEBUG] [mixin/]: Preparing sound_physics_remastered.mixins.json (11)
[10Aug2026 03:02:41.234] [main/DEBUG] [mixin/]: Inner class org/embeddedt/modernfix/common/mixin/perf/forge_registry_alloc/DebugLevelSourceMixin$1 in org/embeddedt/modernfix/common/mixin/perf/forge_registry_alloc/DebugLevelSourceMixin on net/minecraft/world/level/levelgen/DebugLevelSource gets unique name net/minecraft/world/level/levelgen/DebugLevelSource$Anonymous$9433aa0908df4f269dc8320f55a62cba
[10Aug2026 03:02:41.305] [main/DEBUG] [mixin/]: Inner class net/mehvahdjukaar/supplementaries/mixins/forge/self/SelfFlammableFluidBlockMixin$1 in net/mehvahdjukaar/supplementaries/mixins/forge/self/SelfFlammableFluidBlockMixin on net/mehvahdjukaar/supplementaries/common/fluids/FlammableLiquidBlock gets unique name net/mehvahdjukaar/supplementaries/common/fluids/FlammableLiquidBlock$Anonymous$27ed67a9e72049c3a65b668a6d6dd0bb
[10Aug2026 03:02:41.376] [main/DEBUG] [mixin/]: Prepared 507 mixins in 2.544 sec (5.0ms avg) (0ms load, 0ms transform, 0ms plugin)
[10Aug2026 03:02:41.390] [main/INFO] [MixinExtras|Service/]: Initializing MixinExtras via com.llamalad7.mixinextras.service.MixinExtrasServiceImpl(version=0.5.3).
[10Aug2026 03:02:41.391] [main/DEBUG] [mixin/]: Registering new injector for @SugarWrapper with com.llamalad7.mixinextras.sugar.impl.SugarWrapperInjectionInfo
[10Aug2026 03:02:41.394] [main/DEBUG] [mixin/]: Registering new injector for @FactoryRedirectWrapper with com.llamalad7.mixinextras.wrapper.factory.FactoryRedirectWrapperInjectionInfo
[10Aug2026 03:02:41.394] [main/DEBUG] [mixin/]: Registering new injector for @ExpressionInjectorWrapper with com.llamalad7.mixinextras.expression.impl.wrapper.ExpressionInjectorWrapperInjectionInfo
[10Aug2026 03:02:41.412] [main/DEBUG] [mixin/]: Mixing perf.fix_loop_spin_waiting.MinecraftServerMixin from modernfix-modernfix.mixins.json into net.minecraft.server.MinecraftServer
[10Aug2026 03:02:41.431] [main/DEBUG] [mixin/]: Mixing LevelCreatedCallback from structureessentials.mixins.json into net.minecraft.server.MinecraftServer
[10Aug2026 03:02:41.434] [main/DEBUG] [mixin/]: Mixing MixinMinecraftServer from xaeroworldmap.mixins.json into net.minecraft.server.MinecraftServer
[10Aug2026 03:02:41.436] [main/DEBUG] [mixin/]: Mixing core.MinecraftServerMixin from modernfix-modernfix.mixins.json into net.minecraft.server.MinecraftServer
[10Aug2026 03:02:41.437] [main/DEBUG] [mixin/]: Renaming synthetic method lambda$mfix$endReloadTrack$0(Ljava/lang/Void;)V to mdff13ee$lambda$mfix$endReloadTrack$0$0 in modernfix-modernfix.mixins.json:core.MinecraftServerMixin
[10Aug2026 03:02:41.445] [main/DEBUG] [mixin/]: Mixing perf.resourcepacks.MinecraftServerMixin from modernfix-modernfix.mixins.json into net.minecraft.server.MinecraftServer
[10Aug2026 03:02:41.457] [main/DEBUG] [mixin/]: Mixing perf.dedicated_reload_executor.MinecraftServerMixin from modernfix-modernfix.mixins.json into net.minecraft.server.MinecraftServer
[10Aug2026 03:02:41.458] [main/DEBUG] [mixin/]: Mixing MinecraftServerMixin from citadel.mixins.json into net.minecraft.server.MinecraftServer
[10Aug2026 03:02:41.462] [main/DEBUG] [mixin/]: Mixing MinecraftServerMixin from balm.mixins.json into net.minecraft.server.MinecraftServer
[10Aug2026 03:02:41.462] [main/DEBUG] [mixin/]: Renaming synthetic method lambda$reloadResources$0(Ljava/lang/Void;)V to mdff13ee$lambda$reloadResources$0$1 in balm.mixins.json:MinecraftServerMixin
[10Aug2026 03:02:41.465] [main/DEBUG] [mixin/]: Mixing MinecraftServerMixin from blueprint.mixins.json into net.minecraft.server.MinecraftServer
[10Aug2026 03:02:41.469] [main/DEBUG] [mixin/]: Mixing MinecraftServerMixin from moonlight.mixins.json into net.minecraft.server.MinecraftServer
[10Aug2026 03:02:41.477] [main/DEBUG] [mixin/]: Mixing MixinMinecraftServer from xaerohud.mixins.json into net.minecraft.server.MinecraftServer
[10Aug2026 03:02:41.699] [main/DEBUG] [mixin/]: Mixing GameTestServerMixin from blueprint.mixins.json into net.minecraft.gametest.framework.GameTestServer
[10Aug2026 03:02:41.705] [main/DEBUG] [mixin/]: Mixing DedicatedServerMixin from blueprint.mixins.json into net.minecraft.server.dedicated.DedicatedServer
[10Aug2026 03:02:41.706] [main/DEBUG] [mixin/]: Mixing DedicatedServerMixin from tombstone.mixins.json into net.minecraft.server.dedicated.DedicatedServer
[10Aug2026 03:02:41.728] [main/DEBUG] [io.netty.util.internal.logging.InternalLoggerFactory/]: Using SLF4J as the default logging framework
[10Aug2026 03:02:41.730] [main/DEBUG] [io.netty.util.ResourceLeakDetector/]: -Dio.netty.leakDetection.level: simple
[10Aug2026 03:02:41.731] [main/DEBUG] [io.netty.util.ResourceLeakDetector/]: -Dio.netty.leakDetection.targetRecords: 4
[10Aug2026 03:02:41.825] [main/DEBUG] [mixin/]: Mixing perf.tag_id_caching.TagOrElementLocationMixin from modernfix-modernfix.mixins.json into net.minecraft.util.ExtraCodecs$TagOrElementLocation
[10Aug2026 03:02:42.000] [main/DEBUG] [oshi.util.FileUtil/]: No oshi.properties file found from ClassLoader cpw.mods.modlauncher.TransformingClassLoader@498c535d
[10Aug2026 03:02:42.000] [main/DEBUG] [oshi.util.FileUtil/]: No oshi.properties file found from ClassLoader jdk.internal.loader.ClassLoaders$AppClassLoader@76ed5528
[10Aug2026 03:02:42.066] [main/DEBUG] [oshi.util.FileUtil/]: Reading file /proc/self/auxv
[10Aug2026 03:02:42.067] [main/DEBUG] [oshi.util.FileUtil/]: Reading file /proc/self/auxv
[10Aug2026 03:02:42.072] [main/DEBUG] [oshi.util.FileUtil/]: Reading file /proc/stat
[10Aug2026 03:02:42.080] [main/DEBUG] [oshi.util.FileUtil/]: Reading file /sys/devices/system/cpu/cpu0/topology/core_id
[10Aug2026 03:02:42.080] [main/DEBUG] [oshi.util.FileUtil/]: Reading file /sys/devices/system/cpu/cpu0/topology/core_id
[10Aug2026 03:02:42.081] [main/DEBUG] [oshi.util.FileUtil/]: Reading file /sys/devices/system/cpu/cpu0/topology/physical_package_id
[10Aug2026 03:02:42.081] [main/DEBUG] [oshi.util.FileUtil/]: Reading file /sys/devices/system/cpu/cpu0/topology/physical_package_id
[10Aug2026 03:02:42.084] [main/DEBUG] [oshi.util.FileUtil/]: Reading file /sys/devices/system/cpu/cpu0/cpu_capacity
[10Aug2026 03:02:42.086] [main/DEBUG] [oshi.util.FileUtil/]: Reading file /sys/devices/system/cpu/cpu1/topology/core_id
[10Aug2026 03:02:42.086] [main/DEBUG] [oshi.util.FileUtil/]: Reading file /sys/devices/system/cpu/cpu1/topology/core_id
[10Aug2026 03:02:42.086] [main/DEBUG] [oshi.util.FileUtil/]: Reading file /sys/devices/system/cpu/cpu1/topology/physical_package_id
[10Aug2026 03:02:42.086] [main/DEBUG] [oshi.util.FileUtil/]: Reading file /sys/devices/system/cpu/cpu1/topology/physical_package_id
[10Aug2026 03:02:42.086] [main/DEBUG] [oshi.util.FileUtil/]: Reading file /sys/devices/system/cpu/cpu1/cpu_capacity
[10Aug2026 03:02:42.086] [main/DEBUG] [oshi.util.FileUtil/]: Reading file /sys/devices/system/cpu/cpu2/topology/core_id
[10Aug2026 03:02:42.087] [main/DEBUG] [oshi.util.FileUtil/]: Reading file /sys/devices/system/cpu/cpu2/topology/core_id
[10Aug2026 03:02:42.087] [main/DEBUG] [oshi.util.FileUtil/]: Reading file /sys/devices/system/cpu/cpu2/topology/physical_package_id
[10Aug2026 03:02:42.087] [main/DEBUG] [oshi.util.FileUtil/]: Reading file /sys/devices/system/cpu/cpu2/topology/physical_package_id
[10Aug2026 03:02:42.087] [main/DEBUG] [oshi.util.FileUtil/]: Reading file /sys/devices/system/cpu/cpu2/cpu_capacity
[10Aug2026 03:02:42.087] [main/DEBUG] [oshi.util.FileUtil/]: Reading file /sys/devices/system/cpu/cpu3/topology/core_id
[10Aug2026 03:02:42.087] [main/DEBUG] [oshi.util.FileUtil/]: Reading file /sys/devices/system/cpu/cpu3/topology/core_id
[10Aug2026 03:02:42.087] [main/DEBUG] [oshi.util.FileUtil/]: Reading file /sys/devices/system/cpu/cpu3/topology/physical_package_id
[10Aug2026 03:02:42.088] [main/DEBUG] [oshi.util.FileUtil/]: Reading file /sys/devices/system/cpu/cpu3/topology/physical_package_id
[10Aug2026 03:02:42.088] [main/DEBUG] [oshi.util.FileUtil/]: Reading file /sys/devices/system/cpu/cpu3/cpu_capacity
[10Aug2026 03:02:42.090] [main/DEBUG] [oshi.util.FileUtil/]: Reading file /proc/cpuinfo
[10Aug2026 03:02:42.102] [main/DEBUG] [oshi.util.FileUtil/]: Reading file /proc/self/auxv
[10Aug2026 03:02:42.105] [main/DEBUG] [oshi.util.FileUtil/]: No oshi.architecture.properties file found from ClassLoader cpw.mods.modlauncher.TransformingClassLoader@498c535d
[10Aug2026 03:02:42.106] [main/DEBUG] [oshi.util.FileUtil/]: No oshi.architecture.properties file found from ClassLoader jdk.internal.loader.ClassLoaders$AppClassLoader@76ed5528
[10Aug2026 03:02:42.126] [main/DEBUG] [oshi.util.FileUtil/]: Reading file /proc/meminfo
[10Aug2026 03:02:42.127] [main/DEBUG] [oshi.util.FileUtil/]: Reading file /proc/meminfo
[10Aug2026 03:02:42.131] [main/DEBUG] [mixin/]: Mixing perf.thread_priorities.UtilMixin from modernfix-modernfix.mixins.json into net.minecraft.Util
[10Aug2026 03:02:42.131] [main/DEBUG] [mixin/]: Renaming synthetic method lambda$adjustPriorityOfThreadFactory$0(Ljava/util/concurrent/ForkJoinPool$ForkJoinWorkerThreadFactory;Ljava/util/concurrent/ForkJoinPool;)Ljava/util/concurrent/ForkJoinWorkerThread; to mdff13ee$lambda$adjustPriorityOfThreadFactory$0$0 in modernfix-modernfix.mixins.json:perf.thread_priorities.UtilMixin
[10Aug2026 03:02:42.180] [main/DEBUG] [mixin/]: Mixing feature.measure_time.BootstrapMixin from modernfix-modernfix.mixins.json into net.minecraft.server.Bootstrap
[10Aug2026 03:02:42.184] [main/DEBUG] [mixin/]: Mixing core.BootstrapMixin from modernfix-modernfix.mixins.json into net.minecraft.server.Bootstrap
[10Aug2026 03:02:42.203] [main/INFO] [net.minecraft.server.Bootstrap/]: ModernFix reached bootstrap stage (11.80 s after launch)
[10Aug2026 03:02:42.231] [main/DEBUG] [mixin/]: Mixing MixinBuiltInRegistries from terrablender.mixins.json into net.minecraft.core.registries.BuiltInRegistries
[10Aug2026 03:02:42.231] [main/DEBUG] [mixin/]: Renaming synthetic method lambda$registerSimple$0(Lnet/minecraft/core/registries/BuiltInRegistries$RegistryBootstrap;Lnet/minecraft/core/Registry;)Ljava/lang/Object; to mdff13ee$lambda$registerSimple$0$0 in terrablender.mixins.json:MixinBuiltInRegistries
[10Aug2026 03:02:42.247] [main/DEBUG] [mixin/]: Mixing bugfix.concurrency.MappedRegistryMixin from modernfix-modernfix.mixins.json into net.minecraft.core.MappedRegistry
[10Aug2026 03:02:42.252] [main/DEBUG] [mixin/]: Mixing perf.compact_mojang_registries.MappedRegistryMixin from modernfix-modernfix.mixins.json into net.minecraft.core.MappedRegistry
[10Aug2026 03:02:42.260] [main/DEBUG] [mixin/]: Mixing perf.mojang_registry_size.MappedRegistryMixin from modernfix-modernfix.mixins.json into net.minecraft.core.MappedRegistry
[10Aug2026 03:02:42.270] [main/DEBUG] [mixin/]: Mixing MappedRegistryMixin from structureessentials.mixins.json into net.minecraft.core.MappedRegistry
[10Aug2026 03:02:42.338] [main/DEBUG] [mixin/]: Mixing inject.MixinGameEvent from architectury-common.mixins.json into net.minecraft.world.level.gameevent.GameEvent
[10Aug2026 03:02:42.346] [main/DEBUG] [mixin/]: Mixing SoundEventMixin from sound_physics_remastered.mixins.json into net.minecraft.sounds.SoundEvent
[10Aug2026 03:02:42.354] [main/DEBUG] [mixin/]: Mixing core.GameDataMixin from modernfix-modernfix.mixins.json into net.minecraftforge.registries.GameData
[10Aug2026 03:02:42.355] [main/DEBUG] [mixin/]: Mixing perf.object_holder_cleanup.GameDataMixin from modernfix-modernfix.mixins.json into net.minecraftforge.registries.GameData
[10Aug2026 03:02:42.356] [main/DEBUG] [mixin/]: Mixing GameDataMixin from supermartijn642corelib.mixins.json into net.minecraftforge.registries.GameData
[10Aug2026 03:02:42.381] [main/DEBUG] [mixin/]: Mixing perf.forge_registry_alloc.ForgeRegistryMixin from modernfix-modernfix.mixins.json into net.minecraftforge.registries.ForgeRegistry
[10Aug2026 03:02:42.395] [main/DEBUG] [mixin/]: Mixing perf.fast_registry_validation.ForgeRegistryMixin from modernfix-modernfix.mixins.json into net.minecraftforge.registries.ForgeRegistry
[10Aug2026 03:02:42.398] [main/DEBUG] [mixin/]: Mixing accessor.ForgeRegistryForgeAccessor from puzzleslib.forge.mixins.json into net.minecraftforge.registries.ForgeRegistry
[10Aug2026 03:02:42.404] [main/WARN] [mixin/]: @Final field delegatesByName:Ljava/util/Map; in modernfix-modernfix.mixins.json:perf.forge_registry_alloc.ForgeRegistryMixin should be final
[10Aug2026 03:02:42.404] [main/WARN] [mixin/]: @Final field delegatesByValue:Ljava/util/Map; in modernfix-modernfix.mixins.json:perf.forge_registry_alloc.ForgeRegistryMixin should be final
[10Aug2026 03:02:42.426] [main/DEBUG] [mixin/]: Mixing perf.reduce_blockstate_cache_rebuilds.BlockCallbacksMixin from modernfix-modernfix.mixins.json into net.minecraftforge.registries.GameData$BlockCallbacks
[10Aug2026 03:02:42.434] [main/DEBUG] [mixin/]: Mixing perf.forge_registry_alloc.DelegateHolderMixin from modernfix-modernfix.mixins.json into net.minecraft.world.level.block.Block
[10Aug2026 03:02:42.435] [main/DEBUG] [mixin/]: Mixing inject.MixinBlock from architectury-common.mixins.json into net.minecraft.world.level.block.Block
[10Aug2026 03:02:42.436] [main/DEBUG] [mixin/]: Mixing accessor.BlockAccessor from puzzleslib.common.mixins.json into net.minecraft.world.level.block.Block
[10Aug2026 03:02:42.452] [main/DEBUG] [mixin/]: Mixing perf.reduce_blockstate_cache_rebuilds.BlockStateBaseMixin from modernfix-modernfix.mixins.json into net.minecraft.world.level.block.state.BlockBehaviour$BlockStateBase
[10Aug2026 03:02:42.460] [main/DEBUG] [mixin/]: Mixing BlockStateBaseMixin from ferritecore.blockstatecache.mixin.json into net.minecraft.world.level.block.state.BlockBehaviour$BlockStateBase
[10Aug2026 03:02:42.463] [main/DEBUG] [mixin/]: Mixing fluidcollision.BlockStateBaseMixin from expandability-common.mixins.json into net.minecraft.world.level.block.state.BlockBehaviour$BlockStateBase
[10Aug2026 03:02:42.495] [main/DEBUG] [mixin/]: Mixing FastMapStateHolderMixin from ferritecore.fastmap.mixin.json into net.minecraft.world.level.block.state.StateHolder
[10Aug2026 03:02:42.508] [main/DEBUG] [mixin/]: Mixing perf.model_optimizations.PropertyMixin from modernfix-modernfix.mixins.json into net.minecraft.world.level.block.state.properties.Property
[10Aug2026 03:02:42.523] [main/DEBUG] [mixin/]: Mixing EntityLoadMixin from cupboard.mixins.json into net.minecraft.world.entity.Entity
[10Aug2026 03:02:42.533] [main/DEBUG] [mixin/]: Mixing bugfix.chunk_deadlock.EntityMixin from modernfix-modernfix.mixins.json into net.minecraft.world.entity.Entity
[10Aug2026 03:02:42.536] [main/DEBUG] [mixin/]: Mixing item.umbrella.EntityMixin from mixins.artifacts.common.json into net.minecraft.world.entity.Entity
[10Aug2026 03:02:42.539] [main/DEBUG] [mixin/]: Mixing item.wearable.aquadashers.EntityMixin from mixins.artifacts.common.json into net.minecraft.world.entity.Entity
[10Aug2026 03:02:42.561] [main/DEBUG] [mixin/]: Mixing EntityMixin from balm.mixins.json into net.minecraft.world.entity.Entity
[10Aug2026 03:02:42.564] [main/DEBUG] [mixin/]: Mixing EntityMixin from blueprint.mixins.json into net.minecraft.world.entity.Entity
[10Aug2026 03:02:42.566] [main/DEBUG] [mixin/]: Renaming synthetic method lambda$read$1(Lnet/minecraft/nbt/Tag;)V to mdff13ee$lambda$read$1$0 in blueprint.mixins.json:EntityMixin
[10Aug2026 03:02:42.566] [main/DEBUG] [mixin/]: Renaming synthetic method lambda$writeTrackedData$0(Lnet/minecraft/nbt/ListTag;Lcom/teamabnormals/blueprint/common/world/storage/tracking/TrackedData;Lcom/teamabnormals/blueprint/common/world/storage/tracking/IDataManager$DataEntry;)V to mdff13ee$lambda$writeTrackedData$0$1 in blueprint.mixins.json:EntityMixin
[10Aug2026 03:02:42.589] [main/DEBUG] [mixin/]: Mixing EntityMixin from carryon.mixins.json into net.minecraft.world.entity.Entity
[10Aug2026 03:02:42.604] [main/DEBUG] [mixin/]: Mixing EntityMixin from supplementaries-common.mixins.json into net.minecraft.world.entity.Entity
[10Aug2026 03:02:42.607] [main/DEBUG] [mixin/]: Mixing EntityMixin from endergetic.mixins.json into net.minecraft.world.entity.Entity
[10Aug2026 03:02:42.620] [main/DEBUG] [mixin/]: Mixing EntityMixin from alexscaves.mixins.json into net.minecraft.world.entity.Entity
[10Aug2026 03:02:42.681] [main/DEBUG] [mixin/]: Mixing EntityMixin from lionfishapi.mixins.json into net.minecraft.world.entity.Entity
[10Aug2026 03:02:42.692] [main/DEBUG] [mixin/]: Mixing AccessorEntity from curios.mixins.json into net.minecraft.world.entity.Entity
[10Aug2026 03:02:42.693] [main/DEBUG] [mixin/]: Mixing EntityMixin from tombstone.mixins.json into net.minecraft.world.entity.Entity
[10Aug2026 03:02:42.703] [main/DEBUG] [mixin/]: Mixing EntityAccessor from refurbished_furniture.common.mixins.json into net.minecraft.world.entity.Entity
[10Aug2026 03:02:42.703] [main/DEBUG] [mixin/]: Mixing EntityMixin from refurbished_furniture.common.mixins.json into net.minecraft.world.entity.Entity
[10Aug2026 03:02:42.708] [main/DEBUG] [mixin/]: Mixing swimming.EntityMixin from expandability.mixins.json into net.minecraft.world.entity.Entity
[10Aug2026 03:02:42.714] [main/DEBUG] [mixin/]: Mixing swimming.EntityMixin from expandability-common.mixins.json into net.minecraft.world.entity.Entity
[10Aug2026 03:02:42.719] [main/DEBUG] [mixin/]: Mixing EntityMixin from sound_physics_remastered.mixins.json into net.minecraft.world.entity.Entity
[10Aug2026 03:02:42.963] [main/DEBUG] [mixin/]: Mixing ntgl.common.LivingEntityMixin from ntgl.mixin.json into net.minecraft.world.entity.LivingEntity
[10Aug2026 03:02:42.963] [main/DEBUG] [mixin/]: ntgl.mixin.json:ntgl.common.LivingEntityMixin: Class version 61 required is higher than the class version supported by the current version of Mixin (JAVA_8 supports class version 52)
[10Aug2026 03:02:42.966] [main/DEBUG] [mixin/]: Mixing chassis.common.LivingEntityMixin from ntgl.mixin.json into net.minecraft.world.entity.LivingEntity
[10Aug2026 03:02:42.967] [main/DEBUG] [mixin/]: ntgl.mixin.json:chassis.common.LivingEntityMixin: Class version 61 required is higher than the class version supported by the current version of Mixin (JAVA_8 supports class version 52)
[10Aug2026 03:02:42.973] [main/DEBUG] [mixin/]: Mixing perf.forge_cap_retrieval.LivingEntityMixin from modernfix-modernfix.mixins.json into net.minecraft.world.entity.LivingEntity
[10Aug2026 03:02:42.977] [main/DEBUG] [mixin/]: Mixing LivingEntityMixin from citadel.mixins.json into net.minecraft.world.entity.LivingEntity
[10Aug2026 03:02:42.982] [main/DEBUG] [mixin/]: Mixing accessors.LivingEntityAccessor from mixins.artifacts.common.json into net.minecraft.world.entity.LivingEntity
[10Aug2026 03:02:42.983] [main/DEBUG] [mixin/]: Mixing item.hurtsound.LivingEntityMixin from mixins.artifacts.common.json into net.minecraft.world.entity.LivingEntity
[10Aug2026 03:02:42.985] [main/DEBUG] [mixin/]: Mixing item.wearable.chorustotem.LivingEntityMixin from mixins.artifacts.common.json into net.minecraft.world.entity.LivingEntity
[10Aug2026 03:02:43.003] [main/DEBUG] [mixin/]: Mixing item.wearable.snowshoes.LivingEntityMixin from mixins.artifacts.forge.json into net.minecraft.world.entity.LivingEntity
[10Aug2026 03:02:43.006] [main/DEBUG] [mixin/]: Mixing LivingEntityMixin from supplementaries-common.mixins.json into net.minecraft.world.entity.LivingEntity
[10Aug2026 03:02:43.013] [main/DEBUG] [net.minecraftforge.coremod.transformer.CoreModBaseTransformer/COREMOD]: Transforming net/minecraft/world/effect/MobEffectInstance
[10Aug2026 03:02:43.022] [main/DEBUG] [mixin/]: Mixing LivingEntityMixin from supplementaries.mixins.json into net.minecraft.world.entity.LivingEntity
[10Aug2026 03:02:43.025] [main/DEBUG] [mixin/]: Mixing LivingEntityMixin from endergetic.mixins.json into net.minecraft.world.entity.LivingEntity
[10Aug2026 03:02:43.032] [main/DEBUG] [mixin/]: Mixing LivingEntityMixin from alexscaves.mixins.json into net.minecraft.world.entity.LivingEntity
[10Aug2026 03:02:43.045] [main/DEBUG] [mixin/]: Mixing LivingEntityMixin from cataclysm.mixins.json into net.minecraft.world.entity.LivingEntity
[10Aug2026 03:02:43.059] [main/DEBUG] [mixin/]: Mixing MixinLivingEntity from curios.mixins.json into net.minecraft.world.entity.LivingEntity
[10Aug2026 03:02:43.061] [main/DEBUG] [mixin/]: Mixing LivingEntityMixin from tombstone.mixins.json into net.minecraft.world.entity.LivingEntity
[10Aug2026 03:02:43.072] [main/DEBUG] [mixin/]: Mixing LivingEntityMixin from refurbished_furniture.common.mixins.json into net.minecraft.world.entity.LivingEntity
[10Aug2026 03:02:43.074] [main/DEBUG] [mixin/]: Mixing swimming.LivingEntityMixin from expandability.mixins.json into net.minecraft.world.entity.LivingEntity
[10Aug2026 03:02:43.076] [main/DEBUG] [mixin/]: Mixing swimming.LivingEntityMixin from expandability-common.mixins.json into net.minecraft.world.entity.LivingEntity
[10Aug2026 03:02:43.255] [main/DEBUG] [mixin/]: Mixing perf.model_optimizations.BooleanPropertyMixin from modernfix-modernfix.mixins.json into net.minecraft.world.level.block.state.properties.BooleanProperty
[10Aug2026 03:02:43.262] [main/DEBUG] [mixin/]: Mixing LevelMixin from citadel.mixins.json into net.minecraft.world.level.Level
[10Aug2026 03:02:43.263] [main/DEBUG] [mixin/]: Mixing LevelMixin from refurbished_furniture.common.mixins.json into net.minecraft.world.level.Level
[10Aug2026 03:02:43.284] [main/DEBUG] [mixin/]: Mixing ServerAddEntityMixin from cupboard.mixins.json into net.minecraft.server.level.ServerLevel
[10Aug2026 03:02:43.297] [main/DEBUG] [mixin/]: Mixing perf.faster_structure_location.ServerLevelMixin from modernfix-modernfix.mixins.json into net.minecraft.server.level.ServerLevel
[10Aug2026 03:02:43.297] [main/DEBUG] [mixin/]: Mixing perf.cache_strongholds.ServerLevelMixin from modernfix-modernfix.mixins.json into net.minecraft.server.level.ServerLevel
[10Aug2026 03:02:43.298] [main/DEBUG] [mixin/]: Mixing ServerLevelMixin from citadel.mixins.json into net.minecraft.server.level.ServerLevel
[10Aug2026 03:02:43.299] [main/DEBUG] [mixin/]: Mixing ServerLevelMixin from blueprint.mixins.json into net.minecraft.server.level.ServerLevel
[10Aug2026 03:02:43.300] [main/DEBUG] [mixin/]: Mixing ServerLevelMixin from supplementaries-common.mixins.json into net.minecraft.server.level.ServerLevel
[10Aug2026 03:02:43.301] [main/DEBUG] [mixin/]: Renaming synthetic method lambda$unluckyLightning$0(Lnet/minecraft/world/entity/LivingEntity;)Z to mdff13ee$lambda$unluckyLightning$0$0 in supplementaries-common.mixins.json:ServerLevelMixin
[10Aug2026 03:02:43.303] [main/DEBUG] [mixin/]: Mixing ServerLevelMixin from endergetic.mixins.json into net.minecraft.server.level.ServerLevel
[10Aug2026 03:02:43.311] [main/DEBUG] [mixin/]: Mixing ServerLevelMixin from moonlight-common.mixins.json into net.minecraft.server.level.ServerLevel
[10Aug2026 03:02:43.312] [main/DEBUG] [mixin/]: Discarding sythetic bridge method synthetic in m_6325_ because existing method in moonlight-common.mixins.json:ServerLevelMixin is compatible
[10Aug2026 03:02:43.315] [main/DEBUG] [mixin/]: Mixing ServerLevelMixin from refurbished_furniture.common.mixins.json into net.minecraft.server.level.ServerLevel
[10Aug2026 03:02:43.377] [main/DEBUG] [mixin/]: Mixing ItemMixin from cataclysm.mixins.json into net.minecraft.world.entity.item.ItemEntity
[10Aug2026 03:02:43.389] [main/DEBUG] [mixin/]: Mixing chassis.common.PlayerMixin from ntgl.mixin.json into net.minecraft.world.entity.player.Player
[10Aug2026 03:02:43.389] [main/DEBUG] [mixin/]: ntgl.mixin.json:chassis.common.PlayerMixin: Class version 61 required is higher than the class version supported by the current version of Mixin (JAVA_8 supports class version 52)
[10Aug2026 03:02:43.391] [main/DEBUG] [mixin/]: Mixing NoAxeDisableModShieldMixin from bygonenether.mixins.json into net.minecraft.world.entity.player.Player
[10Aug2026 03:02:43.392] [main/DEBUG] [mixin/]: Mixing PlayerMixin from carryon.mixins.json into net.minecraft.world.entity.player.Player
[10Aug2026 03:02:43.393] [main/DEBUG] [mixin/]: Mixing PlayerProjectileMixin from supplementaries.mixins.json into net.minecraft.world.entity.player.Player
[10Aug2026 03:02:43.395] [main/DEBUG] [mixin/]: Mixing PlayerMixin from endergetic.mixins.json into net.minecraft.world.entity.player.Player
[10Aug2026 03:02:43.400] [main/DEBUG] [mixin/]: Mixing PlayerMixin from alexscaves.mixins.json into net.minecraft.world.entity.player.Player
[10Aug2026 03:02:43.406] [main/DEBUG] [mixin/]: Mixing swimming.PlayerMixin from expandability-common.mixins.json into net.minecraft.world.entity.player.Player
[10Aug2026 03:02:43.462] [main/DEBUG] [mixin/]: Mixing bugfix.concurrency.ForgeRegistryTagManagerMixin from modernfix-modernfix.mixins.json into net.minecraftforge.registries.ForgeRegistryTagManager
[10Aug2026 03:02:43.479] [main/DEBUG] [mixin/]: Mixing bugfix.concurrency.NamespacedWrapperMixin from modernfix-modernfix.mixins.json into net.minecraftforge.registries.NamespacedWrapper
[10Aug2026 03:02:43.480] [main/DEBUG] [mixin/]: Mixing perf.fast_forge_dummies.NamespacedHolderHelperMixin from modernfix-modernfix.mixins.json into net.minecraftforge.registries.NamespacedWrapper
[10Aug2026 03:02:43.493] [main/DEBUG] [mixin/]: Mixing FluidInvokerMixin from blueprint.mixins.json into net.minecraft.world.level.material.Fluid
[10Aug2026 03:02:43.494] [main/DEBUG] [mixin/]: Mixing inject.MixinFluid from architectury-common.mixins.json into net.minecraft.world.level.material.Fluid
[10Aug2026 03:02:43.507] [main/DEBUG] [mixin/]: Mixing perf.forge_registry_alloc.DelegateHolderMixin from modernfix-modernfix.mixins.json into net.minecraft.world.item.Item
[10Aug2026 03:02:43.507] [main/DEBUG] [mixin/]: Mixing ItemMixin from moonlight-common.mixins.json into net.minecraft.world.item.Item
[10Aug2026 03:02:43.510] [main/DEBUG] [mixin/]: Mixing ItemMixin from tombstone.mixins.json into net.minecraft.world.item.Item
[10Aug2026 03:02:43.511] [main/DEBUG] [mixin/]: Renaming synthetic method lambda$methodIsFoil$1(Lnet/minecraft/world/item/ItemStack;Lovh/corail/tombstone/api/capability/ISoulConsumer;)Ljava/lang/Boolean; to mdff13ee$lambda$methodIsFoil$1$0 in tombstone.mixins.json:ItemMixin
[10Aug2026 03:02:43.511] [main/DEBUG] [mixin/]: Renaming synthetic method lambda$methodGetName$0(Lnet/minecraft/world/item/ItemStack;Lovh/corail/tombstone/api/capability/ISoulConsumer;)Ljava/lang/Boolean; to mdff13ee$lambda$methodGetName$0$1 in tombstone.mixins.json:ItemMixin
[10Aug2026 03:02:43.525] [main/DEBUG] [mixin/]: Mixing inject.MixinItem from architectury-common.mixins.json into net.minecraft.world.item.Item
[10Aug2026 03:02:43.548] [main/DEBUG] [net.minecraftforge.coremod.transformer.CoreModBaseTransformer/COREMOD]: Transforming net/minecraft/world/entity/EntityType
[10Aug2026 03:02:43.590] [main/DEBUG] [mixin/]: Mixing inject.MixinEntityType from architectury-common.mixins.json into net.minecraft.world.entity.EntityType
[10Aug2026 03:02:43.609] [main/DEBUG] [mixin/]: Mixing perf.dynamic_dfu.BlockEntityTypeMixin from modernfix-modernfix.mixins.json into net.minecraft.world.level.block.entity.BlockEntityType
[10Aug2026 03:02:43.616] [main/DEBUG] [mixin/]: Mixing ChunkStatusMixin from alexscaves.mixins.json into net.minecraft.world.level.chunk.ChunkStatus
[10Aug2026 03:02:43.637] [main/DEBUG] [mixin/]: Mixing accessor.PoiTypeAccessor from moonlight-common.mixins.json into net.minecraft.world.entity.ai.village.poi.PoiType
[10Aug2026 03:02:43.638] [main/DEBUG] [mixin/]: Mixing PoiMixin from moonlight-common.mixins.json into net.minecraft.world.entity.ai.village.poi.PoiType
[10Aug2026 03:02:43.690] [main/DEBUG] [mixin/]: Mixing perf.memoize_creative_tab_build.CreativeModeTabMixin from modernfix-modernfix.mixins.json into net.minecraft.world.item.CreativeModeTab
[10Aug2026 03:02:43.696] [main/DEBUG] [mixin/]: Mixing FireBlockMixin from moonlight.mixins.json into net.minecraft.world.level.block.FireBlock
[10Aug2026 03:02:43.697] [main/DEBUG] [mixin/]: Mixing accessor.FireBlockForgeAccessor from puzzleslib.forge.mixins.json into net.minecraft.world.level.block.FireBlock
[10Aug2026 03:02:43.704] [main/DEBUG] [mixin/]: Mixing BaseFireBlockMixin from endergetic.mixins.json into net.minecraft.world.level.block.BaseFireBlock
[10Aug2026 03:02:43.733] [main/DEBUG] [mixin/]: Mixing ShapesMixin from creativecore.mixins.json into net.minecraft.world.phys.shapes.Shapes
[10Aug2026 03:02:43.765] [main/DEBUG] [mixin/]: Mixing DiscreteVSAccess from ferritecore.blockstatecache.mixin.json into net.minecraft.world.phys.shapes.DiscreteVoxelShape
[10Aug2026 03:02:43.768] [main/DEBUG] [mixin/]: Mixing BitSetDVSAccess from ferritecore.blockstatecache.mixin.json into net.minecraft.world.phys.shapes.BitSetDiscreteVoxelShape
[10Aug2026 03:02:43.773] [main/DEBUG] [mixin/]: Mixing VoxelShapeAccessor from creativecore.mixins.json into net.minecraft.world.phys.shapes.VoxelShape
[10Aug2026 03:02:43.773] [main/DEBUG] [mixin/]: Mixing VoxelShapeAccess from ferritecore.blockstatecache.mixin.json into net.minecraft.world.phys.shapes.VoxelShape
[10Aug2026 03:02:43.774] [main/DEBUG] [mixin/]: Unexpected: Registered method setShape(Lnet/minecraft/world/phys/shapes/DiscreteVoxelShape;)V in net.minecraft.world.phys.shapes.VoxelShape was not merged
[10Aug2026 03:02:43.777] [main/DEBUG] [mixin/]: Mixing ArrayVSAccess from ferritecore.blockstatecache.mixin.json into net.minecraft.world.phys.shapes.ArrayVoxelShape
[10Aug2026 03:02:43.779] [main/DEBUG] [mixin/]: Mixing SliceShapeAccess from ferritecore.blockstatecache.mixin.json into net.minecraft.world.phys.shapes.SliceShape
[10Aug2026 03:02:43.824] [main/DEBUG] [mixin/]: Mixing NoteBlockInstrumentMixin from cataclysm.mixins.json into net.minecraft.world.level.block.state.properties.NoteBlockInstrument
[10Aug2026 03:02:43.825] [main/DEBUG] [mixin/]: Renaming @Invoker method newInstrument(Ljava/lang/String;ILjava/lang/String;Lnet/minecraft/core/Holder;Lnet/minecraft/world/level/block/state/properties/NoteBlockInstrument$Type;)Lnet/minecraft/world/level/block/state/properties/NoteBlockInstrument; to newInstrument_$md$ff13ee$0 in cataclysm.mixins.json:NoteBlockInstrumentMixin
[10Aug2026 03:02:43.943] [main/INFO] [net.minecraft.server.Bootstrap/]: Vanilla bootstrap took 1713 milliseconds
[10Aug2026 03:02:43.971] [main/DEBUG] [io.netty.util.internal.PlatformDependent0/]: -Dio.netty.noUnsafe: false
[10Aug2026 03:02:43.971] [main/DEBUG] [io.netty.util.internal.PlatformDependent0/]: Java version: 17
[10Aug2026 03:02:43.972] [main/DEBUG] [io.netty.util.internal.PlatformDependent0/]: sun.misc.Unsafe.theUnsafe: available
[10Aug2026 03:02:43.973] [main/DEBUG] [io.netty.util.internal.PlatformDependent0/]: sun.misc.Unsafe.copyMemory: available
[10Aug2026 03:02:43.973] [main/DEBUG] [io.netty.util.internal.PlatformDependent0/]: sun.misc.Unsafe.storeFence: available
[10Aug2026 03:02:43.974] [main/DEBUG] [io.netty.util.internal.PlatformDependent0/]: java.nio.Buffer.address: available
[10Aug2026 03:02:43.975] [main/DEBUG] [io.netty.util.internal.PlatformDependent0/]: direct buffer constructor: unavailable
java.lang.UnsupportedOperationException: Reflective setAccessible(true) disabled
	at io.netty.util.internal.ReflectionUtil.trySetAccessible(ReflectionUtil.java:31) ~[netty-common-4.1.82.Final.jar%2382!/:4.1.82.Final]
	at io.netty.util.internal.PlatformDependent0$5.run(PlatformDependent0.java:288) ~[netty-common-4.1.82.Final.jar%2382!/:4.1.82.Final]
	at java.security.AccessController.doPrivileged(AccessController.java:318) ~[?:?]
	at io.netty.util.internal.PlatformDependent0.<clinit>(PlatformDependent0.java:282) ~[netty-common-4.1.82.Final.jar%2382!/:4.1.82.Final]
	at io.netty.util.internal.PlatformDependent.isAndroid(PlatformDependent.java:333) ~[netty-common-4.1.82.Final.jar%2382!/:4.1.82.Final]
	at io.netty.util.internal.PlatformDependent.<clinit>(PlatformDependent.java:88) ~[netty-common-4.1.82.Final.jar%2382!/:4.1.82.Final]
	at io.netty.util.ConstantPool.<init>(ConstantPool.java:34) ~[netty-common-4.1.82.Final.jar%2382!/:4.1.82.Final]
	at io.netty.util.AttributeKey$1.<init>(AttributeKey.java:27) ~[netty-common-4.1.82.Final.jar%2382!/:4.1.82.Final]
	at io.netty.util.AttributeKey.<clinit>(AttributeKey.java:27) ~[netty-common-4.1.82.Final.jar%2382!/:4.1.82.Final]
	at net.minecraftforge.network.NetworkConstants.<clinit>(NetworkConstants.java:34) ~[forge-1.20.1-47.3.7-universal.jar%23230!/:?]
	at net.minecraft.server.Bootstrap.handler$zdb000$doClassloadHack(Bootstrap.java:1036) ~[server-1.20.1-20230612.114412-srg.jar%23225!/:?]
	at net.minecraft.server.Bootstrap.m_135870_(Bootstrap.java:64) ~[server-1.20.1-20230612.114412-srg.jar%23225!/:?]
	at net.minecraftforge.registries.ForgeRegistries.init(ForgeRegistries.java:212) ~[forge-1.20.1-47.3.7-universal.jar%23230!/:?]
	at net.minecraftforge.registries.ForgeRegistries.<clinit>(ForgeRegistries.java:65) ~[forge-1.20.1-47.3.7-universal.jar%23230!/:?]
	at com.github.L_Ender.cataclysm.init.ModSounds.<clinit>(ModSounds.java:16) ~[L_Enders_Cataclysm-3.31.jar%23195!/:3.31]
	at com.github.L_Ender.cataclysm.blocks.Property.CustomNoteBlockInstrument.<clinit>(CustomNoteBlockInstrument.java:9) ~[L_Enders_Cataclysm-3.31.jar%23195!/:3.31]
	at net.minecraft.world.level.block.state.properties.NoteBlockInstrument.handler$bcm000$US$addCustomInstruments(NoteBlockInstrument.java:536) ~[server-1.20.1-20230612.114412-srg.jar%23225!/:?]
	at net.minecraft.world.level.block.state.properties.NoteBlockInstrument.<clinit>(NoteBlockInstrument.java:8) ~[server-1.20.1-20230612.114412-srg.jar%23225!/:?]
	at jdk.internal.reflect.NativeMethodAccessorImpl.invoke0(Native Method) ~[?:?]
	at jdk.internal.reflect.NativeMethodAccessorImpl.invoke(NativeMethodAccessorImpl.java:77) ~[?:?]
	at jdk.internal.reflect.DelegatingMethodAccessorImpl.invoke(DelegatingMethodAccessorImpl.java:43) ~[?:?]
	at java.lang.reflect.Method.invoke(Method.java:569) ~[?:?]
	at java.lang.Class.getEnumConstantsShared(Class.java:3840) ~[?:?]
	at java.lang.Class.getEnumConstants(Class.java:3815) ~[?:?]
	at net.minecraft.world.level.block.state.properties.EnumProperty.m_61594_(EnumProperty.java:74) ~[server-1.20.1-20230612.114412-srg.jar%23225!/:?]
	at net.minecraft.world.level.block.state.properties.EnumProperty.m_61587_(EnumProperty.java:70) ~[server-1.20.1-20230612.114412-srg.jar%23225!/:?]
	at net.minecraft.world.level.block.state.properties.BlockStateProperties.<clinit>(BlockStateProperties.java:142) ~[server-1.20.1-20230612.114412-srg.jar%23225!/:?]
	at net.minecraft.world.level.block.FireBlock.<clinit>(FireBlock.java:33) ~[server-1.20.1-20230612.114412-srg.jar%23225!/:?]
	at net.minecraft.server.Bootstrap.m_135870_(Bootstrap.java:46) ~[server-1.20.1-20230612.114412-srg.jar%23225!/:?]
	at net.minecraft.server.Main.main(Main.java:121) ~[server-1.20.1-20230612.114412-srg.jar%23225!/:?]
	at jdk.internal.reflect.NativeMethodAccessorImpl.invoke0(Native Method) ~[?:?]
	at jdk.internal.reflect.NativeMethodAccessorImpl.invoke(NativeMethodAccessorImpl.java:77) ~[?:?]
	at jdk.internal.reflect.DelegatingMethodAccessorImpl.invoke(DelegatingMethodAccessorImpl.java:43) ~[?:?]
	at java.lang.reflect.Method.invoke(Method.java:569) ~[?:?]
	at net.minecraftforge.fml.loading.targets.CommonLaunchHandler.runTarget(CommonLaunchHandler.java:111) ~[fmlloader-1.20.1-47.3.7.jar%2369!/:?]
	at net.minecraftforge.fml.loading.targets.CommonLaunchHandler.serverService(CommonLaunchHandler.java:103) ~[fmlloader-1.20.1-47.3.7.jar%2369!/:?]
	at net.minecraftforge.fml.loading.targets.CommonServerLaunchHandler.lambda$makeService$0(CommonServerLaunchHandler.java:27) ~[fmlloader-1.20.1-47.3.7.jar%2369!/:?]
	at cpw.mods.modlauncher.LaunchServiceHandlerDecorator.launch(LaunchServiceHandlerDecorator.java:30) ~[modlauncher-10.0.9.jar%2355!/:?]
	at cpw.mods.modlauncher.LaunchServiceHandler.launch(LaunchServiceHandler.java:53) ~[modlauncher-10.0.9.jar%2355!/:?]
	at cpw.mods.modlauncher.LaunchServiceHandler.launch(LaunchServiceHandler.java:71) ~[modlauncher-10.0.9.jar%2355!/:?]
	at cpw.mods.modlauncher.Launcher.run(Launcher.java:108) ~[modlauncher-10.0.9.jar%2355!/:?]
	at cpw.mods.modlauncher.Launcher.main(Launcher.java:78) ~[modlauncher-10.0.9.jar%2355!/:?]
	at cpw.mods.modlauncher.BootstrapLaunchConsumer.accept(BootstrapLaunchConsumer.java:26) ~[modlauncher-10.0.9.jar%2355!/:?]
	at cpw.mods.modlauncher.BootstrapLaunchConsumer.accept(BootstrapLaunchConsumer.java:23) ~[modlauncher-10.0.9.jar%2355!/:?]
	at cpw.mods.bootstraplauncher.BootstrapLauncher.main(BootstrapLauncher.java:141) ~[bootstraplauncher-1.1.2.jar:?]
[10Aug2026 03:02:43.978] [main/DEBUG] [io.netty.util.internal.PlatformDependent0/]: java.nio.Bits.unaligned: available, true
[10Aug2026 03:02:43.980] [main/DEBUG] [io.netty.util.internal.PlatformDependent0/]: jdk.internal.misc.Unsafe.allocateUninitializedArray(int): unavailable
java.lang.IllegalAccessException: class io.netty.util.internal.PlatformDependent0$7 (in module io.netty.common) cannot access class jdk.internal.misc.Unsafe (in module java.base) because module java.base does not export jdk.internal.misc to module io.netty.common
	at jdk.internal.reflect.Reflection.newIllegalAccessException(Reflection.java:392) ~[?:?]
	at java.lang.reflect.AccessibleObject.checkAccess(AccessibleObject.java:674) ~[?:?]
	at java.lang.reflect.Method.invoke(Method.java:561) ~[?:?]
	at io.netty.util.internal.PlatformDependent0$7.run(PlatformDependent0.java:410) ~[netty-common-4.1.82.Final.jar%2382!/:4.1.82.Final]
	at java.security.AccessController.doPrivileged(AccessController.java:318) ~[?:?]
	at io.netty.util.internal.PlatformDependent0.<clinit>(PlatformDependent0.java:401) ~[netty-common-4.1.82.Final.jar%2382!/:4.1.82.Final]
	at io.netty.util.internal.PlatformDependent.isAndroid(PlatformDependent.java:333) ~[netty-common-4.1.82.Final.jar%2382!/:4.1.82.Final]
	at io.netty.util.internal.PlatformDependent.<clinit>(PlatformDependent.java:88) ~[netty-common-4.1.82.Final.jar%2382!/:4.1.82.Final]
	at io.netty.util.ConstantPool.<init>(ConstantPool.java:34) ~[netty-common-4.1.82.Final.jar%2382!/:4.1.82.Final]
	at io.netty.util.AttributeKey$1.<init>(AttributeKey.java:27) ~[netty-common-4.1.82.Final.jar%2382!/:4.1.82.Final]
	at io.netty.util.AttributeKey.<clinit>(AttributeKey.java:27) ~[netty-common-4.1.82.Final.jar%2382!/:4.1.82.Final]
	at net.minecraftforge.network.NetworkConstants.<clinit>(NetworkConstants.java:34) ~[forge-1.20.1-47.3.7-universal.jar%23230!/:?]
	at net.minecraft.server.Bootstrap.handler$zdb000$doClassloadHack(Bootstrap.java:1036) ~[server-1.20.1-20230612.114412-srg.jar%23225!/:?]
	at net.minecraft.server.Bootstrap.m_135870_(Bootstrap.java:64) ~[server-1.20.1-20230612.114412-srg.jar%23225!/:?]
	at net.minecraftforge.registries.ForgeRegistries.init(ForgeRegistries.java:212) ~[forge-1.20.1-47.3.7-universal.jar%23230!/:?]
	at net.minecraftforge.registries.ForgeRegistries.<clinit>(ForgeRegistries.java:65) ~[forge-1.20.1-47.3.7-universal.jar%23230!/:?]
	at com.github.L_Ender.cataclysm.init.ModSounds.<clinit>(ModSounds.java:16) ~[L_Enders_Cataclysm-3.31.jar%23195!/:3.31]
	at com.github.L_Ender.cataclysm.blocks.Property.CustomNoteBlockInstrument.<clinit>(CustomNoteBlockInstrument.java:9) ~[L_Enders_Cataclysm-3.31.jar%23195!/:3.31]
	at net.minecraft.world.level.block.state.properties.NoteBlockInstrument.handler$bcm000$US$addCustomInstruments(NoteBlockInstrument.java:536) ~[server-1.20.1-20230612.114412-srg.jar%23225!/:?]
	at net.minecraft.world.level.block.state.properties.NoteBlockInstrument.<clinit>(NoteBlockInstrument.java:8) ~[server-1.20.1-20230612.114412-srg.jar%23225!/:?]
	at jdk.internal.reflect.NativeMethodAccessorImpl.invoke0(Native Method) ~[?:?]
	at jdk.internal.reflect.NativeMethodAccessorImpl.invoke(NativeMethodAccessorImpl.java:77) ~[?:?]
	at jdk.internal.reflect.DelegatingMethodAccessorImpl.invoke(DelegatingMethodAccessorImpl.java:43) ~[?:?]
	at java.lang.reflect.Method.invoke(Method.java:569) ~[?:?]
	at java.lang.Class.getEnumConstantsShared(Class.java:3840) ~[?:?]
	at java.lang.Class.getEnumConstants(Class.java:3815) ~[?:?]
	at net.minecraft.world.level.block.state.properties.EnumProperty.m_61594_(EnumProperty.java:74) ~[server-1.20.1-20230612.114412-srg.jar%23225!/:?]
	at net.minecraft.world.level.block.state.properties.EnumProperty.m_61587_(EnumProperty.java:70) ~[server-1.20.1-20230612.114412-srg.jar%23225!/:?]
	at net.minecraft.world.level.block.state.properties.BlockStateProperties.<clinit>(BlockStateProperties.java:142) ~[server-1.20.1-20230612.114412-srg.jar%23225!/:?]
	at net.minecraft.world.level.block.FireBlock.<clinit>(FireBlock.java:33) ~[server-1.20.1-20230612.114412-srg.jar%23225!/:?]
	at net.minecraft.server.Bootstrap.m_135870_(Bootstrap.java:46) ~[server-1.20.1-20230612.114412-srg.jar%23225!/:?]
	at net.minecraft.server.Main.main(Main.java:121) ~[server-1.20.1-20230612.114412-srg.jar%23225!/:?]
	at jdk.internal.reflect.NativeMethodAccessorImpl.invoke0(Native Method) ~[?:?]
	at jdk.internal.reflect.NativeMethodAccessorImpl.invoke(NativeMethodAccessorImpl.java:77) ~[?:?]
	at jdk.internal.reflect.DelegatingMethodAccessorImpl.invoke(DelegatingMethodAccessorImpl.java:43) ~[?:?]
	at java.lang.reflect.Method.invoke(Method.java:569) ~[?:?]
	at net.minecraftforge.fml.loading.targets.CommonLaunchHandler.runTarget(CommonLaunchHandler.java:111) ~[fmlloader-1.20.1-47.3.7.jar%2369!/:?]
	at net.minecraftforge.fml.loading.targets.CommonLaunchHandler.serverService(CommonLaunchHandler.java:103) ~[fmlloader-1.20.1-47.3.7.jar%2369!/:?]
	at net.minecraftforge.fml.loading.targets.CommonServerLaunchHandler.lambda$makeService$0(CommonServerLaunchHandler.java:27) ~[fmlloader-1.20.1-47.3.7.jar%2369!/:?]
	at cpw.mods.modlauncher.LaunchServiceHandlerDecorator.launch(LaunchServiceHandlerDecorator.java:30) ~[modlauncher-10.0.9.jar%2355!/:?]
	at cpw.mods.modlauncher.LaunchServiceHandler.launch(LaunchServiceHandler.java:53) ~[modlauncher-10.0.9.jar%2355!/:?]
	at cpw.mods.modlauncher.LaunchServiceHandler.launch(LaunchServiceHandler.java:71) ~[modlauncher-10.0.9.jar%2355!/:?]
	at cpw.mods.modlauncher.Launcher.run(Launcher.java:108) ~[modlauncher-10.0.9.jar%2355!/:?]
	at cpw.mods.modlauncher.Launcher.main(Launcher.java:78) ~[modlauncher-10.0.9.jar%2355!/:?]
	at cpw.mods.modlauncher.BootstrapLaunchConsumer.accept(BootstrapLaunchConsumer.java:26) ~[modlauncher-10.0.9.jar%2355!/:?]
	at cpw.mods.modlauncher.BootstrapLaunchConsumer.accept(BootstrapLaunchConsumer.java:23) ~[modlauncher-10.0.9.jar%2355!/:?]
	at cpw.mods.bootstraplauncher.BootstrapLauncher.main(BootstrapLauncher.java:141) ~[bootstraplauncher-1.1.2.jar:?]
[10Aug2026 03:02:43.981] [main/DEBUG] [io.netty.util.internal.PlatformDependent0/]: java.nio.DirectByteBuffer.<init>(long, int): unavailable
[10Aug2026 03:02:43.982] [main/DEBUG] [io.netty.util.internal.PlatformDependent/]: sun.misc.Unsafe: available
[10Aug2026 03:02:43.982] [main/DEBUG] [io.netty.util.internal.PlatformDependent/]: maxDirectMemory: 12884901888 bytes (maybe)
[10Aug2026 03:02:43.982] [main/DEBUG] [io.netty.util.internal.PlatformDependent/]: -Dio.netty.tmpdir: /tmp (java.io.tmpdir)
[10Aug2026 03:02:43.983] [main/DEBUG] [io.netty.util.internal.PlatformDependent/]: -Dio.netty.bitMode: 64 (sun.arch.data.model)
[10Aug2026 03:02:43.984] [main/DEBUG] [io.netty.util.internal.PlatformDependent/]: -Dio.netty.maxDirectMemory: -1 bytes
[10Aug2026 03:02:43.984] [main/DEBUG] [io.netty.util.internal.PlatformDependent/]: -Dio.netty.uninitializedArrayAllocationThreshold: -1
[10Aug2026 03:02:43.986] [main/DEBUG] [io.netty.util.internal.CleanerJava9/]: java.nio.ByteBuffer.cleaner(): available
[10Aug2026 03:02:43.986] [main/DEBUG] [io.netty.util.internal.PlatformDependent/]: -Dio.netty.noPreferDirect: false
[10Aug2026 03:02:44.045] [main/DEBUG] [mixin/]: Mixing FriendlyByteBufMixin from supplementaries.mixins.json into net.minecraft.network.FriendlyByteBuf
[10Aug2026 03:02:44.065] [main/DEBUG] [mixin/]: Mixing perf.fix_handshake_stall.HandshakeHandlerMixin from modernfix-modernfix.mixins.json into net.minecraftforge.network.HandshakeHandler
[10Aug2026 03:02:44.128] [main/DEBUG] [mixin/]: Mixing perf.forge_registry_lambda.RegistryObjectMixin from modernfix-modernfix.mixins.json into net.minecraftforge.registries.RegistryObject
[10Aug2026 03:02:44.172] [main/DEBUG] [mixin/]: Mixing perf.reduce_blockstate_cache_rebuilds.BlocksMixin from modernfix-modernfix.mixins.json into net.minecraft.world.level.block.Blocks
[10Aug2026 03:02:44.172] [main/DEBUG] [mixin/]: Renaming synthetic method lambda$getEmptyConsumer$0(Ljava/lang/Object;)V to mdff13ee$lambda$getEmptyConsumer$0$0 in modernfix-modernfix.mixins.json:perf.reduce_blockstate_cache_rebuilds.BlocksMixin
[10Aug2026 03:02:44.205] [main/DEBUG] [net.minecraftforge.coremod.transformer.CoreModBaseTransformer/COREMOD]: Transforming net/minecraft/world/level/block/LiquidBlock
[10Aug2026 03:02:44.206] [main/DEBUG] [mixin/]: Mixing inject.MixinLiquidBlock from architectury-common.mixins.json into net.minecraft.world.level.block.LiquidBlock
[10Aug2026 03:02:44.219] [main/DEBUG] [mixin/]: Mixing accessor.DispenserBlockAccessor from moonlight-common.mixins.json into net.minecraft.world.level.block.DispenserBlock
[10Aug2026 03:02:44.220] [main/DEBUG] [mixin/]: Renaming @Accessor method getDispenserRegistry()Ljava/util/Map; to getDispenserRegistry_$md$ff13ee$0 in moonlight-common.mixins.json:accessor.DispenserBlockAccessor
[10Aug2026 03:02:44.222] [main/DEBUG] [mixin/]: Mixing NoteBlockMixin from blueprint.mixins.json into net.minecraft.world.level.block.NoteBlock
[10Aug2026 03:02:44.224] [main/DEBUG] [mixin/]: Mixing NoteBlockMixin from cataclysm.mixins.json into net.minecraft.world.level.block.NoteBlock
[10Aug2026 03:02:44.247] [main/DEBUG] [net.minecraftforge.coremod.transformer.CoreModBaseTransformer/COREMOD]: Transforming net/minecraft/world/level/block/StairBlock
[10Aug2026 03:02:44.254] [main/DEBUG] [mixin/]: Mixing ChestBlockMixin from tombstone.mixins.json into net.minecraft.world.level.block.ChestBlock
[10Aug2026 03:02:44.263] [main/DEBUG] [mixin/]: Mixing CropBlockMixin from balm.mixins.json into net.minecraft.world.level.block.CropBlock
[10Aug2026 03:02:44.306] [main/DEBUG] [mixin/]: Mixing IronBarsBlockMixin from supplementaries-common.mixins.json into net.minecraft.world.level.block.IronBarsBlock
[10Aug2026 03:02:44.319] [main/DEBUG] [mixin/]: Mixing StemBlockMixin from balm.mixins.json into net.minecraft.world.level.block.StemBlock
[10Aug2026 03:02:44.338] [main/DEBUG] [mixin/]: Mixing ntgl.common.EndPortalBlockMixin from ntgl.mixin.json into net.minecraft.world.level.block.EndPortalBlock
[10Aug2026 03:02:44.338] [main/DEBUG] [mixin/]: ntgl.mixin.json:ntgl.common.EndPortalBlockMixin: Class version 61 required is higher than the class version supported by the current version of Mixin (JAVA_8 supports class version 52)
[10Aug2026 03:02:44.352] [main/DEBUG] [mixin/]: Mixing perf.deduplicate_wall_shapes.WallBlockMixin from modernfix-modernfix.mixins.json into net.minecraft.world.level.block.WallBlock
[10Aug2026 03:02:44.370] [main/DEBUG] [net.minecraftforge.coremod.transformer.CoreModBaseTransformer/COREMOD]: Transforming net/minecraft/world/level/block/FlowerPotBlock
[10Aug2026 03:02:44.394] [main/DEBUG] [mixin/]: Mixing AnvilBlockMixin from placebo.mixins.json into net.minecraft.world.level.block.AnvilBlock
[10Aug2026 03:02:44.412] [main/DEBUG] [mixin/]: Mixing ComparatorBlockMixin from supplementaries-common.mixins.json into net.minecraft.world.level.block.ComparatorBlock
[10Aug2026 03:02:44.441] [main/DEBUG] [mixin/]: Mixing chorus.ChorusPlantBlockMixin from endergetic.mixins.json into net.minecraft.world.level.block.ChorusPlantBlock
[10Aug2026 03:02:44.448] [main/DEBUG] [mixin/]: Mixing chorus.ChorusFlowerBlockMixin from endergetic.mixins.json into net.minecraft.world.level.block.ChorusFlowerBlock
[10Aug2026 03:02:44.477] [main/DEBUG] [mixin/]: Mixing swimming.BubbleColumnBlockMixin from expandability-common.mixins.json into net.minecraft.world.level.block.BubbleColumnBlock
[10Aug2026 03:02:44.493] [main/DEBUG] [mixin/]: Mixing CampfireBlockMixin from supplementaries-common.mixins.json into net.minecraft.world.level.block.CampfireBlock
[10Aug2026 03:02:44.518] [main/DEBUG] [mixin/]: Mixing MixinPowderSnowBlock from curios.mixins.json into net.minecraft.world.level.block.PowderSnowBlock
[10Aug2026 03:02:44.562] [main/DEBUG] [mixin/]: Mixing BlockPropertiesAccessor from supermartijn642corelib.mixins.json into net.minecraft.world.level.block.state.BlockBehaviour$Properties
[10Aug2026 03:02:44.586] [main/DEBUG] [mixin/]: Mixing perf.state_definition_construct.StateDefinitionMixin from modernfix-modernfix.mixins.json into net.minecraft.world.level.block.state.StateDefinition
[10Aug2026 03:02:44.648] [main/DEBUG] [mixin/]: Mixing FlowingFluidMixin from alexscaves.mixins.json into net.minecraft.world.level.material.FlowingFluid
[10Aug2026 03:02:44.780] [main/DEBUG] [mixin/]: Mixing BlockEntityMixin from refurbished_furniture.common.mixins.json into net.minecraft.world.level.block.entity.BlockEntity
[10Aug2026 03:02:44.791] [main/DEBUG] [mixin/]: Mixing BrushableBlockEntityMixin from tombstone.mixins.json into net.minecraft.world.level.block.entity.BrushableBlockEntity
[10Aug2026 03:02:44.828] [main/DEBUG] [mixin/]: Mixing FallingBlockEntityMixin from blueprint.mixins.json into net.minecraft.world.entity.item.FallingBlockEntity
[10Aug2026 03:02:44.829] [main/DEBUG] [mixin/]: Mixing FallingBlockEntityMixin from supplementaries-common.mixins.json into net.minecraft.world.entity.item.FallingBlockEntity
[10Aug2026 03:02:44.830] [main/DEBUG] [mixin/]: Mixing FallingBlockEntityMixin from alexscaves.mixins.json into net.minecraft.world.entity.item.FallingBlockEntity
[10Aug2026 03:02:44.833] [main/DEBUG] [mixin/]: Mixing MixinFallingBlockEntity from architectury.mixins.json into net.minecraft.world.entity.item.FallingBlockEntity
[10Aug2026 03:02:44.876] [main/DEBUG] [mixin/]: Mixing accessor.DispenserBlockEntityAccessor from moonlight-common.mixins.json into net.minecraft.world.level.block.entity.DispenserBlockEntity
[10Aug2026 03:02:44.950] [main/DEBUG] [mixin/]: Mixing PistonBlockEntityMixin from moonlight-common.mixins.json into net.minecraft.world.level.block.piston.PistonMovingBlockEntity
[10Aug2026 03:02:45.089] [main/DEBUG] [mixin/]: Mixing AbstractContainerMenuInvoker from placebo.mixins.json into net.minecraft.world.inventory.AbstractContainerMenu
[10Aug2026 03:02:45.089] [main/DEBUG] [mixin/]: Mixing accessor.AbstractContainerMenuAccessor from puzzleslib.common.mixins.json into net.minecraft.world.inventory.AbstractContainerMenu
[10Aug2026 03:02:45.103] [main/DEBUG] [mixin/]: Mixing AccessorCraftingMenu from polymorph.mixins.json into net.minecraft.world.inventory.CraftingMenu
[10Aug2026 03:02:45.103] [main/DEBUG] [mixin/]: Mixing MixinCraftingMenu from polymorph.mixins.json into net.minecraft.world.inventory.CraftingMenu
[10Aug2026 03:02:45.112] [main/DEBUG] [mixin/]: Mixing AccessorAbstractFurnaceBlockEntity from polymorph.mixins.json into net.minecraft.world.level.block.entity.AbstractFurnaceBlockEntity
[10Aug2026 03:02:45.112] [main/DEBUG] [mixin/]: Mixing MixinAbstractFurnaceBlockEntity from fastfurnace.mixins.json into net.minecraft.world.level.block.entity.AbstractFurnaceBlockEntity
[10Aug2026 03:02:45.114] [main/DEBUG] [net.minecraftforge.coremod.transformer.CoreModBaseTransformer/COREMOD]: Transforming getEnchantmentLevel with desc (Lnet/minecraft/world/item/enchantment/Enchantment;)I
[10Aug2026 03:02:45.115] [main/INFO] [net.minecraftforge.coremod.CoreMod.placebo/COREMODLOG]: Patching IForgeItemStack#getEnchantmentLevel
[10Aug2026 03:02:45.116] [main/DEBUG] [net.minecraftforge.coremod.transformer.CoreModBaseTransformer/COREMOD]: Transforming getAllEnchantments with desc ()Ljava/util/Map;
[10Aug2026 03:02:45.116] [main/INFO] [net.minecraftforge.coremod.CoreMod.placebo/COREMODLOG]: Patching IForgeItemStack#getEnchantmentLevel
[10Aug2026 03:02:45.163] [main/DEBUG] [mixin/]: Mixing AbstractArrowMixin from supplementaries-common.mixins.json into net.minecraft.world.entity.projectile.AbstractArrow
[10Aug2026 03:02:45.166] [main/DEBUG] [mixin/]: Mixing AbstractArrowMixin from alexscaves.mixins.json into net.minecraft.world.entity.projectile.AbstractArrow
[10Aug2026 03:02:45.200] [main/DEBUG] [mixin/]: Mixing chassis.common.MobMixin from ntgl.mixin.json into net.minecraft.world.entity.Mob
[10Aug2026 03:02:45.200] [main/DEBUG] [mixin/]: ntgl.mixin.json:chassis.common.MobMixin: Class version 61 required is higher than the class version supported by the current version of Mixin (JAVA_8 supports class version 52)
[10Aug2026 03:02:45.201] [main/DEBUG] [mixin/]: Mixing accessors.MobAccessor from mixins.artifacts.common.json into net.minecraft.world.entity.Mob
[10Aug2026 03:02:45.201] [main/DEBUG] [mixin/]: Mixing MobAccessor from sophisticatedbackpacks.mixins.json into net.minecraft.world.entity.Mob
[10Aug2026 03:02:45.202] [main/DEBUG] [mixin/]: Mixing MobMixin from endergetic.mixins.json into net.minecraft.world.entity.Mob
[10Aug2026 03:02:45.203] [main/DEBUG] [mixin/]: Mixing MobMixin from alexscaves.mixins.json into net.minecraft.world.entity.Mob
[10Aug2026 03:02:45.204] [main/DEBUG] [mixin/]: Mixing EntityMixin from moonlight-common.mixins.json into net.minecraft.world.entity.Mob
[10Aug2026 03:02:45.204] [main/DEBUG] [mixin/]: Mixing MobMixin from tombstone.mixins.json into net.minecraft.world.entity.Mob
[10Aug2026 03:02:45.206] [main/DEBUG] [mixin/]: Renaming synthetic method lambda$methodSetTarget$2(Lnet/minecraft/world/entity/LivingEntity;Ljava/util/UUID;)Ljava/lang/Boolean; to mdff13ee$lambda$methodSetTarget$2$0 in tombstone.mixins.json:MobMixin
[10Aug2026 03:02:45.206] [main/DEBUG] [mixin/]: Renaming synthetic method lambda$methodCanBeLeashed$1(Lnet/minecraft/world/entity/player/Player;Ljava/util/UUID;)Ljava/lang/Boolean; to mdff13ee$lambda$methodCanBeLeashed$1$1 in tombstone.mixins.json:MobMixin
[10Aug2026 03:02:45.206] [main/DEBUG] [mixin/]: Renaming synthetic method lambda$methodTick$0(Lnet/minecraft/world/entity/Mob;Lovh/corail/tombstone/api/capability/ISpellCaster;)V to mdff13ee$lambda$methodTick$0$2 in tombstone.mixins.json:MobMixin
[10Aug2026 03:02:45.242] [main/DEBUG] [mixin/]: Mixing MonsterMixin from alexscaves.mixins.json into net.minecraft.world.entity.monster.Monster
[10Aug2026 03:02:45.248] [main/DEBUG] [mixin/]: Mixing MonsterMixin from tombstone.mixins.json into net.minecraft.world.entity.monster.Monster
[10Aug2026 03:02:45.310] [main/DEBUG] [mixin/]: Mixing PlayerEnchantMixin from endrem.mixins.json into net.minecraft.world.inventory.EnchantmentMenu
[10Aug2026 03:02:45.327] [main/DEBUG] [net.minecraftforge.coremod.transformer.CoreModBaseTransformer/COREMOD]: Transforming net/minecraft/world/item/ItemStack
[10Aug2026 03:02:45.329] [main/DEBUG] [mixin/]: Mixing ItemStackMixin from placebo.mixins.json into net.minecraft.world.item.ItemStack
[10Aug2026 03:02:45.329] [main/DEBUG] [mixin/]: Renaming synthetic method lambda$getOrCreate$0(Ljava/util/function/Function;Ljava/util/function/ToIntFunction;Lnet/minecraft/resources/ResourceLocation;)Ldev/shadowsoffire/placebo/util/CachedObject; to mdff13ee$lambda$getOrCreate$0$0 in placebo.mixins.json:ItemStackMixin
[10Aug2026 03:02:45.331] [main/DEBUG] [mixin/]: Mixing ItemStackMixin from tombstone.mixins.json into net.minecraft.world.item.ItemStack
[10Aug2026 03:02:45.343] [main/DEBUG] [net.minecraftforge.coremod.transformer.CoreModBaseTransformer/COREMOD]: Transforming getEnchantmentLevel with desc (Lnet/minecraft/world/item/enchantment/Enchantment;)I
[10Aug2026 03:02:45.343] [main/INFO] [net.minecraftforge.coremod.CoreMod.placebo/COREMODLOG]: Patching IForgeItemStack#getEnchantmentLevel
[10Aug2026 03:02:45.344] [main/DEBUG] [net.minecraftforge.coremod.transformer.CoreModBaseTransformer/COREMOD]: Transforming getAllEnchantments with desc ()Ljava/util/Map;
[10Aug2026 03:02:45.344] [main/INFO] [net.minecraftforge.coremod.CoreMod.placebo/COREMODLOG]: Patching IForgeItemStack#getEnchantmentLevel
[10Aug2026 03:02:45.527] [main/DEBUG] [mixin/]: Mixing TheEndGatewayBlockEntityMixin from endergetic.mixins.json into net.minecraft.world.level.block.entity.TheEndGatewayBlockEntity
[10Aug2026 03:02:45.535] [main/DEBUG] [mixin/]: Mixing ShulkerBoxBlockEntityMixin from supplementaries-common.mixins.json into net.minecraft.world.level.block.entity.ShulkerBoxBlockEntity
[10Aug2026 03:02:45.611] [main/DEBUG] [mixin/]: Mixing LoomMenuMixin from supplementaries-common.mixins.json into net.minecraft.world.inventory.LoomMenu
[10Aug2026 03:02:45.623] [main/DEBUG] [mixin/]: Mixing CartographyTableMixin from supplementaries-common.mixins.json into net.minecraft.world.inventory.CartographyTableMenu
[10Aug2026 03:02:45.629] [main/DEBUG] [mixin/]: Mixing GrindstoneMenuMixin from supplementaries-common.mixins.json into net.minecraft.world.inventory.GrindstoneMenu
[10Aug2026 03:02:45.631] [main/DEBUG] [mixin/]: Mixing GrindstoneMenuMixin from moonlight-common.mixins.json into net.minecraft.world.inventory.GrindstoneMenu
[10Aug2026 03:02:45.641] [main/DEBUG] [mixin/]: Mixing SmithingMenuMixin from citadel.mixins.json into net.minecraft.world.inventory.SmithingMenu
[10Aug2026 03:02:45.643] [main/DEBUG] [mixin/]: Mixing MixinSmithingMenu from polymorph.mixins.json into net.minecraft.world.inventory.SmithingMenu
[10Aug2026 03:02:45.759] [main/DEBUG] [mixin/]: Mixing LightningEntityMixin from moonlight-common.mixins.json into net.minecraft.world.entity.LightningBolt
[10Aug2026 03:02:45.760] [main/DEBUG] [mixin/]: Mixing MixinLightningBolt from architectury-common.mixins.json into net.minecraft.world.entity.LightningBolt
[10Aug2026 03:02:45.802] [main/DEBUG] [net.minecraftforge.coremod.transformer.CoreModBaseTransformer/COREMOD]: Transforming net/minecraft/world/entity/animal/frog/Tadpole
[10Aug2026 03:02:45.829] [main/DEBUG] [mixin/]: Mixing BlockItemMixin from moonlight-common.mixins.json into net.minecraft.world.item.BlockItem
[10Aug2026 03:02:45.830] [main/DEBUG] [mixin/]: Mixing accessor.BlockItemAccessor from puzzleslib.common.mixins.json into net.minecraft.world.item.BlockItem
[10Aug2026 03:02:45.846] [main/DEBUG] [mixin/]: Mixing BowMixin from supplementaries-common.mixins.json into net.minecraft.world.item.BowItem
[10Aug2026 03:02:45.846] [main/DEBUG] [mixin/]: Renaming synthetic method lambda$getAllSupportedProjectiles$0(Ljava/util/function/Predicate;Lnet/minecraft/world/item/ItemStack;)Z to mdff13ee$lambda$getAllSupportedProjectiles$0$0 in supplementaries-common.mixins.json:BowMixin
[10Aug2026 03:02:45.849] [main/DEBUG] [mixin/]: Mixing ProjectileWeaponItemMixin from supplementaries-common.mixins.json into net.minecraft.world.item.ProjectileWeaponItem
[10Aug2026 03:02:45.853] [main/DEBUG] [mixin/]: Mixing SwordItemMixin from endergetic.mixins.json into net.minecraft.world.item.SwordItem
[10Aug2026 03:02:45.862] [main/DEBUG] [mixin/]: Mixing PaintingItemMixin from supplementaries-common.mixins.json into net.minecraft.world.item.HangingEntityItem
[10Aug2026 03:02:45.874] [main/DEBUG] [net.minecraftforge.coremod.transformer.CoreModBaseTransformer/COREMOD]: Transforming net/minecraft/world/item/BucketItem
[10Aug2026 03:02:45.875] [main/DEBUG] [mixin/]: Mixing inject.MixinBucketItem from architectury-common.mixins.json into net.minecraft.world.item.BucketItem
[10Aug2026 03:02:45.880] [main/DEBUG] [mixin/]: Mixing MobBucketItemAccessor from supplementaries.mixins.json into net.minecraft.world.item.MobBucketItem
[10Aug2026 03:02:45.884] [main/DEBUG] [mixin/]: Mixing BundleItemMixin from tombstone.mixins.json into net.minecraft.world.item.BundleItem
[10Aug2026 03:02:45.884] [main/DEBUG] [mixin/]: Renaming synthetic method lambda$getEnchantmentLevel$0(Lnet/minecraft/world/item/ItemStack;Lovh/corail/tombstone/api/capability/ISoulConsumer;)Ljava/lang/Boolean; to mdff13ee$lambda$getEnchantmentLevel$0$0 in tombstone.mixins.json:BundleItemMixin
[10Aug2026 03:02:45.888] [main/DEBUG] [mixin/]: Mixing item.wearable.anglershat.FishingRodItemMixin from mixins.artifacts.common.json into net.minecraft.world.item.FishingRodItem
[10Aug2026 03:02:45.891] [main/DEBUG] [mixin/]: Mixing InkSackMixin from supplementaries-common.mixins.json into net.minecraft.world.item.InkSacItem
[10Aug2026 03:02:45.898] [main/DEBUG] [mixin/]: Mixing MapItemMixin from supplementaries-common.mixins.json into net.minecraft.world.item.MapItem
[10Aug2026 03:02:45.901] [main/DEBUG] [mixin/]: Renaming synthetic method lambda$updateCustomColor$3(Lorg/joml/Vector2i;)D to mdff13ee$lambda$updateCustomColor$3$0 in supplementaries-common.mixins.json:MapItemMixin
[10Aug2026 03:02:45.901] [main/DEBUG] [mixin/]: Renaming synthetic method lambda$updateCustomColor$2(Lorg/joml/Vector2i;)D to mdff13ee$lambda$updateCustomColor$2$1 in supplementaries-common.mixins.json:MapItemMixin
[10Aug2026 03:02:45.901] [main/DEBUG] [mixin/]: Renaming synthetic method lambda$removeXrayAndAddAccurateColor$1(Lnet/minecraft/core/BlockPos;Lorg/joml/Vector2i;)Lcom/mojang/datafixers/util/Pair; to mdff13ee$lambda$removeXrayAndAddAccurateColor$1$2 in supplementaries-common.mixins.json:MapItemMixin
[10Aug2026 03:02:45.901] [main/DEBUG] [mixin/]: Renaming synthetic method lambda$removeXrayAndAddAccurateColor$0(Lorg/joml/Vector2i;)Ljava/util/List; to mdff13ee$lambda$removeXrayAndAddAccurateColor$0$3 in supplementaries-common.mixins.json:MapItemMixin
[10Aug2026 03:02:45.913] [main/DEBUG] [mixin/]: Mixing MapItemMixin from moonlight-common.mixins.json into net.minecraft.world.item.MapItem
[10Aug2026 03:02:45.914] [main/DEBUG] [mixin/]: Renaming synthetic method lambda$update$1(Lnet/minecraft/world/level/saveddata/maps/MapItemSavedData;Lnet/minecraft/world/entity/Entity;Ljava/util/concurrent/atomic/AtomicBoolean;Lnet/minecraft/resources/ResourceLocation;Lnet/mehvahdjukaar/moonlight/api/map/CustomMapData;)V to mdff13ee$lambda$update$1$4 in moonlight-common.mixins.json:MapItemMixin
[10Aug2026 03:02:45.914] [main/DEBUG] [mixin/]: Renaming synthetic method lambda$appendHoverText$0(Lnet/minecraft/world/level/saveddata/maps/MapItemSavedData;Lnet/minecraft/world/item/ItemStack;Ljava/util/List;Lnet/minecraft/resources/ResourceLocation;Lnet/mehvahdjukaar/moonlight/api/map/CustomMapData;)V to mdff13ee$lambda$appendHoverText$0$5 in moonlight-common.mixins.json:MapItemMixin
[10Aug2026 03:02:45.942] [main/DEBUG] [mixin/]: Mixing ShearItemMixin from moonlight-common.mixins.json into net.minecraft.world.item.ShearsItem
[10Aug2026 03:02:45.943] [main/DEBUG] [mixin/]: Mixing MixinShearsItem from curios.mixins.json into net.minecraft.world.item.ShearsItem
[10Aug2026 03:02:45.948] [main/DEBUG] [mixin/]: Mixing PotionItemMixin from tombstone.mixins.json into net.minecraft.world.item.PotionItem
[10Aug2026 03:02:45.948] [main/DEBUG] [mixin/]: Renaming synthetic method lambda$methodFinishUsingItemReturn$1(Lnet/minecraft/world/entity/LivingEntity;Lovh/corail/tombstone/capability/ITBCapability;)V to mdff13ee$lambda$methodFinishUsingItemReturn$1$0 in tombstone.mixins.json:PotionItemMixin
[10Aug2026 03:02:45.948] [main/DEBUG] [mixin/]: Renaming synthetic method lambda$effectList$0(Lnet/minecraft/world/effect/MobEffectInstance;)Ljava/lang/Integer; to mdff13ee$lambda$effectList$0$1 in tombstone.mixins.json:PotionItemMixin
[10Aug2026 03:02:45.957] [main/DEBUG] [mixin/]: Mixing EnderEyeItemMixin from endrem.mixins.json into net.minecraft.world.item.EnderEyeItem
[10Aug2026 03:02:45.970] [main/DEBUG] [mixin/]: Mixing EndCrystalItemMixin from endergetic.mixins.json into net.minecraft.world.item.EndCrystalItem
[10Aug2026 03:02:45.982] [main/DEBUG] [mixin/]: Mixing CrossbowItemRopeMixin from supplementaries-common.mixins.json into net.minecraft.world.item.CrossbowItem
[10Aug2026 03:02:45.988] [main/DEBUG] [mixin/]: Mixing BannerPatternItemMixin from supplementaries-common.mixins.json into net.minecraft.world.item.BannerPatternItem
[10Aug2026 03:02:45.992] [main/DEBUG] [mixin/]: Mixing suspiciousmines.BrushItemMixin from securitycraft.mixins.json into net.minecraft.world.item.BrushItem
[10Aug2026 03:02:45.992] [main/DEBUG] [mixin/]: Renaming synthetic method lambda$securitycraft$checkForSuspiciousMine$1(Lnet/minecraft/world/entity/player/Player;)V to mdff13ee$lambda$securitycraft$checkForSuspiciousMine$1$0 in securitycraft.mixins.json:suspiciousmines.BrushItemMixin
[10Aug2026 03:02:45.992] [main/DEBUG] [mixin/]: Renaming synthetic method lambda$securitycraft$makeSuspiciousMinesBrushablePartTwo$0(Lnet/minecraft/world/entity/Entity;)Z to mdff13ee$lambda$securitycraft$makeSuspiciousMinesBrushablePartTwo$0$1 in securitycraft.mixins.json:suspiciousmines.BrushItemMixin
[10Aug2026 03:02:46.007] [main/DEBUG] [mixin/]: Mixing inject.MixinItemProperties from architectury-common.mixins.json into net.minecraft.world.item.Item$Properties
[10Aug2026 03:02:46.032] [main/DEBUG] [mixin/]: Mixing AbstractMinecartMixin from alexscaves.mixins.json into net.minecraft.world.entity.vehicle.AbstractMinecart
[10Aug2026 03:02:46.091] [main/DEBUG] [mixin/]: Mixing MixinAllay from sophisticatedcore.mixins.json into net.minecraft.world.entity.animal.allay.Allay
[10Aug2026 03:02:46.115] [main/DEBUG] [mixin/]: Mixing MixinServerPlayer from xaerolib.mixins.json into net.minecraft.server.level.ServerPlayer
[10Aug2026 03:02:46.116] [main/DEBUG] [mixin/]: Mixing MixinServerPlayer from xaeroworldmap.mixins.json into net.minecraft.server.level.ServerPlayer
[10Aug2026 03:02:46.117] [main/DEBUG] [mixin/]: Mixing ServerPlayerMixin from endergetic.mixins.json into net.minecraft.server.level.ServerPlayer
[10Aug2026 03:02:46.118] [main/DEBUG] [mixin/]: Mixing ServerPlayerMixin from moonlight-common.mixins.json into net.minecraft.server.level.ServerPlayer
[10Aug2026 03:02:46.118] [main/DEBUG] [mixin/]: Mixing MixinServerPlayer from xaerohud.mixins.json into net.minecraft.server.level.ServerPlayer
[10Aug2026 03:02:46.119] [main/DEBUG] [mixin/]: Mixing ServerPlayerMixin from tombstone.mixins.json into net.minecraft.server.level.ServerPlayer
[10Aug2026 03:02:46.119] [main/DEBUG] [mixin/]: Renaming synthetic method lambda$static$0()Ljava/lang/Boolean; to mdff13ee$lambda$static$0$0 in tombstone.mixins.json:ServerPlayerMixin
[10Aug2026 03:02:46.120] [main/DEBUG] [mixin/]: Mixing camera.ServerPlayerMixin from securitycraft.mixins.json into net.minecraft.server.level.ServerPlayer
[10Aug2026 03:02:46.153] [main/DEBUG] [mixin/]: Mixing perf.dynamic_dfu.EntityTypeBuilderMixin from modernfix-modernfix.mixins.json into net.minecraft.world.entity.EntityType$Builder
[10Aug2026 03:02:46.174] [main/DEBUG] [mixin/]: Mixing ExperienceOrbAccess from clumps.mixins.json into net.minecraft.world.entity.ExperienceOrb
[10Aug2026 03:02:46.175] [main/DEBUG] [mixin/]: Mixing MixinExperienceOrb from clumps.mixins.json into net.minecraft.world.entity.ExperienceOrb
[10Aug2026 03:02:46.176] [main/DEBUG] [mixin/]: Renaming synthetic method lambda$clumps$resolve$7(Ljava/util/Map$Entry;)Ljava/lang/Integer; to mdff13ee$lambda$clumps$resolve$7$0 in clumps.mixins.json:MixinExperienceOrb
[10Aug2026 03:02:46.176] [main/DEBUG] [mixin/]: Renaming synthetic method lambda$addAdditionalSaveData$6(Lnet/minecraft/nbt/CompoundTag;Ljava/lang/Integer;Ljava/lang/Integer;)V to mdff13ee$lambda$addAdditionalSaveData$6$1 in clumps.mixins.json:MixinExperienceOrb
[10Aug2026 03:02:46.176] [main/DEBUG] [mixin/]: Renaming synthetic method lambda$tryMergeToExisting$5(Ljava/util/Map;)Ljava/util/stream/Stream; to mdff13ee$lambda$tryMergeToExisting$5$2 in clumps.mixins.json:MixinExperienceOrb
[10Aug2026 03:02:46.176] [main/DEBUG] [mixin/]: Renaming synthetic method lambda$tryMergeToExisting$4(IILnet/minecraft/world/entity/ExperienceOrb;)Z to mdff13ee$lambda$tryMergeToExisting$4$3 in clumps.mixins.json:MixinExperienceOrb
[10Aug2026 03:02:46.178] [main/DEBUG] [mixin/]: Renaming synthetic method lambda$merge$3(Ljava/util/Map;)Ljava/util/stream/Stream; to mdff13ee$lambda$merge$3$4 in clumps.mixins.json:MixinExperienceOrb
[10Aug2026 03:02:46.179] [main/DEBUG] [mixin/]: Renaming synthetic method lambda$clumps$repairPlayerItems$2(ILnet/minecraft/world/entity/player/Player;Lnet/minecraft/world/item/ItemStack;)Ljava/lang/Integer; to mdff13ee$lambda$clumps$repairPlayerItems$2$5 in clumps.mixins.json:MixinExperienceOrb
[10Aug2026 03:02:46.180] [main/DEBUG] [mixin/]: Renaming synthetic method lambda$clumps$repairPlayerItems$1(Lnet/minecraft/world/item/ItemStack;Ljava/lang/Integer;)Ljava/lang/Float; to mdff13ee$lambda$clumps$repairPlayerItems$1$6 in clumps.mixins.json:MixinExperienceOrb
[10Aug2026 03:02:46.181] [main/DEBUG] [mixin/]: Renaming synthetic method lambda$playerTouch$0(Lnet/minecraft/world/entity/player/Player;Ljava/util/concurrent/atomic/AtomicInteger;Ljava/lang/Integer;Ljava/lang/Integer;)V to mdff13ee$lambda$playerTouch$0$7 in clumps.mixins.json:MixinExperienceOrb
[10Aug2026 03:02:46.209] [main/DEBUG] [mixin/]: Mixing perf.ticking_chunk_alloc.BatMixin from modernfix-modernfix.mixins.json into net.minecraft.world.entity.ambient.Bat
[10Aug2026 03:02:46.227] [main/DEBUG] [mixin/]: Mixing BeeGoalMixin from moonlight-common.mixins.json into net.minecraft.world.entity.animal.Bee$BeeGrowCropGoal
[10Aug2026 03:02:46.237] [main/DEBUG] [mixin/]: Mixing HurtByTargetGoalMixin from tombstone.mixins.json into net.minecraft.world.entity.ai.goal.target.HurtByTargetGoal
[10Aug2026 03:02:46.239] [main/DEBUG] [mixin/]: Mixing accessor.TargetGoalAccessor from tombstone.mixins.json into net.minecraft.world.entity.ai.goal.target.TargetGoal
[10Aug2026 03:02:46.254] [main/DEBUG] [mixin/]: Mixing BoatMixin from endergetic.mixins.json into net.minecraft.world.entity.vehicle.Boat
[10Aug2026 03:02:46.273] [main/DEBUG] [mixin/]: Mixing AbstractHorseMixin from supplementaries-common.mixins.json into net.minecraft.world.entity.animal.horse.AbstractHorse
[10Aug2026 03:02:46.301] [main/DEBUG] [mixin/]: Mixing CatSitOnBlockGoalMixin from supplementaries-common.mixins.json into net.minecraft.world.entity.ai.goal.CatSitOnBlockGoal
[10Aug2026 03:02:46.308] [main/DEBUG] [net.minecraftforge.coremod.transformer.CoreModBaseTransformer/COREMOD]: Transforming net/minecraft/world/entity/monster/Spider
[10Aug2026 03:02:46.321] [main/DEBUG] [mixin/]: Mixing SkeletonMixin from supplementaries-common.mixins.json into net.minecraft.world.entity.monster.Skeleton
[10Aug2026 03:02:46.328] [main/DEBUG] [mixin/]: Mixing AbstractSkeletonMixin from supplementaries-common.mixins.json into net.minecraft.world.entity.monster.AbstractSkeleton
[10Aug2026 03:02:46.348] [main/DEBUG] [mixin/]: Mixing ChickenMixin from blueprint.mixins.json into net.minecraft.world.entity.animal.Chicken
[10Aug2026 03:02:46.377] [main/DEBUG] [net.minecraftforge.coremod.transformer.CoreModBaseTransformer/COREMOD]: Transforming net/minecraft/world/entity/monster/Zombie
[10Aug2026 03:02:46.410] [main/DEBUG] [net.minecraftforge.coremod.transformer.CoreModBaseTransformer/COREMOD]: Transforming net/minecraft/world/entity/monster/ZombieVillager
[10Aug2026 03:02:46.456] [main/DEBUG] [mixin/]: Mixing ThrowableProjectileMixin from tombstone.mixins.json into net.minecraft.world.entity.projectile.ThrowableProjectile
[10Aug2026 03:02:46.475] [main/DEBUG] [mixin/]: Mixing EndermanMixin from supplementaries-common.mixins.json into net.minecraft.world.entity.monster.EnderMan
[10Aug2026 03:02:46.488] [main/DEBUG] [mixin/]: Mixing EvokerMixin from supplementaries-common.mixins.json into net.minecraft.world.entity.monster.Evoker
[10Aug2026 03:02:46.504] [main/DEBUG] [net.minecraftforge.coremod.transformer.CoreModBaseTransformer/COREMOD]: Transforming net/minecraft/world/entity/monster/Evoker$EvokerSummonSpellGoal
[10Aug2026 03:02:46.522] [main/DEBUG] [mixin/]: Mixing FixBlockPlaceContextMixin from moonlight-common.mixins.json into net.minecraft.world.item.context.BlockPlaceContext
[10Aug2026 03:02:46.553] [main/DEBUG] [mixin/]: Mixing FrogMixin from alexscaves.mixins.json into net.minecraft.world.entity.animal.frog.Frog
[10Aug2026 03:02:46.662] [main/DEBUG] [mixin/]: Mixing ThrownPotionMixin from moonlight-common.mixins.json into net.minecraft.world.entity.projectile.ThrownPotion
[10Aug2026 03:02:46.671] [main/DEBUG] [mixin/]: Mixing RabbitMixin from blueprint.mixins.json into net.minecraft.world.entity.animal.Rabbit
[10Aug2026 03:02:46.701] [main/DEBUG] [mixin/]: Mixing SkellyHorseMixin from supplementaries-common.mixins.json into net.minecraft.world.entity.animal.horse.SkeletonHorse
[10Aug2026 03:02:46.702] [main/DEBUG] [mixin/]: Renaming synthetic method lambda$tick$0(Ljava/lang/Integer;)V to mdff13ee$lambda$tick$0$0 in supplementaries-common.mixins.json:SkellyHorseMixin
[10Aug2026 03:02:46.714] [main/DEBUG] [net.minecraftforge.coremod.transformer.CoreModBaseTransformer/COREMOD]: Transforming net/minecraft/world/entity/animal/horse/SkeletonTrapGoal
[10Aug2026 03:02:46.737] [main/DEBUG] [mixin/]: Mixing StrayMixin from supplementaries-common.mixins.json into net.minecraft.world.entity.monster.Stray
[10Aug2026 03:02:46.745] [main/DEBUG] [net.minecraftforge.coremod.transformer.CoreModBaseTransformer/COREMOD]: Transforming net/minecraft/world/entity/monster/Strider
[10Aug2026 03:02:46.833] [main/DEBUG] [mixin/]: Mixing perf.ticking_chunk_alloc.ChunkAccessMixin from modernfix-modernfix.mixins.json into net.minecraft.world.level.chunk.ChunkAccess
[10Aug2026 03:02:46.833] [main/DEBUG] [mixin/]: Mixing perf.compact_imposterprotochunks.ChunkAccessMixin from modernfix-modernfix.mixins.json into net.minecraft.world.level.chunk.ChunkAccess
[10Aug2026 03:02:46.839] [main/DEBUG] [mixin/]: Mixing LevelChunkMixin from moonlight-common.mixins.json into net.minecraft.world.level.chunk.LevelChunk
[10Aug2026 03:02:46.840] [main/DEBUG] [mixin/]: Mixing LevelChunkMixin from refurbished_furniture.common.mixins.json into net.minecraft.world.level.chunk.LevelChunk
[10Aug2026 03:02:46.842] [main/WARN] [mixin/]: @Inject(@At("INVOKE_ASSIGN")) Shift.BY=2 on refurbished_furniture.common.mixins.json:LevelChunkMixin::handler$bgg000$refurbishedFurniture$AfterRemoveBlockEntity exceeds the maximum allowed value: 0. Increase the value of maxShiftBy to suppress this warning.
[10Aug2026 03:02:46.868] [main/DEBUG] [net.minecraftforge.coremod.transformer.CoreModBaseTransformer/COREMOD]: Transforming net/minecraft/world/entity/npc/Villager
[10Aug2026 03:02:46.930] [main/DEBUG] [mixin/]: Mixing item.wearable.villagerhat.VillagerMixin from mixins.artifacts.common.json into net.minecraft.world.entity.npc.Villager
[10Aug2026 03:02:46.931] [main/DEBUG] [mixin/]: Mixing VillagerMixin from moonlight-common.mixins.json into net.minecraft.world.entity.npc.Villager
[10Aug2026 03:02:46.933] [main/DEBUG] [mixin/]: Mixing accessor.VillagerAccessor from tombstone.mixins.json into net.minecraft.world.entity.npc.Villager
[10Aug2026 03:02:46.953] [main/DEBUG] [mixin/]: Mixing WanderingTraderMixin from supplementaries-common.mixins.json into net.minecraft.world.entity.npc.WanderingTrader
[10Aug2026 03:02:46.968] [main/DEBUG] [mixin/]: Mixing ZombieHorseMixin from supplementaries-common.mixins.json into net.minecraft.world.entity.animal.horse.ZombieHorse
[10Aug2026 03:02:46.987] [main/DEBUG] [mixin/]: Mixing perf.faster_ingredients.IngredientMixin from modernfix-modernfix.mixins.json into net.minecraft.world.item.crafting.Ingredient
[10Aug2026 03:02:46.988] [main/DEBUG] [mixin/]: Renaming synthetic method lambda$computeItemsArray$1(I)[Lnet/minecraft/world/item/ItemStack; to mdff13ee$lambda$computeItemsArray$1$0 in modernfix-modernfix.mixins.json:perf.faster_ingredients.IngredientMixin
[10Aug2026 03:02:46.988] [main/DEBUG] [mixin/]: Renaming synthetic method lambda$modernfix$fasterTagIngredientStacking$0(Lnet/minecraft/core/Holder;)I to mdff13ee$lambda$modernfix$fasterTagIngredientStacking$0$1 in modernfix-modernfix.mixins.json:perf.faster_ingredients.IngredientMixin
[10Aug2026 03:02:46.999] [main/DEBUG] [mixin/]: Mixing perf.smart_ingredient_sync.IngredientMixin from modernfix-modernfix.mixins.json into net.minecraft.world.item.crafting.Ingredient
[10Aug2026 03:02:47.061] [main/DEBUG] [mixin/]: Mixing inject.MixinFoodPropertiesBuilder from architectury-common.mixins.json into net.minecraft.world.food.FoodProperties$Builder
[10Aug2026 03:02:47.065] [main/DEBUG] [net.minecraftforge.coremod.transformer.CoreModBaseTransformer/COREMOD]: Transforming net/minecraft/world/effect/MobEffectInstance
[10Aug2026 03:02:47.108] [main/DEBUG] [mixin/]: Mixing ntgl.common.ServerGamePacketListenerImplMixin from ntgl.mixin.json into net.minecraft.server.network.ServerGamePacketListenerImpl
[10Aug2026 03:02:47.109] [main/DEBUG] [mixin/]: ntgl.mixin.json:ntgl.common.ServerGamePacketListenerImplMixin: Class version 61 required is higher than the class version supported by the current version of Mixin (JAVA_8 supports class version 52)
[10Aug2026 03:02:47.111] [main/DEBUG] [mixin/]: Mixing bugfix.forge_vehicle_packets.ServerGamePacketListenerImplMixin from modernfix-modernfix.mixins.json into net.minecraft.server.network.ServerGamePacketListenerImpl
[10Aug2026 03:02:47.113] [main/DEBUG] [mixin/]: Mixing item.umbrella.server.ServerGamePacketListenerImplMixin from mixins.artifacts.common.json into net.minecraft.server.network.ServerGamePacketListenerImpl
[10Aug2026 03:02:47.113] [main/DEBUG] [mixin/]: Mixing ServerGamePacketListenerMixin from supplementaries-common.mixins.json into net.minecraft.server.network.ServerGamePacketListenerImpl
[10Aug2026 03:02:47.113] [main/DEBUG] [mixin/]: Renaming synthetic method lambda$addAntiqueInk$0(Ljava/util/function/UnaryOperator;Ljava/lang/String;)Ljava/lang/String; to mdff13ee$lambda$addAntiqueInk$0$0 in supplementaries-common.mixins.json:ServerGamePacketListenerMixin
[10Aug2026 03:02:47.116] [main/DEBUG] [mixin/]: Mixing ServerGamePacketListenerImplMixin from endergetic.mixins.json into net.minecraft.server.network.ServerGamePacketListenerImpl
[10Aug2026 03:02:47.116] [main/DEBUG] [mixin/]: Mixing swimming.server.ServerGamePacketListenerImplMixin from expandability-common.mixins.json into net.minecraft.server.network.ServerGamePacketListenerImpl
[10Aug2026 03:02:47.179] [main/DEBUG] [mixin/]: Mixing accessor.PotionBrewingForgeAccessor from puzzleslib.forge.mixins.json into net.minecraft.world.item.alchemy.PotionBrewing
[10Aug2026 03:02:47.180] [main/DEBUG] [mixin/]: Renaming @Accessor method puzzleslib$getPotionMixes()Ljava/util/List; to puzzleslib$getPotionMixes_$md$ff13ee$0 in puzzleslib.forge.mixins.json:accessor.PotionBrewingForgeAccessor
[10Aug2026 03:02:47.180] [main/DEBUG] [mixin/]: Renaming @Accessor method puzzleslib$getContainerMixes()Ljava/util/List; to puzzleslib$getContainerMixes_$md$ff13ee$1 in puzzleslib.forge.mixins.json:accessor.PotionBrewingForgeAccessor
[10Aug2026 03:02:47.180] [main/DEBUG] [mixin/]: Renaming @Accessor method puzzleslib$getAllowedContainers()Ljava/util/List; to puzzleslib$getAllowedContainers_$md$ff13ee$2 in puzzleslib.forge.mixins.json:accessor.PotionBrewingForgeAccessor
[10Aug2026 03:02:47.262] [main/DEBUG] [mixin/]: Mixing potion.BrewingStandMenuMixin from securitycraft.mixins.json into net.minecraft.world.inventory.BrewingStandMenu
[10Aug2026 03:02:47.268] [main/DEBUG] [mixin/]: Mixing accessor.StructureProcessorAccessor from cataclysm.mixins.json into net.minecraft.world.level.levelgen.structure.templatesystem.StructureProcessor
[10Aug2026 03:02:47.293] [main/DEBUG] [mixin/]: Mixing perf.cache_upgraded_structures.StructureManagerMixin from modernfix-modernfix.mixins.json into net.minecraft.world.level.levelgen.structure.templatesystem.StructureTemplateManager
[10Aug2026 03:02:47.295] [main/DEBUG] [mixin/]: Mixing perf.dynamic_structure_manager.StructureManagerMixin from modernfix-modernfix.mixins.json into net.minecraft.world.level.levelgen.structure.templatesystem.StructureTemplateManager
[10Aug2026 03:02:47.304] [main/DEBUG] [mixin/]: Mixing ChunkGeneratorMixin from structureessentials.mixins.json into net.minecraft.world.level.chunk.ChunkGenerator
[10Aug2026 03:02:47.304] [main/DEBUG] [mixin/]: Mixing StructureMinDistanceDataHolder from structureessentials.mixins.json into net.minecraft.world.level.chunk.ChunkGenerator
[10Aug2026 03:02:47.307] [main/DEBUG] [mixin/]: Mixing StructureSearchSpeedupMixin from structureessentials.mixins.json into net.minecraft.world.level.chunk.ChunkGenerator
[10Aug2026 03:02:47.310] [main/DEBUG] [mixin/]: Mixing StructureSearchTimeoutMixin from structureessentials.mixins.json into net.minecraft.world.level.chunk.ChunkGenerator
[10Aug2026 03:02:47.312] [main/DEBUG] [mixin/]: Mixing ChunkGeneratorMixin from citadel.mixins.json into net.minecraft.world.level.chunk.ChunkGenerator
[10Aug2026 03:02:47.347] [main/DEBUG] [mixin/]: Mixing MixinInventory from curios.mixins.json into net.minecraft.world.entity.player.Inventory
[10Aug2026 03:02:47.348] [main/DEBUG] [mixin/]: Mixing InventoryMixin from carryon.mixins.json into net.minecraft.world.entity.player.Inventory
[10Aug2026 03:02:47.349] [main/DEBUG] [mixin/]: Mixing InventoryMixin from moonlight-common.mixins.json into net.minecraft.world.entity.player.Inventory
[10Aug2026 03:02:47.358] [main/DEBUG] [mixin/]: Mixing accessor.SimpleContainerAccessor from puzzleslib.common.mixins.json into net.minecraft.world.SimpleContainer
[10Aug2026 03:02:47.360] [main/DEBUG] [mixin/]: Mixing SlotAccessor from balm.mixins.json into net.minecraft.world.inventory.Slot
[10Aug2026 03:02:47.367] [main/DEBUG] [mixin/]: Mixing GrindstoneInputSlotMixin from supplementaries-common.mixins.json into net.minecraft.world.inventory.GrindstoneMenu$2
[10Aug2026 03:02:47.370] [main/DEBUG] [mixin/]: Mixing GrindstoneTestSlotMixin from supplementaries-common.mixins.json into net.minecraft.world.inventory.GrindstoneMenu$4
[10Aug2026 03:02:47.370] [main/DEBUG] [mixin/]: Mixing GrindstoneMenuSlotMixin from moonlight-common.mixins.json into net.minecraft.world.inventory.GrindstoneMenu$4
[10Aug2026 03:02:47.373] [main/DEBUG] [mixin/]: Mixing LoomInputSlotMixin from supplementaries-common.mixins.json into net.minecraft.world.inventory.LoomMenu$3
[10Aug2026 03:02:47.378] [main/DEBUG] [mixin/]: Mixing CartographyTableInputSlotMixin from supplementaries-common.mixins.json into net.minecraft.world.inventory.CartographyTableMenu$4
[10Aug2026 03:02:47.386] [main/DEBUG] [mixin/]: Mixing MapExtendingRecipeMixin from moonlight-common.mixins.json into net.minecraft.world.item.crafting.MapExtendingRecipe
[10Aug2026 03:02:47.389] [main/DEBUG] [mixin/]: Mixing accessor.ShapedRecipeAccessor from tombstone.mixins.json into net.minecraft.world.item.crafting.ShapedRecipe
[10Aug2026 03:02:47.490] [main/DEBUG] [mixin/]: Mixing EnchantRandomlyFunctionMixin from alexscaves.mixins.json into net.minecraft.world.level.storage.loot.functions.EnchantRandomlyFunction
[10Aug2026 03:02:47.490] [main/DEBUG] [mixin/]: Renaming synthetic method lambda$ac_enchantItem$0(ZLnet/minecraft/world/item/ItemStack;Lnet/minecraft/world/item/enchantment/Enchantment;)Z to mdff13ee$lambda$ac_enchantItem$0$0 in alexscaves.mixins.json:EnchantRandomlyFunctionMixin
[10Aug2026 03:02:47.502] [main/DEBUG] [mixin/]: Mixing ExplorationMapSerializerMixin from supplementaries-common.mixins.json into net.minecraft.world.level.storage.loot.functions.ExplorationMapFunction$Serializer
[10Aug2026 03:02:47.507] [main/DEBUG] [mixin/]: Mixing ExplorationMapFunctionMixin from structureessentials.mixins.json into net.minecraft.world.level.storage.loot.functions.ExplorationMapFunction
[10Aug2026 03:02:47.507] [main/DEBUG] [mixin/]: Mixing ExplorationMapFunctionMixin from supplementaries-common.mixins.json into net.minecraft.world.level.storage.loot.functions.ExplorationMapFunction
[10Aug2026 03:02:47.517] [main/DEBUG] [mixin/]: Mixing MixinApplyBonusCount from curios.mixins.json into net.minecraft.world.level.storage.loot.functions.ApplyBonusCount
[10Aug2026 03:02:47.626] [main/DEBUG] [mixin/]: Mixing chorus.ChorusPlantFeatureMixin from endergetic.mixins.json into net.minecraft.world.level.levelgen.feature.ChorusPlantFeature
[10Aug2026 03:02:47.638] [main/DEBUG] [mixin/]: Mixing MultifaceGrowthFeatureMixin from alexscaves.mixins.json into net.minecraft.world.level.levelgen.feature.MultifaceGrowthFeature
[10Aug2026 03:02:47.639] [main/DEBUG] [mixin/]: Mixing NoMultifaceGrowthFeatureInStructuresMixin from cataclysm.mixins.json into net.minecraft.world.level.levelgen.feature.MultifaceGrowthFeature
[10Aug2026 03:02:47.643] [main/DEBUG] [mixin/]: Mixing NoMagmaBlockInStructuresMixin from cataclysm.mixins.json into net.minecraft.world.level.levelgen.feature.UnderwaterMagmaFeature
[10Aug2026 03:02:47.649] [main/DEBUG] [mixin/]: Mixing gen.NoLakesInStructuresMixin from iceandfire.mixins.json into net.minecraft.world.level.levelgen.feature.LakeFeature
[10Aug2026 03:02:47.650] [main/DEBUG] [mixin/]: Mixing NoLakesInStructuresMixin from cataclysm.mixins.json into net.minecraft.world.level.levelgen.feature.LakeFeature
[10Aug2026 03:02:47.654] [main/DEBUG] [mixin/]: Mixing NoOreInStructuresMixin from cataclysm.mixins.json into net.minecraft.world.level.levelgen.feature.OreFeature
[10Aug2026 03:02:47.657] [main/DEBUG] [mixin/]: Mixing SpikeFeatureMixin from endergetic.mixins.json into net.minecraft.world.level.levelgen.feature.SpikeFeature
[10Aug2026 03:02:47.660] [main/DEBUG] [mixin/]: Mixing SeagrassFeatureMixin from alexscaves.mixins.json into net.minecraft.world.level.levelgen.feature.SeagrassFeature
[10Aug2026 03:02:47.662] [main/DEBUG] [mixin/]: Mixing KelpFeatureMixin from alexscaves.mixins.json into net.minecraft.world.level.levelgen.feature.KelpFeature
[10Aug2026 03:02:47.663] [main/DEBUG] [mixin/]: Mixing CoralFeatureMixin from alexscaves.mixins.json into net.minecraft.world.level.levelgen.feature.CoralFeature
[10Aug2026 03:02:47.670] [main/DEBUG] [mixin/]: Mixing NoBasaltColumnsInStructuresMixin from bygonenether.mixins.json into net.minecraft.world.level.levelgen.feature.BasaltColumnsFeature
[10Aug2026 03:02:47.671] [main/DEBUG] [mixin/]: Mixing NoBasaltColumnsInStructuresMixin from cataclysm.mixins.json into net.minecraft.world.level.levelgen.feature.BasaltColumnsFeature
[10Aug2026 03:02:47.675] [main/DEBUG] [mixin/]: Mixing NoDeltasInStructuresMixin from bygonenether.mixins.json into net.minecraft.world.level.levelgen.feature.DeltaFeature
[10Aug2026 03:02:47.675] [main/DEBUG] [mixin/]: Mixing NoDeltasInStructuresMixin from cataclysm.mixins.json into net.minecraft.world.level.levelgen.feature.DeltaFeature
[10Aug2026 03:02:47.683] [main/DEBUG] [mixin/]: Mixing NoGeodeInStructuresMixin from cataclysm.mixins.json into net.minecraft.world.level.levelgen.feature.GeodeFeature
[10Aug2026 03:02:47.699] [main/DEBUG] [mixin/]: Mixing PlacedFeatureErrorMixin from structureessentials.mixins.json into net.minecraft.world.level.levelgen.placement.PlacedFeature
[10Aug2026 03:02:47.793] [main/DEBUG] [mixin/]: Mixing RandomSpreadStructurePlacementMixin from structureessentials.mixins.json into net.minecraft.world.level.levelgen.structure.placement.RandomSpreadStructurePlacement
[10Aug2026 03:02:47.804] [main/DEBUG] [net.minecraftforge.coremod.transformer.CoreModBaseTransformer/COREMOD]: Transforming net/minecraft/world/level/levelgen/structure/Structure
[10Aug2026 03:02:47.804] [main/DEBUG] [mixin/]: Mixing StructureStartMinDistMixin from structureessentials.mixins.json into net.minecraft.world.level.levelgen.structure.Structure
[10Aug2026 03:02:47.807] [main/DEBUG] [mixin/]: Mixing StructureTimingMixin from structureessentials.mixins.json into net.minecraft.world.level.levelgen.structure.Structure
[10Aug2026 03:02:47.822] [main/DEBUG] [mixin/]: Mixing StructurePieceMixin from blueprint.mixins.json into net.minecraft.world.level.levelgen.structure.StructurePiece
[10Aug2026 03:02:47.827] [main/DEBUG] [mixin/]: Mixing MineshaftCorridorMixin from supplementaries-common.mixins.json into net.minecraft.world.level.levelgen.structure.structures.MineshaftPieces$MineShaftCorridor
[10Aug2026 03:02:47.849] [main/DEBUG] [mixin/]: Mixing StrongholdCrossingSconceMixin from supplementaries-common.mixins.json into net.minecraft.world.level.levelgen.structure.structures.StrongholdPieces$FiveCrossing
[10Aug2026 03:02:47.856] [main/DEBUG] [mixin/]: Mixing StrongholdPiecesMixin from endrem.mixins.json into net.minecraft.world.level.levelgen.structure.structures.StrongholdPieces$PortalRoom
[10Aug2026 03:02:47.860] [main/DEBUG] [mixin/]: Mixing StrongholdRoomSconceMixin from supplementaries-common.mixins.json into net.minecraft.world.level.levelgen.structure.structures.StrongholdPieces$RoomCrossing
[10Aug2026 03:02:47.868] [main/DEBUG] [net.minecraftforge.coremod.transformer.CoreModBaseTransformer/COREMOD]: Transforming net/minecraft/world/level/levelgen/structure/structures/OceanRuinPieces$OceanRuinPiece
[10Aug2026 03:02:47.884] [main/DEBUG] [net.minecraftforge.coremod.transformer.CoreModBaseTransformer/COREMOD]: Transforming net/minecraft/world/level/levelgen/structure/structures/SwampHutPiece
[10Aug2026 03:02:47.893] [main/DEBUG] [mixin/]: Mixing SwampHutPieceMixin from alexscaves.mixins.json into net.minecraft.world.level.levelgen.structure.structures.SwampHutPiece
[10Aug2026 03:02:47.895] [main/WARN] [mixin/]: Mixin alexscaves.mixins.json:SwampHutPieceMixin has multiple constructors, (Lnet/minecraft/world/level/levelgen/structure/pieces/StructurePieceType;IIIIIILnet/minecraft/core/Direction;)V was selected

[10Aug2026 03:02:47.900] [main/DEBUG] [net.minecraftforge.coremod.transformer.CoreModBaseTransformer/COREMOD]: Transforming net/minecraft/world/level/levelgen/structure/structures/OceanMonumentPieces$OceanMonumentPiece
[10Aug2026 03:02:47.919] [main/DEBUG] [net.minecraftforge.coremod.transformer.CoreModBaseTransformer/COREMOD]: Transforming net/minecraft/world/level/levelgen/structure/structures/WoodlandMansionPieces$WoodlandMansionPiece
[10Aug2026 03:02:47.946] [main/DEBUG] [mixin/]: Mixing JigsawStructureMixin from alexscaves.mixins.json into net.minecraft.world.level.levelgen.structure.structures.JigsawStructure
[10Aug2026 03:02:47.951] [main/DEBUG] [mixin/]: Mixing StructureTemplatePoolAccessor from waystones.mixins.json into net.minecraft.world.level.levelgen.structure.pools.StructureTemplatePool
[10Aug2026 03:02:47.951] [main/DEBUG] [mixin/]: Mixing accessor.StructureTemplatePoolAccessor from cataclysm.mixins.json into net.minecraft.world.level.levelgen.structure.pools.StructureTemplatePool
[10Aug2026 03:02:47.952] [main/DEBUG] [mixin/]: Unexpected: Registered method getRawTemplates()Ljava/util/List; in net.minecraft.world.level.levelgen.structure.pools.StructureTemplatePool was not merged
[10Aug2026 03:02:47.964] [main/DEBUG] [mixin/]: Mixing OceanMonumentStructureMixin from alexscaves.mixins.json into net.minecraft.world.level.levelgen.structure.structures.OceanMonumentStructure
[10Aug2026 03:02:47.975] [main/DEBUG] [mixin/]: Mixing ShipwreckStructureMixin from alexscaves.mixins.json into net.minecraft.world.level.levelgen.structure.structures.ShipwreckStructure
[10Aug2026 03:02:48.042] [main/DEBUG] [mixin/]: Mixing BiomeSourceMixin from alexscaves.mixins.json into net.minecraft.world.level.biome.BiomeSource
[10Aug2026 03:02:48.044] [main/DEBUG] [mixin/]: Mixing MixinBiomeSource from terrablender.mixins.json into net.minecraft.world.level.biome.BiomeSource
[10Aug2026 03:02:48.044] [main/DEBUG] [mixin/]: Renaming synthetic method lambda$appendDeferredBiomesList$0(Lcom/google/common/collect/ImmutableList;)Ljava/util/Set; to mdff13ee$lambda$appendDeferredBiomesList$0$0 in terrablender.mixins.json:MixinBiomeSource
[10Aug2026 03:02:48.052] [main/DEBUG] [net.minecraftforge.coremod.transformer.CoreModBaseTransformer/COREMOD]: Transforming net/minecraft/world/level/biome/Biome
[10Aug2026 03:02:48.053] [main/DEBUG] [mixin/]: Mixing perf.remove_biome_temperature_cache.BiomeMixin from modernfix-modernfix.mixins.json into net.minecraft.world.level.biome.Biome
[10Aug2026 03:02:48.053] [main/WARN] [mixin/]: Static binding violation: PRIVATE @Overwrite method m_47505_ in modernfix-modernfix.mixins.json:perf.remove_biome_temperature_cache.BiomeMixin cannot reduce visibiliy of PUBLIC target method, visibility will be upgraded.
[10Aug2026 03:02:48.082] [main/DEBUG] [mixin/]: Mixing accessor.MobSpawnSettingsBuilderForgeAccessor from puzzleslib.forge.mixins.json into net.minecraft.world.level.biome.MobSpawnSettings$Builder
[10Aug2026 03:02:48.089] [main/DEBUG] [mixin/]: Mixing LegacyRandomSourceMixin from structureessentials.mixins.json into net.minecraft.world.level.levelgen.LegacyRandomSource
[10Aug2026 03:02:48.096] [main/DEBUG] [mixin/]: Mixing MultiNoiseBiomeSourceMixin from alexscaves.mixins.json into net.minecraft.world.level.biome.MultiNoiseBiomeSource
[10Aug2026 03:02:48.100] [main/DEBUG] [mixin/]: Mixing MixinMultiNoiseBiomeSource from terrablender.mixins.json into net.minecraft.world.level.biome.MultiNoiseBiomeSource
[10Aug2026 03:02:48.104] [main/DEBUG] [mixin/]: Mixing MixinParameterList from terrablender.mixins.json into net.minecraft.world.level.biome.Climate$ParameterList
[10Aug2026 03:02:48.104] [main/DEBUG] [mixin/]: Renaming synthetic method lambda$initializeForTerraBlender$0(Lnet/minecraft/core/Registry;Lcom/google/common/collect/ImmutableList$Builder;Lcom/mojang/datafixers/util/Pair;)V to mdff13ee$lambda$initializeForTerraBlender$0$0 in terrablender.mixins.json:MixinParameterList
[10Aug2026 03:02:48.126] [main/DEBUG] [mixin/]: Mixing perf.optimize_surface_rules.NoiseBasedChunkGeneratorMixin from modernfix-modernfix.mixins.json into net.minecraft.world.level.levelgen.NoiseBasedChunkGenerator
[10Aug2026 03:02:48.127] [main/DEBUG] [mixin/]: Renaming synthetic method lambda$mfix$accumulate$0(Ljava/util/Set;Lnet/minecraft/core/Holder;)V to mdff13ee$lambda$mfix$accumulate$0$0 in modernfix-modernfix.mixins.json:perf.optimize_surface_rules.NoiseBasedChunkGeneratorMixin
[10Aug2026 03:02:48.141] [main/DEBUG] [mixin/]: Mixing NoiseGeneratorSettingsMixin from citadel.mixins.json into net.minecraft.world.level.levelgen.NoiseGeneratorSettings
[10Aug2026 03:02:48.143] [main/DEBUG] [mixin/]: Mixing NoiseGeneratorSettingsMixin from blueprint.mixins.json into net.minecraft.world.level.levelgen.NoiseGeneratorSettings
[10Aug2026 03:02:48.143] [main/DEBUG] [mixin/]: Mixing MixinNoiseGeneratorSettings from terrablender.mixins.json into net.minecraft.world.level.levelgen.NoiseGeneratorSettings
[10Aug2026 03:02:48.174] [main/DEBUG] [mixin/]: Mixing perf.forge_registry_alloc.DebugLevelSourceMixin from modernfix-modernfix.mixins.json into net.minecraft.world.level.levelgen.DebugLevelSource
[10Aug2026 03:02:48.182] [main/DEBUG] [mixin/]: Mixing perf.optimize_surface_rules.BiomeConditionSourceMixin from modernfix-modernfix.mixins.json into net.minecraft.world.level.levelgen.SurfaceRules$BiomeConditionSource
[10Aug2026 03:02:48.182] [main/DEBUG] [mixin/]: Renaming synthetic method lambda$mfix$optimizeCondition$1()Z to mdff13ee$lambda$mfix$optimizeCondition$1$0 in modernfix-modernfix.mixins.json:perf.optimize_surface_rules.BiomeConditionSourceMixin
[10Aug2026 03:02:48.182] [main/DEBUG] [mixin/]: Renaming synthetic method lambda$mfix$optimizeCondition$0()Z to mdff13ee$lambda$mfix$optimizeCondition$0$1 in modernfix-modernfix.mixins.json:perf.optimize_surface_rules.BiomeConditionSourceMixin
[10Aug2026 03:02:48.244] [main/DEBUG] [mixin/]: Mixing SinglePoolElementMixin from waystones.mixins.json into net.minecraft.world.level.levelgen.structure.pools.SinglePoolElement
[10Aug2026 03:02:48.245] [main/DEBUG] [mixin/]: Renaming synthetic method lambda$waystones$isWaystone$1(Lnet/minecraft/world/level/levelgen/structure/templatesystem/StructureTemplate;)V to mdff13ee$lambda$waystones$isWaystone$1$0 in waystones.mixins.json:SinglePoolElementMixin
[10Aug2026 03:02:48.245] [main/DEBUG] [mixin/]: Renaming synthetic method lambda$waystones$isWaystone$0(Lnet/minecraft/resources/ResourceLocation;)V to mdff13ee$lambda$waystones$isWaystone$0$1 in waystones.mixins.json:SinglePoolElementMixin
[10Aug2026 03:02:48.246] [main/DEBUG] [mixin/]: Mixing accessor.SinglePoolElementAccessor from cataclysm.mixins.json into net.minecraft.world.level.levelgen.structure.pools.SinglePoolElement
[10Aug2026 03:02:48.253] [main/DEBUG] [mixin/]: Mixing accessor.ListPoolElementAccessor from cataclysm.mixins.json into net.minecraft.world.level.levelgen.structure.pools.ListPoolElement
[10Aug2026 03:02:48.255] [main/DEBUG] [mixin/]: Mixing accessor.FeaturePoolElementAccessor from cataclysm.mixins.json into net.minecraft.world.level.levelgen.structure.pools.FeaturePoolElement
[10Aug2026 03:02:48.370] [main/DEBUG] [net.minecraftforge.common.ForgeI18n/CORE]: Loading I18N data entries: 6430
[10Aug2026 03:02:48.387] [main/DEBUG] [net.minecraftforge.fml.ModWorkManager/LOADING]: Using 4 threads for parallel mod-loading
[10Aug2026 03:02:48.392] [main/DEBUG] [net.minecraftforge.fml.javafmlmod.FMLJavaModLanguageProvider/LOADING]: Loading FMLModContainer from classloader cpw.mods.modlauncher.TransformingClassLoader@498c535d - got cpw.mods.cl.ModuleClassLoader@4930539b
[10Aug2026 03:02:48.393] [main/DEBUG] [net.minecraftforge.fml.javafmlmod.FMLModContainer/LOADING]: Creating FMLModContainer instance for net.blay09.mods.kuma.forge.ForgeKumaAPI
[10Aug2026 03:02:48.395] [main/DEBUG] [net.minecraftforge.fml.javafmlmod.FMLJavaModLanguageProvider/LOADING]: Loading FMLModContainer from classloader cpw.mods.modlauncher.TransformingClassLoader@498c535d - got cpw.mods.cl.ModuleClassLoader@4930539b
[10Aug2026 03:02:48.395] [main/DEBUG] [net.minecraftforge.fml.javafmlmod.FMLModContainer/LOADING]: Creating FMLModContainer instance for com.supermartijn642.configlib.ConfigLib
[10Aug2026 03:02:48.396] [main/DEBUG] [net.minecraftforge.fml.javafmlmod.FMLJavaModLanguageProvider/LOADING]: Loading FMLModContainer from classloader cpw.mods.modlauncher.TransformingClassLoader@498c535d - got cpw.mods.cl.ModuleClassLoader@4930539b
[10Aug2026 03:02:48.396] [main/DEBUG] [net.minecraftforge.fml.javafmlmod.FMLModContainer/LOADING]: Creating FMLModContainer instance for net.blay09.mods.trashslot.ForgeTrashSlot
[10Aug2026 03:02:48.396] [main/DEBUG] [net.minecraftforge.fml.javafmlmod.FMLJavaModLanguageProvider/LOADING]: Loading FMLModContainer from classloader cpw.mods.modlauncher.TransformingClassLoader@498c535d - got cpw.mods.cl.ModuleClassLoader@4930539b
[10Aug2026 03:02:48.396] [main/DEBUG] [net.minecraftforge.fml.javafmlmod.FMLModContainer/LOADING]: Creating FMLModContainer instance for software.bernie.example.GeckoLibMod
[10Aug2026 03:02:48.397] [main/DEBUG] [net.minecraftforge.fml.javafmlmod.FMLJavaModLanguageProvider/LOADING]: Loading FMLModContainer from classloader cpw.mods.modlauncher.TransformingClassLoader@498c535d - got cpw.mods.cl.ModuleClassLoader@4930539b
[10Aug2026 03:02:48.397] [main/DEBUG] [net.minecraftforge.fml.javafmlmod.FMLModContainer/LOADING]: Creating FMLModContainer instance for dev.kosmx.playerAnim.forge.ForgeModInterface
[10Aug2026 03:02:48.397] [main/DEBUG] [net.minecraftforge.fml.javafmlmod.FMLJavaModLanguageProvider/LOADING]: Loading FMLModContainer from classloader cpw.mods.modlauncher.TransformingClassLoader@498c535d - got cpw.mods.cl.ModuleClassLoader@4930539b
[10Aug2026 03:02:48.397] [main/DEBUG] [net.minecraftforge.fml.javafmlmod.FMLModContainer/LOADING]: Creating FMLModContainer instance for mezz.jei.forge.JustEnoughItems
[10Aug2026 03:02:48.398] [main/DEBUG] [net.minecraftforge.fml.javafmlmod.FMLJavaModLanguageProvider/LOADING]: Loading FMLModContainer from classloader cpw.mods.modlauncher.TransformingClassLoader@498c535d - got cpw.mods.cl.ModuleClassLoader@4930539b
[10Aug2026 03:02:48.398] [main/DEBUG] [net.minecraftforge.fml.javafmlmod.FMLModContainer/LOADING]: Creating FMLModContainer instance for xaero.lib.XaeroLibForge
[10Aug2026 03:02:48.399] [main/DEBUG] [net.minecraftforge.fml.javafmlmod.FMLJavaModLanguageProvider/LOADING]: Loading FMLModContainer from classloader cpw.mods.modlauncher.TransformingClassLoader@498c535d - got cpw.mods.cl.ModuleClassLoader@4930539b
[10Aug2026 03:02:48.399] [main/DEBUG] [net.minecraftforge.fml.javafmlmod.FMLModContainer/LOADING]: Creating FMLModContainer instance for dev.tr7zw.trender.gui.impl.client.LibGuiBootstrap
[10Aug2026 03:02:48.399] [main/DEBUG] [net.minecraftforge.fml.javafmlmod.FMLJavaModLanguageProvider/LOADING]: Loading FMLModContainer from classloader cpw.mods.modlauncher.TransformingClassLoader@498c535d - got cpw.mods.cl.ModuleClassLoader@4930539b
[10Aug2026 03:02:48.399] [main/DEBUG] [net.minecraftforge.fml.javafmlmod.FMLModContainer/LOADING]: Creating FMLModContainer instance for net.mcreator.stalwartdungeons.StalwartDungeonsMod
[10Aug2026 03:02:48.400] [main/DEBUG] [net.minecraftforge.fml.javafmlmod.FMLJavaModLanguageProvider/LOADING]: Loading FMLModContainer from classloader cpw.mods.modlauncher.TransformingClassLoader@498c535d - got cpw.mods.cl.ModuleClassLoader@4930539b
[10Aug2026 03:02:48.400] [main/DEBUG] [net.minecraftforge.fml.javafmlmod.FMLModContainer/LOADING]: Creating FMLModContainer instance for net.p3pp3rf1y.sophisticatedcore.SophisticatedCore
[10Aug2026 03:02:48.400] [main/DEBUG] [net.minecraftforge.fml.javafmlmod.FMLJavaModLanguageProvider/LOADING]: Loading FMLModContainer from classloader cpw.mods.modlauncher.TransformingClassLoader@498c535d - got cpw.mods.cl.ModuleClassLoader@4930539b
[10Aug2026 03:02:48.400] [main/DEBUG] [net.minecraftforge.fml.javafmlmod.FMLModContainer/LOADING]: Creating FMLModContainer instance for com.nukateam.ntgl.Ntgl
[10Aug2026 03:02:48.401] [main/DEBUG] [net.minecraftforge.fml.javafmlmod.FMLJavaModLanguageProvider/LOADING]: Loading FMLModContainer from classloader cpw.mods.modlauncher.TransformingClassLoader@498c535d - got cpw.mods.cl.ModuleClassLoader@4930539b
[10Aug2026 03:02:48.401] [main/DEBUG] [net.minecraftforge.fml.javafmlmod.FMLModContainer/LOADING]: Creating FMLModContainer instance for net.blay09.mods.waystones.ForgeWaystones
[10Aug2026 03:02:48.402] [main/DEBUG] [net.minecraftforge.fml.javafmlmod.FMLJavaModLanguageProvider/LOADING]: Loading FMLModContainer from classloader cpw.mods.modlauncher.TransformingClassLoader@498c535d - got cpw.mods.cl.ModuleClassLoader@4930539b
[10Aug2026 03:02:48.402] [main/DEBUG] [net.minecraftforge.fml.javafmlmod.FMLModContainer/LOADING]: Creating FMLModContainer instance for com.structureessentials.StructureEssentials
[10Aug2026 03:02:48.403] [main/DEBUG] [net.minecraftforge.fml.javafmlmod.FMLJavaModLanguageProvider/LOADING]: Loading FMLModContainer from classloader cpw.mods.modlauncher.TransformingClassLoader@498c535d - got cpw.mods.cl.ModuleClassLoader@4930539b
[10Aug2026 03:02:48.403] [main/DEBUG] [net.minecraftforge.fml.javafmlmod.FMLModContainer/LOADING]: Creating FMLModContainer instance for com.blamejared.clumps.Clumps
[10Aug2026 03:02:48.404] [main/DEBUG] [net.minecraftforge.fml.javafmlmod.FMLJavaModLanguageProvider/LOADING]: Loading FMLModContainer from classloader cpw.mods.modlauncher.TransformingClassLoader@498c535d - got cpw.mods.cl.ModuleClassLoader@4930539b
[10Aug2026 03:02:48.404] [main/DEBUG] [net.minecraftforge.fml.javafmlmod.FMLModContainer/LOADING]: Creating FMLModContainer instance for xaero.map.WorldMapForge
[10Aug2026 03:02:48.405] [main/DEBUG] [net.minecraftforge.fml.javafmlmod.FMLJavaModLanguageProvider/LOADING]: Loading FMLModContainer from classloader cpw.mods.modlauncher.TransformingClassLoader@498c535d - got cpw.mods.cl.ModuleClassLoader@4930539b
[10Aug2026 03:02:48.406] [main/DEBUG] [net.minecraftforge.fml.javafmlmod.FMLModContainer/LOADING]: Creating FMLModContainer instance for dev.shadowsoffire.placebo.Placebo
[10Aug2026 03:02:48.407] [main/DEBUG] [net.minecraftforge.fml.javafmlmod.FMLJavaModLanguageProvider/LOADING]: Loading FMLModContainer from classloader cpw.mods.modlauncher.TransformingClassLoader@498c535d - got cpw.mods.cl.ModuleClassLoader@4930539b
[10Aug2026 03:02:48.407] [main/DEBUG] [net.minecraftforge.fml.javafmlmod.FMLModContainer/LOADING]: Creating FMLModContainer instance for org.embeddedt.modernfix.forge.init.ModernFixForge
[10Aug2026 03:02:48.408] [main/DEBUG] [net.minecraftforge.fml.javafmlmod.FMLJavaModLanguageProvider/LOADING]: Loading FMLModContainer from classloader cpw.mods.modlauncher.TransformingClassLoader@498c535d - got cpw.mods.cl.ModuleClassLoader@4930539b
[10Aug2026 03:02:48.408] [main/DEBUG] [net.minecraftforge.fml.javafmlmod.FMLModContainer/LOADING]: Creating FMLModContainer instance for com.github.alexthe666.citadel.Citadel
[10Aug2026 03:02:48.409] [main/DEBUG] [net.minecraftforge.fml.javafmlmod.FMLJavaModLanguageProvider/LOADING]: Loading FMLModContainer from classloader cpw.mods.modlauncher.TransformingClassLoader@498c535d - got cpw.mods.cl.ModuleClassLoader@4930539b
[10Aug2026 03:02:48.409] [main/DEBUG] [net.minecraftforge.fml.javafmlmod.FMLModContainer/LOADING]: Creating FMLModContainer instance for com.github.alexthe666.alexsmobs.AlexsMobs
[10Aug2026 03:02:48.410] [main/DEBUG] [net.minecraftforge.fml.javafmlmod.FMLJavaModLanguageProvider/LOADING]: Loading FMLModContainer from classloader cpw.mods.modlauncher.TransformingClassLoader@498c535d - got cpw.mods.cl.ModuleClassLoader@4930539b
[10Aug2026 03:02:48.410] [main/DEBUG] [net.minecraftforge.fml.javafmlmod.FMLModContainer/LOADING]: Creating FMLModContainer instance for com.chaosthedude.naturescompass.NaturesCompass
[10Aug2026 03:02:48.411] [main/DEBUG] [net.minecraftforge.fml.javafmlmod.FMLJavaModLanguageProvider/LOADING]: Loading FMLModContainer from classloader cpw.mods.modlauncher.TransformingClassLoader@498c535d - got cpw.mods.cl.ModuleClassLoader@4930539b
[10Aug2026 03:02:48.411] [main/DEBUG] [net.minecraftforge.fml.javafmlmod.FMLModContainer/LOADING]: Creating FMLModContainer instance for artifacts.forge.ArtifactsForge
[10Aug2026 03:02:48.412] [main/DEBUG] [net.minecraftforge.fml.javafmlmod.FMLJavaModLanguageProvider/LOADING]: Loading FMLModContainer from classloader cpw.mods.modlauncher.TransformingClassLoader@498c535d - got cpw.mods.cl.ModuleClassLoader@4930539b
[10Aug2026 03:02:48.412] [main/DEBUG] [net.minecraftforge.fml.javafmlmod.FMLModContainer/LOADING]: Creating FMLModContainer instance for net.p3pp3rf1y.sophisticatedbackpacks.SophisticatedBackpacks
[10Aug2026 03:02:48.412] [main/DEBUG] [net.minecraftforge.fml.javafmlmod.FMLJavaModLanguageProvider/LOADING]: Loading FMLModContainer from classloader cpw.mods.modlauncher.TransformingClassLoader@498c535d - got cpw.mods.cl.ModuleClassLoader@4930539b
[10Aug2026 03:02:48.412] [main/DEBUG] [net.minecraftforge.fml.javafmlmod.FMLModContainer/LOADING]: Creating FMLModContainer instance for com.github.alexthe666.iceandfire.IceAndFire
[10Aug2026 03:02:48.414] [main/DEBUG] [net.minecraftforge.fml.javafmlmod.FMLJavaModLanguageProvider/LOADING]: Loading FMLModContainer from classloader cpw.mods.modlauncher.TransformingClassLoader@498c535d - got cpw.mods.cl.ModuleClassLoader@4930539b
[10Aug2026 03:02:48.414] [main/DEBUG] [net.minecraftforge.fml.javafmlmod.FMLModContainer/LOADING]: Creating FMLModContainer instance for com.izofar.bygonenether.BygoneNetherMod
[10Aug2026 03:02:48.414] [main/DEBUG] [net.minecraftforge.fml.javafmlmod.FMLJavaModLanguageProvider/LOADING]: Loading FMLModContainer from classloader cpw.mods.modlauncher.TransformingClassLoader@498c535d - got cpw.mods.cl.ModuleClassLoader@4930539b
[10Aug2026 03:02:48.414] [main/DEBUG] [net.minecraftforge.fml.javafmlmod.FMLModContainer/LOADING]: Creating FMLModContainer instance for net.blay09.mods.balm.forge.ForgeBalm
[10Aug2026 03:02:48.415] [main/DEBUG] [net.minecraftforge.fml.javafmlmod.FMLJavaModLanguageProvider/LOADING]: Loading FMLModContainer from classloader cpw.mods.modlauncher.TransformingClassLoader@498c535d - got cpw.mods.cl.ModuleClassLoader@4930539b
[10Aug2026 03:02:48.415] [main/DEBUG] [net.minecraftforge.fml.javafmlmod.FMLModContainer/LOADING]: Creating FMLModContainer instance for com.teamabnormals.blueprint.core.Blueprint
[10Aug2026 03:02:48.417] [main/DEBUG] [net.minecraftforge.fml.javafmlmod.FMLJavaModLanguageProvider/LOADING]: Loading FMLModContainer from classloader cpw.mods.modlauncher.TransformingClassLoader@498c535d - got cpw.mods.cl.ModuleClassLoader@4930539b
[10Aug2026 03:02:48.417] [main/DEBUG] [net.minecraftforge.fml.javafmlmod.FMLModContainer/LOADING]: Creating FMLModContainer instance for tschipp.carryon.CarryOnForge
[10Aug2026 03:02:48.417] [main/DEBUG] [net.minecraftforge.fml.javafmlmod.FMLJavaModLanguageProvider/LOADING]: Loading FMLModContainer from classloader cpw.mods.modlauncher.TransformingClassLoader@498c535d - got cpw.mods.cl.ModuleClassLoader@4930539b
[10Aug2026 03:02:48.417] [main/DEBUG] [net.minecraftforge.fml.javafmlmod.FMLModContainer/LOADING]: Creating FMLModContainer instance for fuzs.puzzlesaccessapi.forge.PuzzlesAccessApiForge
[10Aug2026 03:02:48.418] [main/DEBUG] [net.minecraftforge.fml.javafmlmod.FMLJavaModLanguageProvider/LOADING]: Loading FMLModContainer from classloader cpw.mods.modlauncher.TransformingClassLoader@498c535d - got cpw.mods.cl.ModuleClassLoader@4930539b
[10Aug2026 03:02:48.418] [main/DEBUG] [net.minecraftforge.fml.javafmlmod.FMLModContainer/LOADING]: Creating FMLModContainer instance for me.shedaniel.clothconfig.ClothConfigForge
[10Aug2026 03:02:48.418] [main/DEBUG] [net.minecraftforge.fml.javafmlmod.FMLJavaModLanguageProvider/LOADING]: Loading FMLModContainer from classloader cpw.mods.modlauncher.TransformingClassLoader@498c535d - got cpw.mods.cl.ModuleClassLoader@4930539b
[10Aug2026 03:02:48.419] [main/DEBUG] [net.minecraftforge.fml.javafmlmod.FMLModContainer/LOADING]: Creating FMLModContainer instance for com.sonicether.soundphysics.ForgeSoundPhysicsMod
[10Aug2026 03:02:48.419] [main/DEBUG] [net.minecraftforge.fml.javafmlmod.FMLJavaModLanguageProvider/LOADING]: Loading FMLModContainer from classloader cpw.mods.modlauncher.TransformingClassLoader@498c535d - got cpw.mods.cl.ModuleClassLoader@4930539b
[10Aug2026 03:02:48.420] [main/DEBUG] [net.minecraftforge.fml.javafmlmod.FMLModContainer/LOADING]: Creating FMLModContainer instance for net.minecraftforge.common.ForgeMod
[10Aug2026 03:02:48.422] [main/DEBUG] [net.minecraftforge.fml.javafmlmod.FMLJavaModLanguageProvider/LOADING]: Loading FMLModContainer from classloader cpw.mods.modlauncher.TransformingClassLoader@498c535d - got cpw.mods.cl.ModuleClassLoader@4930539b
[10Aug2026 03:02:48.422] [main/DEBUG] [net.minecraftforge.fml.javafmlmod.FMLModContainer/LOADING]: Creating FMLModContainer instance for net.mehvahdjukaar.supplementaries.forge.SupplementariesForge
[10Aug2026 03:02:48.422] [main/DEBUG] [net.minecraftforge.fml.javafmlmod.FMLJavaModLanguageProvider/LOADING]: Loading FMLModContainer from classloader cpw.mods.modlauncher.TransformingClassLoader@498c535d - got cpw.mods.cl.ModuleClassLoader@4930539b
[10Aug2026 03:02:48.423] [main/DEBUG] [net.minecraftforge.fml.javafmlmod.FMLModContainer/LOADING]: Creating FMLModContainer instance for com.progwml6.ironchest.IronChests
[10Aug2026 03:02:48.424] [main/DEBUG] [net.minecraftforge.fml.javafmlmod.FMLJavaModLanguageProvider/LOADING]: Loading FMLModContainer from classloader cpw.mods.modlauncher.TransformingClassLoader@498c535d - got cpw.mods.cl.ModuleClassLoader@4930539b
[10Aug2026 03:02:48.424] [main/DEBUG] [net.minecraftforge.fml.javafmlmod.FMLModContainer/LOADING]: Creating FMLModContainer instance for com.teamabnormals.endergetic.core.EndergeticExpansion
[10Aug2026 03:02:48.425] [main/DEBUG] [net.minecraftforge.fml.javafmlmod.FMLJavaModLanguageProvider/LOADING]: Loading FMLModContainer from classloader cpw.mods.modlauncher.TransformingClassLoader@498c535d - got cpw.mods.cl.ModuleClassLoader@4930539b
[10Aug2026 03:02:48.425] [main/DEBUG] [net.minecraftforge.fml.javafmlmod.FMLModContainer/LOADING]: Creating FMLModContainer instance for com.github.alexmodguy.alexscaves.AlexsCaves
[10Aug2026 03:02:48.426] [main/DEBUG] [net.minecraftforge.fml.javafmlmod.FMLJavaModLanguageProvider/LOADING]: Loading FMLModContainer from classloader cpw.mods.modlauncher.TransformingClassLoader@498c535d - got cpw.mods.cl.ModuleClassLoader@4930539b
[10Aug2026 03:02:48.426] [main/DEBUG] [net.minecraftforge.fml.javafmlmod.FMLModContainer/LOADING]: Creating FMLModContainer instance for team.creative.littleframes.LittleFrames
[10Aug2026 03:02:48.427] [main/DEBUG] [net.minecraftforge.fml.javafmlmod.FMLJavaModLanguageProvider/LOADING]: Loading FMLModContainer from classloader cpw.mods.modlauncher.TransformingClassLoader@498c535d - got cpw.mods.cl.ModuleClassLoader@4930539b
[10Aug2026 03:02:48.427] [main/DEBUG] [net.minecraftforge.fml.javafmlmod.FMLModContainer/LOADING]: Creating FMLModContainer instance for terrablender.core.TerraBlenderForge
[10Aug2026 03:02:48.427] [main/DEBUG] [net.minecraftforge.fml.javafmlmod.FMLJavaModLanguageProvider/LOADING]: Loading FMLModContainer from classloader cpw.mods.modlauncher.TransformingClassLoader@498c535d - got cpw.mods.cl.ModuleClassLoader@4930539b
[10Aug2026 03:02:48.427] [main/DEBUG] [net.minecraftforge.fml.javafmlmod.FMLModContainer/LOADING]: Creating FMLModContainer instance for net.mehvahdjukaar.moonlight.forge.MoonlightForge
[10Aug2026 03:02:48.428] [main/DEBUG] [net.minecraftforge.fml.javafmlmod.FMLJavaModLanguageProvider/LOADING]: Loading FMLModContainer from classloader cpw.mods.modlauncher.TransformingClassLoader@498c535d - got cpw.mods.cl.ModuleClassLoader@4930539b
[10Aug2026 03:02:48.428] [main/DEBUG] [net.minecraftforge.fml.javafmlmod.FMLModContainer/LOADING]: Creating FMLModContainer instance for biomesoplenty.core.BiomesOPlenty
[10Aug2026 03:02:48.429] [main/DEBUG] [net.minecraftforge.fml.javafmlmod.FMLJavaModLanguageProvider/LOADING]: Loading FMLModContainer from classloader cpw.mods.modlauncher.TransformingClassLoader@498c535d - got cpw.mods.cl.ModuleClassLoader@4930539b
[10Aug2026 03:02:48.429] [main/DEBUG] [net.minecraftforge.fml.javafmlmod.FMLModContainer/LOADING]: Creating FMLModContainer instance for com.bawnorton.mixinsquared.platform.forge.MixinSquaredMod
[10Aug2026 03:02:48.429] [main/DEBUG] [net.minecraftforge.fml.javafmlmod.FMLJavaModLanguageProvider/LOADING]: Loading FMLModContainer from classloader cpw.mods.modlauncher.TransformingClassLoader@498c535d - got cpw.mods.cl.ModuleClassLoader@4930539b
[10Aug2026 03:02:48.429] [main/DEBUG] [net.minecraftforge.fml.javafmlmod.FMLModContainer/LOADING]: Creating FMLModContainer instance for snownee.jade.util.CommonProxy
[10Aug2026 03:02:48.431] [main/DEBUG] [net.minecraftforge.fml.javafmlmod.FMLJavaModLanguageProvider/LOADING]: Loading FMLModContainer from classloader cpw.mods.modlauncher.TransformingClassLoader@498c535d - got cpw.mods.cl.ModuleClassLoader@4930539b
[10Aug2026 03:02:48.431] [main/DEBUG] [net.minecraftforge.fml.javafmlmod.FMLModContainer/LOADING]: Creating FMLModContainer instance for com.teamremastered.endrem.EndRemastered
[10Aug2026 03:02:48.432] [main/DEBUG] [net.minecraftforge.fml.javafmlmod.FMLJavaModLanguageProvider/LOADING]: Loading FMLModContainer from classloader cpw.mods.modlauncher.TransformingClassLoader@498c535d - got cpw.mods.cl.ModuleClassLoader@4930539b
[10Aug2026 03:02:48.432] [main/DEBUG] [net.minecraftforge.fml.javafmlmod.FMLModContainer/LOADING]: Creating FMLModContainer instance for team.creative.creativecore.CreativeCore
[10Aug2026 03:02:48.432] [main/DEBUG] [net.minecraftforge.fml.javafmlmod.FMLJavaModLanguageProvider/LOADING]: Loading FMLModContainer from classloader cpw.mods.modlauncher.TransformingClassLoader@498c535d - got cpw.mods.cl.ModuleClassLoader@4930539b
[10Aug2026 03:02:48.432] [main/DEBUG] [net.minecraftforge.fml.javafmlmod.FMLModContainer/LOADING]: Creating FMLModContainer instance for org.popcraft.chunky.ChunkyForge
[10Aug2026 03:02:48.433] [main/DEBUG] [net.minecraftforge.fml.javafmlmod.FMLJavaModLanguageProvider/LOADING]: Loading FMLModContainer from classloader cpw.mods.modlauncher.TransformingClassLoader@498c535d - got cpw.mods.cl.ModuleClassLoader@4930539b
[10Aug2026 03:02:48.433] [main/DEBUG] [net.minecraftforge.fml.javafmlmod.FMLModContainer/LOADING]: Creating FMLModContainer instance for com.illusivesoulworks.spectrelib.SpectreForgeMod
[10Aug2026 03:02:48.434] [main/DEBUG] [net.minecraftforge.fml.javafmlmod.FMLJavaModLanguageProvider/LOADING]: Loading FMLModContainer from classloader cpw.mods.modlauncher.TransformingClassLoader@498c535d - got cpw.mods.cl.ModuleClassLoader@4930539b
[10Aug2026 03:02:48.434] [main/DEBUG] [net.minecraftforge.fml.javafmlmod.FMLModContainer/LOADING]: Creating FMLModContainer instance for com.supermartijn642.core.CoreLib
[10Aug2026 03:02:48.435] [main/DEBUG] [net.minecraftforge.fml.javafmlmod.FMLJavaModLanguageProvider/LOADING]: Loading FMLModContainer from classloader cpw.mods.modlauncher.TransformingClassLoader@498c535d - got cpw.mods.cl.ModuleClassLoader@4930539b
[10Aug2026 03:02:48.435] [main/DEBUG] [net.minecraftforge.fml.javafmlmod.FMLModContainer/LOADING]: Creating FMLModContainer instance for com.github.L_Ender.lionfishapi.LionfishAPI
[10Aug2026 03:02:48.436] [main/DEBUG] [thedarkcolour.kotlinforforge.LoggerKt/LOADING]: Loading KotlinModContainer from classloader cpw.mods.modlauncher.TransformingClassLoader@498c535d - got cpw.mods.cl.ModuleClassLoader@4930539b}
[10Aug2026 03:02:48.437] [main/DEBUG] [thedarkcolour.kotlinforforge.LoggerKt/LOADING]: Creating KotlinModContainer instance for thedarkcolour.kotlinforforge.test.KotlinForForge
[10Aug2026 03:02:48.439] [main/DEBUG] [net.minecraftforge.fml.javafmlmod.FMLJavaModLanguageProvider/LOADING]: Loading FMLModContainer from classloader cpw.mods.modlauncher.TransformingClassLoader@498c535d - got cpw.mods.cl.ModuleClassLoader@4930539b
[10Aug2026 03:02:48.439] [main/DEBUG] [net.minecraftforge.fml.javafmlmod.FMLModContainer/LOADING]: Creating FMLModContainer instance for com.github.L_Ender.cataclysm.Cataclysm
[10Aug2026 03:02:48.440] [main/DEBUG] [net.minecraftforge.fml.javafmlmod.FMLJavaModLanguageProvider/LOADING]: Loading FMLModContainer from classloader cpw.mods.modlauncher.TransformingClassLoader@498c535d - got cpw.mods.cl.ModuleClassLoader@4930539b
[10Aug2026 03:02:48.440] [main/DEBUG] [net.minecraftforge.fml.javafmlmod.FMLModContainer/LOADING]: Creating FMLModContainer instance for top.theillusivec4.curios.Curios
[10Aug2026 03:02:48.442] [main/DEBUG] [net.minecraftforge.fml.javafmlmod.FMLJavaModLanguageProvider/LOADING]: Loading FMLModContainer from classloader cpw.mods.modlauncher.TransformingClassLoader@498c535d - got cpw.mods.cl.ModuleClassLoader@4930539b
[10Aug2026 03:02:48.442] [main/DEBUG] [net.minecraftforge.fml.javafmlmod.FMLModContainer/LOADING]: Creating FMLModContainer instance for vazkii.patchouli.forge.common.ForgeModInitializer
[10Aug2026 03:02:48.442] [main/DEBUG] [net.minecraftforge.fml.javafmlmod.FMLJavaModLanguageProvider/LOADING]: Loading FMLModContainer from classloader cpw.mods.modlauncher.TransformingClassLoader@498c535d - got cpw.mods.cl.ModuleClassLoader@4930539b
[10Aug2026 03:02:48.443] [main/DEBUG] [net.minecraftforge.fml.javafmlmod.FMLModContainer/LOADING]: Creating FMLModContainer instance for xaero.minimap.XaeroMinimapForge
[10Aug2026 03:02:48.446] [main/DEBUG] [net.minecraftforge.fml.javafmlmod.FMLJavaModLanguageProvider/LOADING]: Loading FMLModContainer from classloader cpw.mods.modlauncher.TransformingClassLoader@498c535d - got cpw.mods.cl.ModuleClassLoader@4930539b
[10Aug2026 03:02:48.446] [main/DEBUG] [net.minecraftforge.fml.javafmlmod.FMLModContainer/LOADING]: Creating FMLModContainer instance for fionathemortal.betterbiomeblend.forge.BetterBiomeBlendForge
[10Aug2026 03:02:48.446] [main/DEBUG] [net.minecraftforge.fml.javafmlmod.FMLJavaModLanguageProvider/LOADING]: Loading FMLModContainer from classloader cpw.mods.modlauncher.TransformingClassLoader@498c535d - got cpw.mods.cl.ModuleClassLoader@4930539b
[10Aug2026 03:02:48.446] [main/DEBUG] [net.minecraftforge.fml.javafmlmod.FMLModContainer/LOADING]: Creating FMLModContainer instance for com.illusivesoulworks.polymorph.PolymorphForgeMod
[10Aug2026 03:02:48.447] [main/DEBUG] [net.minecraftforge.fml.javafmlmod.FMLJavaModLanguageProvider/LOADING]: Loading FMLModContainer from classloader cpw.mods.modlauncher.TransformingClassLoader@498c535d - got cpw.mods.cl.ModuleClassLoader@4930539b
[10Aug2026 03:02:48.447] [main/DEBUG] [net.minecraftforge.fml.javafmlmod.FMLModContainer/LOADING]: Creating FMLModContainer instance for net.geforcemods.securitycraft.SecurityCraft
[10Aug2026 03:02:48.449] [main/DEBUG] [net.minecraftforge.fml.lowcodemod.LowCodeModLanguageProvider.LowCodeModTarget/LOADING]: Loading LowCodeModContainer from classloader cpw.mods.modlauncher.TransformingClassLoader@498c535d - got cpw.mods.cl.ModuleClassLoader@4930539b
[10Aug2026 03:02:48.449] [main/DEBUG] [net.minecraftforge.fml.lowcodemod.LowCodeModContainer/LOADING]: Creating LowCodeModContainer for mr_dungeons_andtaverns
[10Aug2026 03:02:48.449] [main/DEBUG] [net.minecraftforge.fml.javafmlmod.FMLJavaModLanguageProvider/LOADING]: Loading FMLModContainer from classloader cpw.mods.modlauncher.TransformingClassLoader@498c535d - got cpw.mods.cl.ModuleClassLoader@4930539b
[10Aug2026 03:02:48.449] [main/DEBUG] [net.minecraftforge.fml.javafmlmod.FMLModContainer/LOADING]: Creating FMLModContainer instance for dev.tr7zw.entityculling.EntityCullingBootstrap
[10Aug2026 03:02:48.450] [main/DEBUG] [net.minecraftforge.fml.javafmlmod.FMLJavaModLanguageProvider/LOADING]: Loading FMLModContainer from classloader cpw.mods.modlauncher.TransformingClassLoader@498c535d - got cpw.mods.cl.ModuleClassLoader@4930539b
[10Aug2026 03:02:48.450] [main/DEBUG] [net.minecraftforge.fml.javafmlmod.FMLModContainer/LOADING]: Creating FMLModContainer instance for ovh.corail.tombstone.ModTombstone
[10Aug2026 03:02:48.450] [main/DEBUG] [net.minecraftforge.fml.javafmlmod.FMLJavaModLanguageProvider/LOADING]: Loading FMLModContainer from classloader cpw.mods.modlauncher.TransformingClassLoader@498c535d - got cpw.mods.cl.ModuleClassLoader@4930539b
[10Aug2026 03:02:48.450] [main/DEBUG] [net.minecraftforge.fml.javafmlmod.FMLModContainer/LOADING]: Creating FMLModContainer instance for net.raphimc.immediatelyfast.forge.ImmediatelyFastForge
[10Aug2026 03:02:48.451] [main/DEBUG] [net.minecraftforge.fml.javafmlmod.FMLJavaModLanguageProvider/LOADING]: Loading FMLModContainer from classloader cpw.mods.modlauncher.TransformingClassLoader@498c535d - got cpw.mods.cl.ModuleClassLoader@4930539b
[10Aug2026 03:02:48.451] [main/DEBUG] [net.minecraftforge.fml.javafmlmod.FMLModContainer/LOADING]: Creating FMLModContainer instance for com.corosus.coroutil.loader.forge.ConfigModForge
[10Aug2026 03:02:48.452] [main/DEBUG] [net.minecraftforge.fml.javafmlmod.FMLJavaModLanguageProvider/LOADING]: Loading FMLModContainer from classloader cpw.mods.modlauncher.TransformingClassLoader@498c535d - got cpw.mods.cl.ModuleClassLoader@4930539b
[10Aug2026 03:02:48.452] [main/DEBUG] [net.minecraftforge.fml.javafmlmod.FMLModContainer/LOADING]: Creating FMLModContainer instance for dev.shadowsoffire.fastfurnace.FastFurnace
[10Aug2026 03:02:48.452] [main/DEBUG] [net.minecraftforge.fml.javafmlmod.FMLJavaModLanguageProvider/LOADING]: Loading FMLModContainer from classloader cpw.mods.modlauncher.TransformingClassLoader@498c535d - got cpw.mods.cl.ModuleClassLoader@4930539b
[10Aug2026 03:02:48.452] [main/DEBUG] [net.minecraftforge.fml.javafmlmod.FMLModContainer/LOADING]: Creating FMLModContainer instance for dev.architectury.forge.ArchitecturyForge
[10Aug2026 03:02:48.453] [main/DEBUG] [net.minecraftforge.fml.javafmlmod.FMLJavaModLanguageProvider/LOADING]: Loading FMLModContainer from classloader cpw.mods.modlauncher.TransformingClassLoader@498c535d - got cpw.mods.cl.ModuleClassLoader@4930539b
[10Aug2026 03:02:48.453] [main/DEBUG] [net.minecraftforge.fml.javafmlmod.FMLModContainer/LOADING]: Creating FMLModContainer instance for me.edoren.skin_changer.forge.SkinChangerForge
[10Aug2026 03:02:48.453] [main/DEBUG] [net.minecraftforge.fml.javafmlmod.FMLJavaModLanguageProvider/LOADING]: Loading FMLModContainer from classloader cpw.mods.modlauncher.TransformingClassLoader@498c535d - got cpw.mods.cl.ModuleClassLoader@4930539b
[10Aug2026 03:02:48.453] [main/DEBUG] [net.minecraftforge.fml.javafmlmod.FMLModContainer/LOADING]: Creating FMLModContainer instance for malte0811.ferritecore.ModMainForge
[10Aug2026 03:02:48.454] [main/DEBUG] [net.minecraftforge.fml.javafmlmod.FMLJavaModLanguageProvider/LOADING]: Loading FMLModContainer from classloader cpw.mods.modlauncher.TransformingClassLoader@498c535d - got cpw.mods.cl.ModuleClassLoader@4930539b
[10Aug2026 03:02:48.454] [main/DEBUG] [net.minecraftforge.fml.javafmlmod.FMLModContainer/LOADING]: Creating FMLModContainer instance for com.cupboard.Cupboard
[10Aug2026 03:02:48.454] [main/DEBUG] [net.minecraftforge.fml.javafmlmod.FMLJavaModLanguageProvider/LOADING]: Loading FMLModContainer from classloader cpw.mods.modlauncher.TransformingClassLoader@498c535d - got cpw.mods.cl.ModuleClassLoader@4930539b
[10Aug2026 03:02:48.454] [main/DEBUG] [net.minecraftforge.fml.javafmlmod.FMLModContainer/LOADING]: Creating FMLModContainer instance for dev.tr7zw.transition.TRansitionBootstrap
[10Aug2026 03:02:48.454] [main/DEBUG] [net.minecraftforge.fml.javafmlmod.FMLJavaModLanguageProvider/LOADING]: Loading FMLModContainer from classloader cpw.mods.modlauncher.TransformingClassLoader@498c535d - got cpw.mods.cl.ModuleClassLoader@4930539b
[10Aug2026 03:02:48.454] [main/DEBUG] [net.minecraftforge.fml.javafmlmod.FMLModContainer/LOADING]: Creating FMLModContainer instance for com.mrcrayfish.furniture.refurbished.FurnitureMod
[10Aug2026 03:02:48.455] [main/DEBUG] [net.minecraftforge.fml.javafmlmod.FMLJavaModLanguageProvider/LOADING]: Loading FMLModContainer from classloader cpw.mods.modlauncher.TransformingClassLoader@498c535d - got cpw.mods.cl.ModuleClassLoader@4930539b
[10Aug2026 03:02:48.455] [main/DEBUG] [net.minecraftforge.fml.javafmlmod.FMLModContainer/LOADING]: Creating FMLModContainer instance for fuzs.puzzleslib.impl.PuzzlesLibForge
[10Aug2026 03:02:48.455] [main/DEBUG] [net.minecraftforge.fml.javafmlmod.FMLJavaModLanguageProvider/LOADING]: Loading FMLModContainer from classloader cpw.mods.modlauncher.TransformingClassLoader@498c535d - got cpw.mods.cl.ModuleClassLoader@4930539b
[10Aug2026 03:02:48.456] [main/DEBUG] [net.minecraftforge.fml.javafmlmod.FMLModContainer/LOADING]: Creating FMLModContainer instance for org.admany.quantified.core.forge.QuantifiedCoreForge
[10Aug2026 03:02:48.456] [main/DEBUG] [net.minecraftforge.fml.javafmlmod.FMLJavaModLanguageProvider/LOADING]: Loading FMLModContainer from classloader cpw.mods.modlauncher.TransformingClassLoader@498c535d - got cpw.mods.cl.ModuleClassLoader@4930539b
[10Aug2026 03:02:48.456] [main/DEBUG] [net.minecraftforge.fml.javafmlmod.FMLModContainer/LOADING]: Creating FMLModContainer instance for com.mrcrayfish.framework.FrameworkForge
[10Aug2026 03:02:48.457] [main/DEBUG] [net.minecraftforge.fml.javafmlmod.FMLJavaModLanguageProvider/LOADING]: Loading FMLModContainer from classloader cpw.mods.modlauncher.TransformingClassLoader@498c535d - got cpw.mods.cl.ModuleClassLoader@4930539b
[10Aug2026 03:02:48.457] [main/DEBUG] [net.minecraftforge.fml.javafmlmod.FMLModContainer/LOADING]: Creating FMLModContainer instance for be.florens.expandability.forge.ExpandAbilityForge
[10Aug2026 03:02:48.552] [modloading-worker-0/DEBUG] [net.minecraftforge.fml.javafmlmod.AutomaticEventSubscriber/LOADING]: Attempting to inject @EventBusSubscriber classes into the eventbus for kuma_api
[10Aug2026 03:02:48.557] [modloading-worker-0/DEBUG] [net.minecraftforge.fml.javafmlmod.AutomaticEventSubscriber/LOADING]: Attempting to inject @EventBusSubscriber classes into the eventbus for playeranimator
[10Aug2026 03:02:48.557] [modloading-worker-0/DEBUG] [net.minecraftforge.fml.javafmlmod.AutomaticEventSubscriber/LOADING]: Attempting to inject @EventBusSubscriber classes into the eventbus for supermartijn642configlib
[10Aug2026 03:02:48.570] [modloading-worker-0/DEBUG] [xaero.lib.XaeroLib/]: Loaded xaero.lib.platform.services.PlatformHelperForge@4f27dc82 for service interface xaero.lib.platform.services.IPlatformHelper
[10Aug2026 03:02:48.580] [modloading-worker-0/DEBUG] [net.minecraftforge.fml.config.ConfigTracker/CONFIG]: Config file jei-server.toml for jei tracking
[10Aug2026 03:02:48.580] [modloading-worker-0/DEBUG] [net.minecraftforge.fml.javafmlmod.AutomaticEventSubscriber/LOADING]: Attempting to inject @EventBusSubscriber classes into the eventbus for geckolib
[10Aug2026 03:02:48.588] [modloading-worker-0/DEBUG] [net.minecraftforge.fml.javafmlmod.AutomaticEventSubscriber/LOADING]: Auto-subscribing software.bernie.example.GeckoLibMod to FORGE
[10Aug2026 03:02:48.591] [modloading-worker-0/DEBUG] [net.minecraftforge.fml.javafmlmod.AutomaticEventSubscriber/LOADING]: Attempting to inject @EventBusSubscriber classes into the eventbus for jei
[10Aug2026 03:02:48.592] [modloading-worker-0/DEBUG] [net.minecraftforge.fml.javafmlmod.AutomaticEventSubscriber/LOADING]: Auto-subscribing software.bernie.example.CommonListener to MOD
[10Aug2026 03:02:48.597] [modloading-worker-0/DEBUG] [net.minecraftforge.fml.javafmlmod.AutomaticEventSubscriber/LOADING]: Attempting to inject @EventBusSubscriber classes into the eventbus for trender
[10Aug2026 03:02:48.608] [modloading-worker-0/DEBUG] [net.minecraftforge.fml.config.ConfigTracker/CONFIG]: Config file sophisticatedcore-common.toml for sophisticatedcore tracking
[10Aug2026 03:02:48.612] [modloading-worker-0/DEBUG] [net.minecraftforge.fml.config.ConfigTracker/CONFIG]: Config file sophisticatedcore-client.toml for sophisticatedcore tracking
[10Aug2026 03:02:48.622] [modloading-worker-0/DEBUG] [mixin/]: Mixing ServerResourcesMixin from placebo.mixins.json into net.minecraft.server.ReloadableServerResources
[10Aug2026 03:02:48.623] [modloading-worker-0/DEBUG] [mixin/]: Mixing ReloadableServerResourcesMixin from balm.mixins.json into net.minecraft.server.ReloadableServerResources
[10Aug2026 03:02:48.623] [modloading-worker-0/DEBUG] [mixin/]: Renaming synthetic method lambda$loadResources$0(Lnet/minecraft/server/ReloadableServerResources;)V to mdff13ee$lambda$loadResources$0$0 in balm.mixins.json:ReloadableServerResourcesMixin
[10Aug2026 03:02:48.623] [modloading-worker-0/DEBUG] [mixin/]: Mixing ReloadableServerResourcesMixin from blueprint.mixins.json into net.minecraft.server.ReloadableServerResources
[10Aug2026 03:02:48.624] [modloading-worker-0/DEBUG] [mixin/]: Mixing ReloadableServerResourcesMixin from moonlight-common.mixins.json into net.minecraft.server.ReloadableServerResources
[10Aug2026 03:02:48.640] [modloading-worker-0/DEBUG] [mixin/]: Mixing MixinPlayerList from xaerolib.mixins.json into net.minecraft.server.players.PlayerList
[10Aug2026 03:02:48.641] [modloading-worker-0/DEBUG] [mixin/]: Mixing MixinPlayerList from xaeroworldmap.mixins.json into net.minecraft.server.players.PlayerList
[10Aug2026 03:02:48.642] [modloading-worker-0/DEBUG] [mixin/]: Mixing perf.smart_ingredient_sync.PlayerListMixin from modernfix-modernfix.mixins.json into net.minecraft.server.players.PlayerList
[10Aug2026 03:02:48.643] [modloading-worker-0/DEBUG] [mixin/]: Mixing PlayerListMixin from balm.mixins.json into net.minecraft.server.players.PlayerList
[10Aug2026 03:02:48.643] [modloading-worker-0/DEBUG] [mixin/]: Mixing PlayerListMixin from endergetic.mixins.json into net.minecraft.server.players.PlayerList
[10Aug2026 03:02:48.644] [modloading-worker-0/DEBUG] [mixin/]: Renaming synthetic method lambda$spawnBalloons$1(Lnet/minecraft/world/entity/Entity;)Lnet/minecraft/world/entity/Entity; to mdff13ee$lambda$spawnBalloons$1$0 in endergetic.mixins.json:PlayerListMixin
[10Aug2026 03:02:48.644] [modloading-worker-0/DEBUG] [mixin/]: Renaming synthetic method lambda$spawnBalloons$0(Lnet/minecraft/server/level/ServerLevel;Lnet/minecraft/world/entity/Entity;)Lnet/minecraft/world/entity/Entity; to mdff13ee$lambda$spawnBalloons$0$1 in endergetic.mixins.json:PlayerListMixin
[10Aug2026 03:02:48.647] [modloading-worker-0/DEBUG] [mixin/]: Mixing MixinPlayerList from xaerohud.mixins.json into net.minecraft.server.players.PlayerList
[10Aug2026 03:02:48.647] [modloading-worker-0/DEBUG] [mixin/]: Mixing camera.PlayerListMixin from securitycraft.mixins.json into net.minecraft.server.players.PlayerList
[10Aug2026 03:02:48.658] [modloading-worker-0/INFO] [xaero.lib.XaeroLib/]: Registering common data for channel xaerolib:main!
[10Aug2026 03:02:48.668] [modloading-worker-0/DEBUG] [mixin/]: Mixing MixinRecipeManager from polymorph.mixins.json into net.minecraft.world.item.crafting.RecipeManager
[10Aug2026 03:02:48.668] [modloading-worker-0/DEBUG] [mixin/]: Renaming synthetic method lambda$polymorph$getRecipe$1(Lorg/spongepowered/asm/mixin/injection/callback/CallbackInfoReturnable;Lnet/minecraft/world/item/crafting/Recipe;)V to mdff13ee$lambda$polymorph$getRecipe$1$0 in polymorph.mixins.json:MixinRecipeManager
[10Aug2026 03:02:48.668] [modloading-worker-0/DEBUG] [mixin/]: Renaming synthetic method lambda$polymorph$getRecipe$0(Lorg/spongepowered/asm/mixin/injection/callback/CallbackInfoReturnable;Lnet/minecraft/resources/ResourceLocation;Lnet/minecraft/world/item/crafting/Recipe;)V to mdff13ee$lambda$polymorph$getRecipe$0$1 in polymorph.mixins.json:MixinRecipeManager
[10Aug2026 03:02:48.669] [modloading-worker-0/DEBUG] [mixin/]: Mixing perf.datapack_reload_exceptions.RecipeManagerMixin from modernfix-modernfix.mixins.json into net.minecraft.world.item.crafting.RecipeManager
[10Aug2026 03:02:48.673] [modloading-worker-0/DEBUG] [mixin/]: Mixing SimpleJsonResourceReloadListenerMixin from blueprint.mixins.json into net.minecraft.server.packs.resources.SimpleJsonResourceReloadListener
[10Aug2026 03:02:48.679] [modloading-worker-0/DEBUG] [mixin/]: Mixing ConditionHackMixin from moonlight.mixins.json into net.minecraft.server.packs.resources.SimplePreparableReloadListener
[10Aug2026 03:02:48.688] [modloading-worker-0/INFO] [xaero.lib.XaeroLib/]: Loading primary common config for channel xaerolib:main!
[10Aug2026 03:02:48.691] [modloading-worker-0/DEBUG] [mixin/]: Mixing MixinLevelEvent from architectury.mixins.json into net.minecraftforge.event.level.LevelEvent
[10Aug2026 03:02:48.696] [modloading-worker-0/DEBUG] [mixin/]: Mixing AccessorInventoryMenu from polymorph.mixins.json into net.minecraft.world.inventory.InventoryMenu
[10Aug2026 03:02:48.696] [modloading-worker-0/INFO] [xaero.lib.XaeroLib/]: Loading server config profiles for channel xaerolib:main!
[10Aug2026 03:02:48.719] [modloading-worker-0/DEBUG] [net.minecraftforge.fml.javafmlmod.AutomaticEventSubscriber/LOADING]: Attempting to inject @EventBusSubscriber classes into the eventbus for xaerolib
[10Aug2026 03:02:48.720] [modloading-worker-0/DEBUG] [net.minecraftforge.fml.javafmlmod.AutomaticEventSubscriber/LOADING]: Attempting to inject @EventBusSubscriber classes into the eventbus for sophisticatedcore
[10Aug2026 03:02:48.759] [modloading-worker-0/DEBUG] [net.minecraftforge.fml.config.ConfigTracker/CONFIG]: Config file ntgl-client.toml for ntgl tracking
[10Aug2026 03:02:48.760] [modloading-worker-0/DEBUG] [net.minecraftforge.fml.config.ConfigTracker/CONFIG]: Config file ntgl-common.toml for ntgl tracking
[10Aug2026 03:02:48.760] [modloading-worker-0/DEBUG] [net.minecraftforge.fml.config.ConfigTracker/CONFIG]: Config file ntgl-server.toml for ntgl tracking
[10Aug2026 03:02:48.761] [modloading-worker-0/INFO] [net.blay09.mods.balm.forge.config.ForgeBalmConfig/]: Registering config for trashslot:common (COMMON) with 5 properties.
[10Aug2026 03:02:48.765] [modloading-worker-0/DEBUG] [net.minecraftforge.fml.config.ConfigTracker/CONFIG]: Config file trashslot-common.toml for trashslot tracking
[10Aug2026 03:02:48.775] [modloading-worker-0/INFO] [net.blay09.mods.balm.forge.config.ForgeBalmConfig/]: Registering config for waystones:common (COMMON) with 46 properties.
[10Aug2026 03:02:48.778] [modloading-worker-0/DEBUG] [net.minecraftforge.fml.config.ConfigTracker/CONFIG]: Config file waystones-common.toml for waystones tracking
[10Aug2026 03:02:48.796] [modloading-worker-0/DEBUG] [net.minecraftforge.fml.javafmlmod.AutomaticEventSubscriber/LOADING]: Attempting to inject @EventBusSubscriber classes into the eventbus for trashslot
[10Aug2026 03:02:48.798] [modloading-worker-0/DEBUG] [net.minecraftforge.fml.javafmlmod.AutomaticEventSubscriber/LOADING]: Attempting to inject @EventBusSubscriber classes into the eventbus for structureessentials
[10Aug2026 03:02:48.799] [modloading-worker-0/DEBUG] [net.minecraftforge.fml.javafmlmod.AutomaticEventSubscriber/LOADING]: Attempting to inject @EventBusSubscriber classes into the eventbus for clumps
[10Aug2026 03:02:48.802] [modloading-worker-0/DEBUG] [net.minecraftforge.fml.javafmlmod.AutomaticEventSubscriber/LOADING]: Attempting to inject @EventBusSubscriber classes into the eventbus for stalwart_dungeons
[10Aug2026 03:02:48.802] [modloading-worker-0/DEBUG] [net.minecraftforge.fml.javafmlmod.AutomaticEventSubscriber/LOADING]: Auto-subscribing net.mcreator.stalwartdungeons.procedures.ShulkerCannonShootProcedure to FORGE
[10Aug2026 03:02:48.804] [modloading-worker-0/DEBUG] [net.minecraftforge.fml.javafmlmod.AutomaticEventSubscriber/LOADING]: Auto-subscribing net.mcreator.stalwartdungeons.procedures.SdShieldPrProcedure to FORGE
[10Aug2026 03:02:48.806] [modloading-worker-0/DEBUG] [net.minecraftforge.fml.javafmlmod.AutomaticEventSubscriber/LOADING]: Auto-subscribing net.mcreator.stalwartdungeons.init.StalwartDungeonsModTabs to MOD
[10Aug2026 03:02:48.809] [modloading-worker-0/DEBUG] [net.minecraftforge.fml.javafmlmod.AutomaticEventSubscriber/LOADING]: Auto-subscribing net.mcreator.stalwartdungeons.init.StalwartDungeonsModFeatures to FORGE
[10Aug2026 03:02:48.809] [modloading-worker-0/DEBUG] [net.minecraftforge.fml.javafmlmod.AutomaticEventSubscriber/LOADING]: Auto-subscribing net.mcreator.stalwartdungeons.init.StalwartDungeonsModEntities to MOD
[10Aug2026 03:02:48.815] [modloading-worker-0/DEBUG] [xaero.map.WorldMap/]: Loaded xaero.map.platform.services.ForgePlatformHelper@22148d28 for service interface xaero.map.platform.services.IPlatformHelper
[10Aug2026 03:02:48.817] [modloading-worker-0/DEBUG] [net.minecraftforge.fml.javafmlmod.AutomaticEventSubscriber/LOADING]: Attempting to inject @EventBusSubscriber classes into the eventbus for placebo
[10Aug2026 03:02:48.817] [modloading-worker-0/DEBUG] [net.minecraftforge.fml.javafmlmod.AutomaticEventSubscriber/LOADING]: Auto-subscribing dev.shadowsoffire.placebo.util.PlaceboTaskQueue to FORGE
[10Aug2026 03:02:48.817] [modloading-worker-0/INFO] [xaero.map.WorldMap/]: Registering common data for channel xaeroworldmap:main!
[10Aug2026 03:02:48.853] [modloading-worker-0/DEBUG] [net.minecraftforge.fml.config.ConfigTracker/CONFIG]: Config file modernfix-common.toml for modernfix tracking
[10Aug2026 03:02:48.868] [modloading-worker-0/INFO] [xaero.map.WorldMap/]: Loading primary common config for channel xaeroworldmap:main!
[10Aug2026 03:02:48.871] [modloading-worker-0/DEBUG] [ModernFix/]: Removed 2 unneeded annotations from file kuma-api-forge-20.1.12+1.20.1.jar
[10Aug2026 03:02:48.871] [modloading-worker-0/INFO] [xaero.map.WorldMap/]: Loading server config profiles for channel xaeroworldmap:main!
[10Aug2026 03:02:48.875] [modloading-worker-0/DEBUG] [ModernFix/]: Removed 2 unneeded annotations from file trashslot-forge-1.20.1-15.1.5.jar
[10Aug2026 03:02:48.877] [modloading-worker-0/DEBUG] [ModernFix/]: Removed 194 unneeded annotations from file geckolib-forge-1.20.1-4.8.4.jar
[10Aug2026 03:02:48.879] [modloading-worker-0/DEBUG] [ModernFix/]: Removed 178 unneeded annotations from file player-animation-lib-forge-1.0.2-rc1+1.20.jar
[10Aug2026 03:02:48.881] [modloading-worker-0/DEBUG] [net.minecraftforge.fml.javafmlmod.AutomaticEventSubscriber/LOADING]: Attempting to inject @EventBusSubscriber classes into the eventbus for waystones
[10Aug2026 03:02:48.886] [modloading-worker-0/DEBUG] [ModernFix/]: Removed 316 unneeded annotations from file jei-1.20.1-forge-15.20.0.112.jar
[10Aug2026 03:02:48.889] [modloading-worker-0/DEBUG] [net.minecraftforge.fml.javafmlmod.AutomaticEventSubscriber/LOADING]: Attempting to inject @EventBusSubscriber classes into the eventbus for xaeroworldmap
[10Aug2026 03:02:48.899] [modloading-worker-0/DEBUG] [ModernFix/]: Removed 18 unneeded annotations from file xaerolib-forge-1.20.1-1.7.1.jar
[10Aug2026 03:02:48.904] [modloading-worker-0/DEBUG] [ModernFix/]: Removed 92 unneeded annotations from file TRender-1.0.15-1.20.1-forge-SNAPSHOT.jar
[10Aug2026 03:02:48.906] [modloading-worker-0/DEBUG] [ModernFix/]: Removed 21 unneeded annotations from file stalwart-dungeons-1.20.1-1.2.8.jar
[10Aug2026 03:02:48.910] [modloading-worker-0/DEBUG] [net.minecraftforge.fml.config.ConfigTracker/CONFIG]: Config file citadel-common.toml for citadel tracking
[10Aug2026 03:02:48.911] [modloading-worker-0/DEBUG] [ModernFix/]: Removed 190 unneeded annotations from file sophisticatedcore-1.20.1-1.3.74.2216.jar
[10Aug2026 03:02:48.916] [modloading-worker-0/DEBUG] [net.minecraftforge.fml.javafmlmod.AutomaticEventSubscriber/LOADING]: Attempting to inject @EventBusSubscriber classes into the eventbus for citadel
[10Aug2026 03:02:48.916] [modloading-worker-0/DEBUG] [net.minecraftforge.fml.javafmlmod.AutomaticEventSubscriber/LOADING]: Auto-subscribing com.github.alexthe666.citadel.ServerProxy to MOD
[10Aug2026 03:02:48.923] [modloading-worker-0/DEBUG] [net.minecraftforge.fml.config.ConfigTracker/CONFIG]: Config file naturescompass-common.toml for naturescompass tracking
[10Aug2026 03:02:48.926] [modloading-worker-0/DEBUG] [net.minecraftforge.fml.config.ConfigTracker/CONFIG]: Config file naturescompass-client.toml for naturescompass tracking
[10Aug2026 03:02:48.926] [modloading-worker-0/DEBUG] [net.minecraftforge.fml.javafmlmod.AutomaticEventSubscriber/LOADING]: Attempting to inject @EventBusSubscriber classes into the eventbus for naturescompass
[10Aug2026 03:02:48.926] [modloading-worker-0/DEBUG] [net.minecraftforge.fml.javafmlmod.AutomaticEventSubscriber/LOADING]: Auto-subscribing com.chaosthedude.naturescompass.registry.NaturesCompassRegistry to MOD
[10Aug2026 03:02:48.929] [modloading-worker-0/DEBUG] [ModernFix/]: Removed 342 unneeded annotations from file ntgl-1.20.1-3.1.2.jar
[10Aug2026 03:02:48.935] [modloading-worker-0/DEBUG] [ModernFix/]: Removed 54 unneeded annotations from file waystones-forge-1.20.1-14.1.20.jar
[10Aug2026 03:02:48.940] [modloading-worker-0/DEBUG] [ModernFix/]: Removed 93 unneeded annotations from file structureessentials-1.20.1-5.0.jar
[10Aug2026 03:02:48.936] [modloading-worker-0/DEBUG] [net.minecraftforge.fml.javafmlmod.AutomaticEventSubscriber/LOADING]: Attempting to inject @EventBusSubscriber classes into the eventbus for ntgl
[10Aug2026 03:02:48.942] [modloading-worker-0/DEBUG] [net.minecraftforge.fml.javafmlmod.AutomaticEventSubscriber/LOADING]: Auto-subscribing com.nukateam.ntgl.modules.gunpack.resource.NTGLPackManager to MOD
[10Aug2026 03:02:48.943] [modloading-worker-0/DEBUG] [ModernFix/]: Removed 32 unneeded annotations from file Clumps-forge-1.20.1-12.0.0.4.jar
[10Aug2026 03:02:48.944] [modloading-worker-0/DEBUG] [ModernFix/]: Removed 50 unneeded annotations from file xaeroworldmap-forge-1.20.1-1.44.2.jar
[10Aug2026 03:02:48.946] [modloading-worker-0/DEBUG] [ModernFix/]: Removed 46 unneeded annotations from file Placebo-1.20.1-8.6.3.jar
[10Aug2026 03:02:48.949] [modloading-worker-0/DEBUG] [net.minecraftforge.fml.javafmlmod.AutomaticEventSubscriber/LOADING]: Auto-subscribing com.nukateam.ntgl.modules.gunpack.data.GunRegisterer to MOD
[10Aug2026 03:02:48.950] [modloading-worker-0/DEBUG] [net.minecraftforge.fml.javafmlmod.AutomaticEventSubscriber/LOADING]: Auto-subscribing com.nukateam.ntgl.modules.datapack.managers.NetworkWeaponManager to FORGE
[10Aug2026 03:02:48.950] [modloading-worker-0/DEBUG] [ModernFix/]: Removed 1139 unneeded annotations from file modernfix-forge-5.27.66+mc1.20.1.jar
[10Aug2026 03:02:48.955] [modloading-worker-0/DEBUG] [net.minecraftforge.fml.javafmlmod.AutomaticEventSubscriber/LOADING]: Auto-subscribing com.nukateam.ntgl.modules.datapack.managers.NetworkEquipmentManager to FORGE
[10Aug2026 03:02:48.956] [modloading-worker-0/DEBUG] [net.minecraftforge.fml.javafmlmod.AutomaticEventSubscriber/LOADING]: Auto-subscribing com.nukateam.ntgl.modules.datapack.managers.NetworkChassisManager to FORGE
[10Aug2026 03:02:48.957] [modloading-worker-0/DEBUG] [ModernFix/]: Removed 188 unneeded annotations from file citadel-2.6.3-1.20.1.jar
[10Aug2026 03:02:48.960] [modloading-worker-0/DEBUG] [net.minecraftforge.fml.javafmlmod.AutomaticEventSubscriber/LOADING]: Auto-subscribing com.nukateam.ntgl.modules.datapack.handlers.NetworkManagerHandler to FORGE
[10Aug2026 03:02:48.965] [modloading-worker-0/DEBUG] [net.minecraftforge.fml.javafmlmod.AutomaticEventSubscriber/LOADING]: Auto-subscribing com.nukateam.ntgl.modules.data.DataKeyManager to FORGE
[10Aug2026 03:02:48.966] [modloading-worker-0/DEBUG] [net.minecraftforge.fml.javafmlmod.AutomaticEventSubscriber/LOADING]: Auto-subscribing com.nukateam.ntgl.common.util.util.DelayedTask to FORGE
[10Aug2026 03:02:48.968] [modloading-worker-0/DEBUG] [net.minecraftforge.fml.javafmlmod.AutomaticEventSubscriber/LOADING]: Auto-subscribing com.nukateam.ntgl.common.util.trackers.ThrowingTracker to FORGE
[10Aug2026 03:02:48.972] [modloading-worker-0/DEBUG] [ModernFix/]: Removed 448 unneeded annotations from file alexsmobs-1.22.9.jar
[10Aug2026 03:02:48.974] [modloading-worker-0/DEBUG] [net.minecraftforge.fml.javafmlmod.AutomaticEventSubscriber/LOADING]: Auto-subscribing com.nukateam.ntgl.common.util.trackers.SpreadTracker to FORGE
[10Aug2026 03:02:48.980] [modloading-worker-0/DEBUG] [net.minecraftforge.fml.javafmlmod.AutomaticEventSubscriber/LOADING]: Auto-subscribing com.nukateam.ntgl.common.util.trackers.ReloadTracker to FORGE
[10Aug2026 03:02:48.983] [modloading-worker-0/DEBUG] [ModernFix/]: Removed 24 unneeded annotations from file NaturesCompass-1.20.1-1.12.0-forge.jar
[10Aug2026 03:02:48.984] [modloading-worker-0/DEBUG] [ModernFix/]: Removed 104 unneeded annotations from file artifacts-forge-9.5.19.jar
[10Aug2026 03:02:48.985] [modloading-worker-0/DEBUG] [ModernFix/]: Removed 101 unneeded annotations from file sophisticatedbackpacks-1.20.1-3.24.62.2017.jar
[10Aug2026 03:02:48.986] [modloading-worker-0/DEBUG] [net.minecraftforge.fml.javafmlmod.AutomaticEventSubscriber/LOADING]: Auto-subscribing com.nukateam.ntgl.common.util.trackers.MeleeTracker to FORGE
[10Aug2026 03:02:48.990] [modloading-worker-0/DEBUG] [ModernFix/]: Removed 632 unneeded annotations from file iceandfire-2.1.13-1.20.1-beta-5.jar
[10Aug2026 03:02:48.990] [modloading-worker-0/DEBUG] [net.minecraftforge.fml.javafmlmod.AutomaticEventSubscriber/LOADING]: Auto-subscribing com.nukateam.ntgl.common.util.trackers.EquipTracker to FORGE
[10Aug2026 03:02:48.993] [modloading-worker-0/DEBUG] [net.minecraftforge.fml.javafmlmod.AutomaticEventSubscriber/LOADING]: Auto-subscribing com.nukateam.ntgl.common.util.trackers.EntityReloadTracker to FORGE
[10Aug2026 03:02:48.999] [modloading-worker-0/DEBUG] [net.minecraftforge.fml.javafmlmod.AutomaticEventSubscriber/LOADING]: Auto-subscribing com.nukateam.ntgl.common.handlers.ServerEvent to FORGE
[10Aug2026 03:02:49.000] [modloading-worker-0/DEBUG] [net.minecraftforge.fml.javafmlmod.AutomaticEventSubscriber/LOADING]: Auto-subscribing com.nukateam.ntgl.common.handlers.PlayerEventHandler to FORGE
[10Aug2026 03:02:49.001] [modloading-worker-0/DEBUG] [net.minecraftforge.fml.javafmlmod.AutomaticEventSubscriber/LOADING]: Auto-subscribing com.nukateam.ntgl.common.handlers.PlayerAnimatorEvents to MOD
[10Aug2026 03:02:49.002] [modloading-worker-0/DEBUG] [ModernFix/]: Removed 50 unneeded annotations from file bygonenether-1.3.2-1.20.x.jar
[10Aug2026 03:02:49.003] [modloading-worker-0/DEBUG] [ModernFix/]: Removed 81 unneeded annotations from file balm-forge-1.20.1-7.3.42.jar
[10Aug2026 03:02:49.005] [modloading-worker-0/DEBUG] [net.minecraftforge.fml.javafmlmod.AutomaticEventSubscriber/LOADING]: Auto-subscribing com.nukateam.ntgl.common.handlers.GunEventHandler to FORGE
[10Aug2026 03:02:49.008] [modloading-worker-0/DEBUG] [ModernFix/]: Removed 272 unneeded annotations from file blueprint-1.20.1-7.1.4.jar
[10Aug2026 03:02:49.013] [modloading-worker-0/DEBUG] [net.minecraftforge.fml.javafmlmod.AutomaticEventSubscriber/LOADING]: Auto-subscribing com.nukateam.ntgl.common.handlers.GunBehaviorManager to FORGE
[10Aug2026 03:02:49.014] [modloading-worker-0/DEBUG] [ModernFix/]: Removed 44 unneeded annotations from file carryon-forge-1.20.1-2.1.2.7.jar
[10Aug2026 03:02:49.015] [modloading-worker-0/DEBUG] [net.minecraftforge.fml.javafmlmod.AutomaticEventSubscriber/LOADING]: Auto-subscribing com.nukateam.ntgl.common.handlers.EntityEvents to FORGE
[10Aug2026 03:02:49.016] [modloading-worker-0/DEBUG] [ModernFix/]: Removed 5 unneeded annotations from file puzzlesaccessapi-forge-20.1.1.jar
[10Aug2026 03:02:49.018] [modloading-worker-0/DEBUG] [ModernFix/]: Removed 388 unneeded annotations from file cloth-config-11.1.136-forge.jar
[10Aug2026 03:02:49.019] [modloading-worker-0/DEBUG] [net.minecraftforge.fml.javafmlmod.AutomaticEventSubscriber/LOADING]: Auto-subscribing com.nukateam.ntgl.common.handlers.CommonRegistry to MOD
[10Aug2026 03:02:49.020] [modloading-worker-0/DEBUG] [net.minecraftforge.fml.javafmlmod.AutomaticEventSubscriber/LOADING]: Auto-subscribing com.nukateam.ntgl.common.foundation.entity.StunGrenadeEntity to FORGE
[10Aug2026 03:02:49.026] [modloading-worker-0/DEBUG] [ModernFix/]: Removed 145 unneeded annotations from file sound-physics-remastered-forge-1.20.1-1.5.1.jar
[10Aug2026 03:02:49.029] [modloading-worker-0/DEBUG] [mixin/]: Mixing DamageSourcesMixin from tombstone.mixins.json into net.minecraft.world.damagesource.DamageSources
[10Aug2026 03:02:49.030] [modloading-worker-0/INFO] [dev.architectury.networking.forge.NetworkManagerImpl/]: Registering C2S receiver with id architectury:sync_ids
[10Aug2026 03:02:49.032] [modloading-worker-0/DEBUG] [ModernFix/]: Removed 820 unneeded annotations from file forge-1.20.1-47.3.7-universal.jar
[10Aug2026 03:02:49.035] [modloading-worker-0/INFO] [dev.architectury.networking.forge.NetworkManagerImpl/]: Registering C2S receiver with id artifacts:networking_channel/42a7ad70b1cc371599a0eff744096b8a
[10Aug2026 03:02:49.040] [modloading-worker-0/INFO] [dev.architectury.networking.forge.NetworkManagerImpl/]: Registering C2S receiver with id artifacts:networking_channel/74a5e841822a3a87854ae896a33430d6
[10Aug2026 03:02:49.044] [modloading-worker-0/INFO] [dev.architectury.networking.forge.NetworkManagerImpl/]: Registering C2S receiver with id artifacts:networking_channel/eb3d1e2748533430848cadf0f37c7e9c
[10Aug2026 03:02:49.045] [modloading-worker-0/INFO] [dev.architectury.networking.forge.NetworkManagerImpl/]: Registering C2S receiver with id artifacts:networking_channel/91c8520f19f93b3e8b6a727568e194ab
[10Aug2026 03:02:49.049] [modloading-worker-0/INFO] [dev.architectury.networking.forge.NetworkManagerImpl/]: Registering C2S receiver with id artifacts:networking_channel/8c2784d778293fd482ed84b8aa5fedb9
[10Aug2026 03:02:49.050] [modloading-worker-0/INFO] [dev.architectury.networking.forge.NetworkManagerImpl/]: Registering C2S receiver with id artifacts:networking_channel/ea038224ea783d40b2863f52239e2604
[10Aug2026 03:02:49.051] [modloading-worker-0/INFO] [dev.architectury.networking.forge.NetworkManagerImpl/]: Registering C2S receiver with id artifacts:networking_channel/97ad64b7ecaf33209991c4f031501a58
[10Aug2026 03:02:49.056] [modloading-worker-0/DEBUG] [ModernFix/]: Removed 675 unneeded annotations from file supplementaries-1.20-2.8.17.jar
[10Aug2026 03:02:49.065] [modloading-worker-0/DEBUG] [mixin/]: Mixing perf.faster_capabilities.CapabilityDispatcherMixin from modernfix-modernfix.mixins.json into net.minecraftforge.common.capabilities.CapabilityDispatcher
[10Aug2026 03:02:49.067] [modloading-worker-0/DEBUG] [ModernFix/]: Removed 49 unneeded annotations from file ironchest-1.20.1-14.4.4.jar
[10Aug2026 03:02:49.078] [modloading-worker-0/DEBUG] [net.minecraftforge.fml.javafmlmod.AutomaticEventSubscriber/LOADING]: Auto-subscribing com.nukateam.ntgl.common.debug.Debug to FORGE
[10Aug2026 03:02:49.081] [modloading-worker-0/DEBUG] [ModernFix/]: Removed 2774 unneeded annotations from file server-1.20.1-20230612.114412-srg.jar
[10Aug2026 03:02:49.086] [modloading-worker-0/DEBUG] [net.minecraftforge.fml.javafmlmod.AutomaticEventSubscriber/LOADING]: Auto-subscribing com.nukateam.ntgl.client.handlers.ClientTickHandler to FORGE
[10Aug2026 03:02:49.090] [modloading-worker-0/DEBUG] [mixin/]: Mixing item.wearable.WearableArtifactItemMixin from mixins.artifacts.forge.json into artifacts.item.wearable.WearableArtifactItem
[10Aug2026 03:02:49.101] [modloading-worker-0/DEBUG] [net.minecraftforge.fml.javafmlmod.AutomaticEventSubscriber/LOADING]: Auto-subscribing com.nukateam.example.common.ModEventBusEvents to MOD
[10Aug2026 03:02:49.102] [modloading-worker-0/DEBUG] [net.minecraftforge.fml.javafmlmod.AutomaticEventSubscriber/LOADING]: Auto-subscribing com.nukateam.chassis_core.modules.example.common.ModEventBusEvents to MOD
[10Aug2026 03:02:49.102] [modloading-worker-0/DEBUG] [net.minecraftforge.fml.javafmlmod.AutomaticEventSubscriber/LOADING]: Auto-subscribing com.nukateam.chassis_core.common.events.EventHandler to FORGE
[10Aug2026 03:02:49.104] [modloading-worker-0/DEBUG] [mixin/]: Mixing item.umbrella.UmbrellaItemMixin from mixins.artifacts.forge.json into artifacts.item.UmbrellaItem
[10Aug2026 03:02:49.108] [modloading-worker-0/DEBUG] [net.minecraftforge.fml.config.ConfigTracker/CONFIG]: Config file alexsmobs.toml for alexsmobs tracking
[10Aug2026 03:02:49.111] [modloading-worker-0/DEBUG] [net.minecraftforge.fml.javafmlmod.AutomaticEventSubscriber/LOADING]: Auto-subscribing com.nukateam.chassis_core.common.events.CustomHandler to FORGE
[10Aug2026 03:02:49.118] [modloading-worker-0/DEBUG] [ModernFix/]: Removed 280 unneeded annotations from file endergetic-1.20.1-5.0.1.jar
[10Aug2026 03:02:49.120] [modloading-worker-0/DEBUG] [ModernFix/]: Removed 674 unneeded annotations from file alexscaves-2.0.2.jar
[10Aug2026 03:02:49.126] [modloading-worker-0/DEBUG] [ModernFix/]: Removed 21 unneeded annotations from file LittleFrames_FORGE_v1.4.3_mc1.20.1.jar
[10Aug2026 03:02:49.126] [modloading-worker-0/DEBUG] [ModernFix/]: Removed 28 unneeded annotations from file TerraBlender-forge-1.20.1-3.0.1.10.jar
[10Aug2026 03:02:49.130] [modloading-worker-0/DEBUG] [ModernFix/]: Removed 639 unneeded annotations from file moonlight-1.20-2.16.34-forge.jar
[10Aug2026 03:02:49.132] [modloading-worker-0/DEBUG] [ModernFix/]: Removed 36 unneeded annotations from file BiomesOPlenty-1.20.1-18.0.0.592.jar
[10Aug2026 03:02:49.134] [modloading-worker-0/DEBUG] [ModernFix/]: Removed 106 unneeded annotations from file Jade-1.20.1-Forge-11.13.3.jar
[10Aug2026 03:02:49.135] [modloading-worker-0/DEBUG] [ModernFix/]: Removed 21 unneeded annotations from file endrem_forge-5.3.3-R-1.20.1.jar
[10Aug2026 03:02:49.136] [modloading-worker-0/DEBUG] [ModernFix/]: Removed 258 unneeded annotations from file CreativeCore_FORGE_v2.12.39_mc1.20.1.jar
[10Aug2026 03:02:49.139] [modloading-worker-0/DEBUG] [ModernFix/]: Removed 7 unneeded annotations from file spectrelib-forge-0.13.17+1.20.1.jar
[10Aug2026 03:02:49.140] [modloading-worker-0/DEBUG] [ModernFix/]: Removed 80 unneeded annotations from file supermartijn642corelib-1.1.22-forge-mc1.20.1.jar
[10Aug2026 03:02:49.141] [modloading-worker-0/DEBUG] [ModernFix/]: Removed 34 unneeded annotations from file lionfishapi-3.0.jar
[10Aug2026 03:02:49.141] [modloading-worker-0/DEBUG] [ModernFix/]: Removed 4 unneeded annotations from file kffmod-4.12.0.jar
[10Aug2026 03:02:49.142] [modloading-worker-0/DEBUG] [ModernFix/]: Removed 565 unneeded annotations from file L_Enders_Cataclysm-3.31.jar
[10Aug2026 03:02:49.150] [modloading-worker-0/DEBUG] [ModernFix/]: Removed 289 unneeded annotations from file curios-forge-5.14.1+1.20.1.jar
[10Aug2026 03:02:49.151] [modloading-worker-0/DEBUG] [ModernFix/]: Removed 101 unneeded annotations from file Patchouli-1.20.1-85-FORGE.jar
[10Aug2026 03:02:49.167] [modloading-worker-0/DEBUG] [net.minecraftforge.fml.javafmlmod.AutomaticEventSubscriber/LOADING]: Attempting to inject @EventBusSubscriber classes into the eventbus for alexsmobs
[10Aug2026 03:02:49.169] [modloading-worker-0/DEBUG] [net.minecraftforge.fml.javafmlmod.AutomaticEventSubscriber/LOADING]: Auto-subscribing com.github.alexthe666.alexsmobs.world.AMWorldRegistry to MOD
[10Aug2026 03:02:49.170] [modloading-worker-0/DEBUG] [net.minecraftforge.fml.javafmlmod.AutomaticEventSubscriber/LOADING]: Auto-subscribing com.github.alexthe666.alexsmobs.tileentity.AMTileEntityRegistry to MOD
[10Aug2026 03:02:49.174] [modloading-worker-0/DEBUG] [net.minecraftforge.fml.javafmlmod.AutomaticEventSubscriber/LOADING]: Auto-subscribing com.github.alexthe666.alexsmobs.event.ServerEvents to FORGE
[10Aug2026 03:02:49.174] [modloading-worker-0/DEBUG] [ModernFix/]: Removed 76 unneeded annotations from file xaerominimap-forge-1.20.1-26.4.2.jar
[10Aug2026 03:02:49.176] [modloading-worker-0/DEBUG] [mixin/]: Mixing perf.attribute_supplier_dedup.AttributeSupplierBuilderMixin from modernfix-modernfix.mixins.json into net.minecraft.world.entity.ai.attributes.AttributeSupplier$Builder
[10Aug2026 03:02:49.176] [modloading-worker-0/DEBUG] [mixin/]: Renaming synthetic method lambda$deduplicateInstances$0(Lnet/minecraft/world/entity/ai/attributes/Attribute;Lnet/minecraft/world/entity/ai/attributes/AttributeInstance;)Lnet/minecraft/world/entity/ai/attributes/AttributeInstance; to mdff13ee$lambda$deduplicateInstances$0$0 in modernfix-modernfix.mixins.json:perf.attribute_supplier_dedup.AttributeSupplierBuilderMixin
[10Aug2026 03:02:49.177] [modloading-worker-0/DEBUG] [ModernFix/]: Removed 38 unneeded annotations from file betterbiomeblend-forge-1.20.1-1.4.0.jar
[10Aug2026 03:02:49.182] [modloading-worker-0/DEBUG] [net.minecraftforge.fml.javafmlmod.AutomaticEventSubscriber/LOADING]: Auto-subscribing com.github.alexthe666.alexsmobs.entity.AMEntityRegistry to MOD
[10Aug2026 03:02:49.183] [modloading-worker-0/DEBUG] [net.minecraftforge.fml.javafmlmod.AutomaticEventSubscriber/LOADING]: Auto-subscribing com.github.alexthe666.alexsmobs.CommonProxy to MOD
[10Aug2026 03:02:49.177] [modloading-worker-0/DEBUG] [ModernFix/]: Removed 51 unneeded annotations from file polymorph-forge-0.49.10+1.20.1.jar
[10Aug2026 03:02:49.186] [modloading-worker-0/DEBUG] [net.minecraftforge.fml.javafmlmod.AutomaticEventSubscriber/LOADING]: Auto-subscribing com.github.alexthe666.alexsmobs.AlexsMobs to FORGE
[10Aug2026 03:02:49.193] [modloading-worker-0/DEBUG] [net.minecraftforge.fml.config.ConfigTracker/CONFIG]: Config file sophisticatedbackpacks-server.toml for sophisticatedbackpacks tracking
[10Aug2026 03:02:49.193] [modloading-worker-0/DEBUG] [net.minecraftforge.fml.config.ConfigTracker/CONFIG]: Config file sophisticatedbackpacks-common.toml for sophisticatedbackpacks tracking
[10Aug2026 03:02:49.194] [modloading-worker-0/DEBUG] [ModernFix/]: Removed 83 unneeded annotations from file [1.20.1] SecurityCraft v1.9.8.jar
[10Aug2026 03:02:49.196] [modloading-worker-0/DEBUG] [ModernFix/]: Removed 24 unneeded annotations from file entityculling-forge-1.10.5-mc1.20.1.jar
[10Aug2026 03:02:49.198] [modloading-worker-0/DEBUG] [ModernFix/]: Removed 343 unneeded annotations from file tombstone-1.20.1-9.0.9.jar
[10Aug2026 03:02:49.201] [modloading-worker-0/DEBUG] [ModernFix/]: Removed 272 unneeded annotations from file ImmediatelyFast-Forge-1.5.5+1.20.4.jar
[10Aug2026 03:02:49.201] [modloading-worker-0/DEBUG] [ModernFix/]: Removed 5 unneeded annotations from file coroutil-forge-1.20.1-1.3.7.jar
[10Aug2026 03:02:49.201] [modloading-worker-0/DEBUG] [ModernFix/]: Removed 8 unneeded annotations from file FastFurnace-1.20.1-8.0.2.jar
[10Aug2026 03:02:49.203] [modloading-worker-0/DEBUG] [ModernFix/]: Removed 281 unneeded annotations from file architectury-9.2.14-forge.jar
[10Aug2026 03:02:49.205] [modloading-worker-0/DEBUG] [ModernFix/]: Removed 13 unneeded annotations from file skin_changer-forge-1.20.1-0.6.6.jar
[10Aug2026 03:02:49.205] [modloading-worker-0/DEBUG] [ModernFix/]: Removed 134 unneeded annotations from file ferritecore-6.0.1-forge.jar
[10Aug2026 03:02:49.206] [modloading-worker-0/DEBUG] [ModernFix/]: Removed 35 unneeded annotations from file cupboard-1.20.1-3.9.jar
[10Aug2026 03:02:49.207] [modloading-worker-0/DEBUG] [ModernFix/]: Removed 3763 unneeded annotations from file TRansition-1.0.21-1.20.1-forge-SNAPSHOT.jar
[10Aug2026 03:02:49.210] [modloading-worker-0/DEBUG] [ModernFix/]: Removed 205 unneeded annotations from file refurbished_furniture-forge-1.20.1-1.0.20.jar
[10Aug2026 03:02:49.214] [modloading-worker-0/DEBUG] [ModernFix/]: Removed 212 unneeded annotations from file PuzzlesLib-v8.1.33-1.20.1-Forge.jar
[10Aug2026 03:02:49.216] [modloading-worker-0/DEBUG] [net.minecraftforge.fml.config.ConfigTracker/CONFIG]: Config file iceandfire-client.toml for iceandfire tracking
[10Aug2026 03:02:49.216] [modloading-worker-0/DEBUG] [net.minecraftforge.fml.config.ConfigTracker/CONFIG]: Config file iceandfire-common.toml for iceandfire tracking
[10Aug2026 03:02:49.218] [modloading-worker-0/DEBUG] [ModernFix/]: Removed 91 unneeded annotations from file framework-forge-1.20.1-0.8.0.jar
[10Aug2026 03:02:49.219] [modloading-worker-0/DEBUG] [ModernFix/]: Removed 84 unneeded annotations from file expandability-forge-9.0.4.jar
[10Aug2026 03:02:49.220] [modloading-worker-0/DEBUG] [net.minecraftforge.fml.javafmlmod.AutomaticEventSubscriber/LOADING]: Attempting to inject @EventBusSubscriber classes into the eventbus for modernfix
[10Aug2026 03:02:49.227] [modloading-worker-0/DEBUG] [mixin/]: Mixing perf.forge_cap_retrieval.AttachCapabilitiesEventMixin from modernfix-modernfix.mixins.json into net.minecraftforge.event.AttachCapabilitiesEvent
[10Aug2026 03:02:49.255] [modloading-worker-0/DEBUG] [net.minecraftforge.fml.javafmlmod.AutomaticEventSubscriber/LOADING]: Attempting to inject @EventBusSubscriber classes into the eventbus for artifacts
[10Aug2026 03:02:49.265] [modloading-worker-0/DEBUG] [net.minecraftforge.fml.javafmlmod.AutomaticEventSubscriber/LOADING]: Attempting to inject @EventBusSubscriber classes into the eventbus for bygonenether
[10Aug2026 03:02:49.265] [modloading-worker-0/DEBUG] [net.minecraftforge.fml.javafmlmod.AutomaticEventSubscriber/LOADING]: Auto-subscribing com.izofar.bygonenether.RegistryEvents to MOD
[10Aug2026 03:02:49.322] [modloading-worker-0/DEBUG] [net.minecraftforge.fml.javafmlmod.AutomaticEventSubscriber/LOADING]: Attempting to inject @EventBusSubscriber classes into the eventbus for balm
[10Aug2026 03:02:49.327] [modloading-worker-0/DEBUG] [mixin/]: Mixing CraftingHelperMixin from supermartijn642corelib.mixins.json into net.minecraftforge.common.crafting.CraftingHelper
[10Aug2026 03:02:49.345] [modloading-worker-0/DEBUG] [Carry On/]: Loaded tschipp.carryon.platform.ForgePlatformHelper@4c1b5992 for service interface tschipp.carryon.platform.services.IPlatformHelper
[10Aug2026 03:02:49.346] [modloading-worker-0/DEBUG] [Carry On/]: Loaded tschipp.carryon.platform.ForgeGamestagesHelper@4769e0bc for service interface tschipp.carryon.platform.services.IGamestagePlatformHelper
[10Aug2026 03:02:49.356] [modloading-worker-0/DEBUG] [net.minecraftforge.fml.config.ConfigTracker/CONFIG]: Config file carryon-common.toml for carryon tracking
[10Aug2026 03:02:49.356] [modloading-worker-0/DEBUG] [net.minecraftforge.fml.config.ConfigTracker/CONFIG]: Config file carryon-client.toml for carryon tracking
[10Aug2026 03:02:49.356] [modloading-worker-0/DEBUG] [net.minecraftforge.fml.javafmlmod.AutomaticEventSubscriber/LOADING]: Attempting to inject @EventBusSubscriber classes into the eventbus for carryon
[10Aug2026 03:02:49.356] [modloading-worker-0/DEBUG] [net.minecraftforge.fml.javafmlmod.AutomaticEventSubscriber/LOADING]: Auto-subscribing tschipp.carryon.CarryOnForge to MOD
[10Aug2026 03:02:49.356] [modloading-worker-0/DEBUG] [net.minecraftforge.fml.javafmlmod.AutomaticEventSubscriber/LOADING]: Auto-subscribing tschipp.carryon.events.CommonEvents to FORGE
[10Aug2026 03:02:49.363] [modloading-worker-0/DEBUG] [mixin/]: Mixing CommandExceptionLoggingMixin from cupboard.mixins.json into net.minecraft.commands.Commands
[10Aug2026 03:02:49.377] [modloading-worker-0/DEBUG] [mixin/]: Mixing TagManagerMixin from supermartijn642corelib.mixins.json into net.minecraft.tags.TagManager
[10Aug2026 03:02:49.382] [modloading-worker-0/DEBUG] [net.minecraftforge.fml.javafmlmod.AutomaticEventSubscriber/LOADING]: Auto-subscribing tschipp.carryon.events.ModBusEvents to MOD
[10Aug2026 03:02:49.383] [modloading-worker-0/DEBUG] [net.minecraftforge.fml.javafmlmod.AutomaticEventSubscriber/LOADING]: Attempting to inject @EventBusSubscriber classes into the eventbus for puzzlesaccessapi
[10Aug2026 03:02:49.386] [modloading-worker-0/DEBUG] [net.minecraftforge.fml.javafmlmod.AutomaticEventSubscriber/LOADING]: Attempting to inject @EventBusSubscriber classes into the eventbus for cloth_config
[10Aug2026 03:02:49.388] [modloading-worker-0/DEBUG] [net.minecraftforge.fml.javafmlmod.AutomaticEventSubscriber/LOADING]: Attempting to inject @EventBusSubscriber classes into the eventbus for sound_physics_remastered
[10Aug2026 03:02:49.387] [modloading-worker-0/DEBUG] [mixin/]: Mixing LootTablesMixin from placebo.mixins.json into net.minecraft.world.level.storage.loot.LootDataManager
[10Aug2026 03:02:49.388] [modloading-worker-0/DEBUG] [mixin/]: Renaming synthetic method lambda$apply$0(Lnet/minecraft/world/level/storage/loot/LootDataId;Lnet/minecraft/world/level/storage/loot/LootTable;)V to mdff13ee$lambda$apply$0$0 in placebo.mixins.json:LootTablesMixin
[10Aug2026 03:02:49.399] [modloading-worker-0/DEBUG] [mixin/]: Mixing LootDataManagerMixin from blueprint.mixins.json into net.minecraft.world.level.storage.loot.LootDataManager
[10Aug2026 03:02:49.399] [modloading-worker-0/DEBUG] [mixin/]: Renaming synthetic method lambda$modifyLootTables$0(Lcom/teamabnormals/blueprint/common/loot/modification/LootModificationManager;Lnet/minecraft/resources/ResourceLocation;Lnet/minecraft/world/level/storage/loot/LootTable;)V to mdff13ee$lambda$modifyLootTables$0$1 in blueprint.mixins.json:LootDataManagerMixin
[10Aug2026 03:02:49.400] [modloading-worker-0/DEBUG] [mixin/]: Mixing MixinLootDataManager from architectury.mixins.json into net.minecraft.world.level.storage.loot.LootDataManager
[10Aug2026 03:02:49.405] [modloading-worker-0/DEBUG] [mixin/]: Mixing LootDataManagerForgeMixin from puzzleslib.forge.mixins.json into net.minecraft.world.level.storage.loot.LootDataManager
[10Aug2026 03:02:49.430] [modloading-worker-0/DEBUG] [net.minecraftforge.versions.forge.ForgeVersion/CORE]: Forge Version package package net.minecraftforge.versions.forge, Forge, version 47.3 from cpw.mods.modlauncher.TransformingClassLoader@498c535d
[10Aug2026 03:02:49.431] [modloading-worker-0/DEBUG] [net.minecraftforge.versions.forge.ForgeVersion/CORE]: Found Forge version 47.3.7
[10Aug2026 03:02:49.431] [modloading-worker-0/DEBUG] [net.minecraftforge.versions.forge.ForgeVersion/CORE]: Found Forge spec 47.3
[10Aug2026 03:02:49.431] [modloading-worker-0/DEBUG] [net.minecraftforge.versions.forge.ForgeVersion/CORE]: Found Forge group net.minecraftforge
[10Aug2026 03:02:49.433] [modloading-worker-0/DEBUG] [net.minecraftforge.versions.mcp.MCPVersion/CORE]: MCP Version package package net.minecraftforge.versions.mcp, Minecraft, version 1.20.1 from cpw.mods.modlauncher.TransformingClassLoader@498c535d
[10Aug2026 03:02:49.433] [modloading-worker-0/DEBUG] [net.minecraftforge.versions.mcp.MCPVersion/CORE]: Found MC version information 1.20.1
[10Aug2026 03:02:49.433] [modloading-worker-0/DEBUG] [net.minecraftforge.versions.mcp.MCPVersion/CORE]: Found MCP version information 20230612.114412
[10Aug2026 03:02:49.433] [modloading-worker-0/INFO] [net.minecraftforge.common.ForgeMod/FORGEMOD]: Forge mod loading, version 47.3.7, for MC 1.20.1 with MCP 20230612.114412
[10Aug2026 03:02:49.434] [modloading-worker-0/INFO] [net.minecraftforge.common.MinecraftForge/FORGE]: MinecraftForge v47.3.7 Initialized
[10Aug2026 03:02:49.457] [modloading-worker-0/DEBUG] [net.minecraftforge.fml.javafmlmod.AutomaticEventSubscriber/LOADING]: Attempting to inject @EventBusSubscriber classes into the eventbus for sophisticatedbackpacks
[10Aug2026 03:02:49.461] [modloading-worker-0/DEBUG] [net.minecraftforge.fml.config.ConfigTracker/CONFIG]: Config file blueprint-client.toml for blueprint tracking
[10Aug2026 03:02:49.461] [modloading-worker-0/DEBUG] [net.minecraftforge.fml.config.ConfigTracker/CONFIG]: Config file blueprint-common.toml for blueprint tracking
[10Aug2026 03:02:49.461] [modloading-worker-0/DEBUG] [net.minecraftforge.fml.javafmlmod.AutomaticEventSubscriber/LOADING]: Attempting to inject @EventBusSubscriber classes into the eventbus for blueprint
[10Aug2026 03:02:49.462] [modloading-worker-0/DEBUG] [net.minecraftforge.fml.javafmlmod.AutomaticEventSubscriber/LOADING]: Auto-subscribing com.teamabnormals.blueprint.core.util.DataUtil to FORGE
[10Aug2026 03:02:49.464] [modloading-worker-0/DEBUG] [net.minecraftforge.fml.javafmlmod.AutomaticEventSubscriber/LOADING]: Auto-subscribing com.teamabnormals.blueprint.core.registry.BlueprintEntityTypes to MOD
[10Aug2026 03:02:49.501] [modloading-worker-0/DEBUG] [net.minecraftforge.fml.javafmlmod.AutomaticEventSubscriber/LOADING]: Auto-subscribing com.teamabnormals.blueprint.core.registry.BlueprintBlockEntityTypes to MOD
[10Aug2026 03:02:49.517] [modloading-worker-0/DEBUG] [net.minecraftforge.common.ForgeMod/FORGEMOD]: Loading Network data for FML net version: FML3
[10Aug2026 03:02:49.518] [modloading-worker-0/DEBUG] [net.minecraftforge.fml.javafmlmod.AutomaticEventSubscriber/LOADING]: Auto-subscribing com.teamabnormals.blueprint.core.other.BlueprintEvents to FORGE
[10Aug2026 03:02:49.524] [modloading-worker-0/DEBUG] [net.minecraftforge.fml.javafmlmod.AutomaticEventSubscriber/LOADING]: Auto-subscribing com.teamabnormals.blueprint.core.Blueprint to MOD
[10Aug2026 03:02:49.528] [modloading-worker-0/DEBUG] [net.minecraftforge.fml.javafmlmod.AutomaticEventSubscriber/LOADING]: Auto-subscribing com.teamabnormals.blueprint.common.world.modification.structure.StructureRepalleterManager to FORGE
[10Aug2026 03:02:49.543] [modloading-worker-0/DEBUG] [net.minecraftforge.fml.config.ConfigTracker/CONFIG]: Config file forge-client.toml for forge tracking
[10Aug2026 03:02:49.543] [modloading-worker-0/DEBUG] [net.minecraftforge.fml.config.ConfigTracker/CONFIG]: Config file forge-server.toml for forge tracking
[10Aug2026 03:02:49.543] [modloading-worker-0/DEBUG] [net.minecraftforge.fml.ModLoadingContext/]: Attempted to register an empty config for type COMMON on mod forge
[10Aug2026 03:02:49.544] [modloading-worker-0/DEBUG] [net.minecraftforge.fml.javafmlmod.AutomaticEventSubscriber/LOADING]: Auto-subscribing com.teamabnormals.blueprint.common.world.modification.chunk.ChunkGeneratorModificationManager to FORGE
[10Aug2026 03:02:49.545] [modloading-worker-0/DEBUG] [net.minecraftforge.fml.javafmlmod.AutomaticEventSubscriber/LOADING]: Auto-subscribing com.teamabnormals.blueprint.common.loot.modification.LootModificationManager to FORGE
[10Aug2026 03:02:49.565] [modloading-worker-0/DEBUG] [net.minecraftforge.fml.javafmlmod.AutomaticEventSubscriber/LOADING]: Attempting to inject @EventBusSubscriber classes into the eventbus for forge
[10Aug2026 03:02:49.565] [modloading-worker-0/DEBUG] [net.minecraftforge.fml.javafmlmod.AutomaticEventSubscriber/LOADING]: Auto-subscribing net.minecraftforge.common.ForgeSpawnEggItem$CommonHandler to MOD
[10Aug2026 03:02:49.572] [modloading-worker-0/DEBUG] [mixin/]: Mixing LootTableMixin from balm.mixins.json into net.minecraft.world.level.storage.loot.LootTable
[10Aug2026 03:02:49.574] [modloading-worker-0/DEBUG] [mixin/]: Mixing accessor.LootTableForgeAccessor from puzzleslib.forge.mixins.json into net.minecraft.world.level.storage.loot.LootTable
[10Aug2026 03:02:49.585] [modloading-worker-0/DEBUG] [net.minecraftforge.fml.config.ConfigTracker/CONFIG]: Config file supplementaries-common.toml for supplementaries tracking
[10Aug2026 03:02:49.587] [modloading-worker-0/DEBUG] [net.minecraftforge.fml.javafmlmod.AutomaticEventSubscriber/LOADING]: Auto-subscribing com.teamabnormals.blueprint.common.advancement.modification.AdvancementModificationManager to FORGE
[10Aug2026 03:02:49.731] [modloading-worker-0/DEBUG] [net.minecraftforge.fml.javafmlmod.AutomaticEventSubscriber/LOADING]: Attempting to inject @EventBusSubscriber classes into the eventbus for ironchest
[10Aug2026 03:02:49.739] [modloading-worker-0/DEBUG] [net.minecraftforge.fml.javafmlmod.AutomaticEventSubscriber/LOADING]: Auto-subscribing com.progwml6.ironchest.common.ai.CatsSitOnChestsHandler to FORGE
[10Aug2026 03:02:49.766] [modloading-worker-0/DEBUG] [net.minecraftforge.fml.config.ConfigTracker/CONFIG]: Config file alexscaves-general.toml for alexscaves tracking
[10Aug2026 03:02:49.767] [modloading-worker-0/DEBUG] [net.minecraftforge.fml.config.ConfigTracker/CONFIG]: Config file alexscaves-client.toml for alexscaves tracking
[10Aug2026 03:02:49.810] [modloading-worker-0/DEBUG] [net.minecraftforge.fml.config.ConfigTracker/CONFIG]: Config file endergetic-common.toml for endergetic tracking
[10Aug2026 03:02:49.814] [modloading-worker-0/DEBUG] [net.minecraftforge.fml.javafmlmod.AutomaticEventSubscriber/LOADING]: Attempting to inject @EventBusSubscriber classes into the eventbus for endergetic
[10Aug2026 03:02:49.814] [modloading-worker-0/DEBUG] [net.minecraftforge.fml.javafmlmod.AutomaticEventSubscriber/LOADING]: Auto-subscribing com.teamabnormals.endergetic.core.registry.EESoundEvents to MOD
[10Aug2026 03:02:49.815] [modloading-worker-0/DEBUG] [net.minecraftforge.fml.javafmlmod.AutomaticEventSubscriber/LOADING]: Auto-subscribing com.teamabnormals.endergetic.core.registry.EEItems to MOD
[10Aug2026 03:02:49.893] [modloading-worker-0/DEBUG] [mixin/]: Mixing self.SelfSoapItemMixin from supplementaries.mixins.json into net.mehvahdjukaar.supplementaries.common.items.SoapItem
[10Aug2026 03:02:49.904] [modloading-worker-0/DEBUG] [mixin/]: Mixing self.SelfGunpowderMixin from supplementaries.mixins.json into net.mehvahdjukaar.supplementaries.common.block.blocks.GunpowderBlock
[10Aug2026 03:02:49.933] [modloading-worker-0/DEBUG] [mixin/]: Mixing self.SelfSlingshotMixin from supplementaries.mixins.json into net.mehvahdjukaar.supplementaries.common.items.SlingshotItem
[10Aug2026 03:02:50.036] [modloading-worker-0/DEBUG] [mixin/]: Mixing self.SelfSafeMixin from supplementaries.mixins.json into net.mehvahdjukaar.supplementaries.common.block.blocks.SafeBlock
[10Aug2026 03:02:50.056] [modloading-worker-0/DEBUG] [mixin/]: Mixing self.SelfWrenchMixin from supplementaries.mixins.json into net.mehvahdjukaar.supplementaries.common.items.WrenchItem
[10Aug2026 03:02:50.057] [modloading-worker-0/DEBUG] [mixin/]: Renaming synthetic method lambda$onLeftClickEntity$0(Lnet/minecraft/world/entity/player/Player;Lnet/minecraft/world/entity/player/Player;)V to mdff13ee$lambda$onLeftClickEntity$0$0 in supplementaries.mixins.json:self.SelfWrenchMixin
[10Aug2026 03:02:50.091] [modloading-worker-0/DEBUG] [mixin/]: Mixing self.SelfQuiverItem from supplementaries.mixins.json into net.mehvahdjukaar.supplementaries.common.items.QuiverItem
[10Aug2026 03:02:50.122] [modloading-worker-0/DEBUG] [mixin/]: Mixing self.SerfOpenableContainerMixin from supplementaries.mixins.json into net.mehvahdjukaar.supplementaries.common.block.tiles.OpeneableContainerBlockEntity
[10Aug2026 03:02:50.140] [modloading-worker-0/DEBUG] [net.minecraftforge.fml.javafmlmod.AutomaticEventSubscriber/LOADING]: Auto-subscribing com.teamabnormals.endergetic.core.registry.EEEntityTypes to MOD
[10Aug2026 03:02:50.144] [modloading-worker-0/DEBUG] [net.minecraftforge.fml.javafmlmod.AutomaticEventSubscriber/LOADING]: Auto-subscribing com.teamabnormals.endergetic.core.registry.EEBlocks to MOD
[10Aug2026 03:02:50.144] [modloading-worker-0/DEBUG] [net.minecraftforge.fml.javafmlmod.AutomaticEventSubscriber/LOADING]: Auto-subscribing com.teamabnormals.endergetic.core.registry.EEBlockEntityTypes to MOD
[10Aug2026 03:02:50.146] [modloading-worker-0/DEBUG] [mixin/]: Mixing self.SelfPlanterMixin from supplementaries.mixins.json into net.mehvahdjukaar.supplementaries.common.block.blocks.PlanterBlock
[10Aug2026 03:02:50.161] [modloading-worker-0/DEBUG] [net.minecraftforge.fml.javafmlmod.AutomaticEventSubscriber/LOADING]: Auto-subscribing com.teamabnormals.endergetic.core.registry.builtin.EEBiomes to MOD
[10Aug2026 03:02:50.164] [modloading-worker-0/DEBUG] [net.minecraftforge.fml.javafmlmod.AutomaticEventSubscriber/LOADING]: Auto-subscribing com.teamabnormals.endergetic.core.other.EEPlayableEndimations to MOD
[10Aug2026 03:02:50.170] [modloading-worker-0/DEBUG] [net.minecraftforge.fml.javafmlmod.AutomaticEventSubscriber/LOADING]: Auto-subscribing com.teamabnormals.endergetic.core.other.EEEvents to FORGE
[10Aug2026 03:02:50.180] [modloading-worker-0/DEBUG] [net.minecraftforge.fml.javafmlmod.AutomaticEventSubscriber/LOADING]: Auto-subscribing com.teamabnormals.endergetic.common.advancement.EECriteriaTriggers to FORGE
[10Aug2026 03:02:50.192] [modloading-worker-0/DEBUG] [mixin/]: Mixing accessor.CriteriaTriggersAccessor from cataclysm.mixins.json into net.minecraft.advancements.CriteriaTriggers
[10Aug2026 03:02:50.192] [modloading-worker-0/DEBUG] [mixin/]: Renaming @Accessor method getValues()Ljava/util/Map; to getValues_$md$ff13ee$0 in cataclysm.mixins.json:accessor.CriteriaTriggersAccessor
[10Aug2026 03:02:50.205] [modloading-worker-0/DEBUG] [mixin/]: Mixing self.SelfFrameMixin from supplementaries.mixins.json into net.mehvahdjukaar.supplementaries.common.block.blocks.FrameBlock
[10Aug2026 03:02:50.286] [modloading-worker-0/DEBUG] [net.minecraftforge.fml.javafmlmod.AutomaticEventSubscriber/LOADING]: Attempting to inject @EventBusSubscriber classes into the eventbus for iceandfire
[10Aug2026 03:02:50.287] [modloading-worker-0/DEBUG] [net.minecraftforge.fml.javafmlmod.AutomaticEventSubscriber/LOADING]: Auto-subscribing com.github.alexthe666.iceandfire.recipe.IafRecipeRegistry to MOD
[10Aug2026 03:02:50.287] [modloading-worker-0/DEBUG] [net.minecraftforge.fml.javafmlmod.AutomaticEventSubscriber/LOADING]: Auto-subscribing com.github.alexthe666.iceandfire.misc.IafSoundRegistry to MOD
[10Aug2026 03:02:50.287] [modloading-worker-0/DEBUG] [net.minecraftforge.fml.javafmlmod.AutomaticEventSubscriber/LOADING]: Auto-subscribing com.github.alexthe666.iceandfire.misc.IafDamageRegistry to MOD
[10Aug2026 03:02:50.294] [modloading-worker-0/DEBUG] [mixin/]: Mixing SelfEntitySpawnDataMixin from moonlight.mixins.json into net.mehvahdjukaar.moonlight.api.entity.IExtraClientSpawnData
[10Aug2026 03:02:50.295] [modloading-worker-0/DEBUG] [net.minecraftforge.fml.javafmlmod.AutomaticEventSubscriber/LOADING]: Auto-subscribing com.github.alexthe666.iceandfire.item.IafItemRegistry to MOD
[10Aug2026 03:02:50.296] [modloading-worker-0/DEBUG] [net.minecraftforge.fml.javafmlmod.AutomaticEventSubscriber/LOADING]: Auto-subscribing com.github.alexthe666.iceandfire.event.ServerEvents to FORGE
[10Aug2026 03:02:50.315] [modloading-worker-0/DEBUG] [net.minecraftforge.fml.javafmlmod.AutomaticEventSubscriber/LOADING]: Auto-subscribing com.github.alexthe666.iceandfire.entity.props.CapabilityHandler to FORGE
[10Aug2026 03:02:50.324] [modloading-worker-0/DEBUG] [net.minecraftforge.fml.javafmlmod.AutomaticEventSubscriber/LOADING]: Auto-subscribing com.github.alexthe666.iceandfire.entity.IafVillagerRegistry to MOD
[10Aug2026 03:02:50.328] [modloading-worker-0/DEBUG] [net.minecraftforge.fml.javafmlmod.AutomaticEventSubscriber/LOADING]: Auto-subscribing com.github.alexthe666.iceandfire.entity.IafEntityRegistry to MOD
[10Aug2026 03:02:50.330] [modloading-worker-0/DEBUG] [net.minecraftforge.fml.javafmlmod.AutomaticEventSubscriber/LOADING]: Auto-subscribing com.github.alexthe666.iceandfire.datagen.DataGenerators to MOD
[10Aug2026 03:02:50.337] [modloading-worker-0/DEBUG] [littleframes/]: Created network littleframes:main
[10Aug2026 03:02:50.343] [modloading-worker-0/DEBUG] [mixin/]: Mixing TagsProviderForgeMixin from puzzleslib.forge.mixins.json into net.minecraft.data.tags.TagsProvider
[10Aug2026 03:02:50.347] [modloading-worker-0/DEBUG] [net.minecraftforge.fml.javafmlmod.AutomaticEventSubscriber/LOADING]: Attempting to inject @EventBusSubscriber classes into the eventbus for littleframes
[10Aug2026 03:02:50.355] [modloading-worker-0/DEBUG] [net.minecraftforge.fml.javafmlmod.AutomaticEventSubscriber/LOADING]: Auto-subscribing com.github.alexthe666.iceandfire.block.IafBlockRegistry to MOD
[10Aug2026 03:02:50.355] [modloading-worker-0/DEBUG] [net.minecraftforge.fml.javafmlmod.AutomaticEventSubscriber/LOADING]: Auto-subscribing com.github.alexthe666.iceandfire.IceAndFire to FORGE
[10Aug2026 03:02:50.355] [modloading-worker-0/DEBUG] [net.minecraftforge.fml.javafmlmod.AutomaticEventSubscriber/LOADING]: Auto-subscribing com.github.alexthe666.iceandfire.CommonProxy to MOD
[10Aug2026 03:02:50.361] [modloading-worker-0/DEBUG] [net.minecraftforge.fml.config.ConfigTracker/CONFIG]: Config file moonlight-common.toml for moonlight tracking
[10Aug2026 03:02:50.362] [modloading-worker-0/DEBUG] [net.minecraftforge.fml.javafmlmod.AutomaticEventSubscriber/LOADING]: Attempting to inject @EventBusSubscriber classes into the eventbus for terrablender
[10Aug2026 03:02:50.362] [modloading-worker-0/DEBUG] [net.minecraftforge.fml.javafmlmod.AutomaticEventSubscriber/LOADING]: Auto-subscribing terrablender.handler.InitializationHandler to FORGE
[10Aug2026 03:02:50.375] [modloading-worker-0/DEBUG] [net.minecraftforge.fml.config.ConfigTracker/CONFIG]: Config file biomesoplenty/generation.toml for biomesoplenty tracking
[10Aug2026 03:02:50.377] [modloading-worker-0/DEBUG] [mixin/]: Mixing MapDataMixin from moonlight-common.mixins.json into net.minecraft.world.level.saveddata.maps.MapItemSavedData
[10Aug2026 03:02:50.378] [modloading-worker-0/DEBUG] [mixin/]: Renaming synthetic method lambda$save$3(Lnet/minecraft/nbt/CompoundTag;Lnet/minecraft/resources/ResourceLocation;Lnet/mehvahdjukaar/moonlight/api/map/CustomMapData;)V to mdff13ee$lambda$save$3$0 in moonlight-common.mixins.json:MapDataMixin
[10Aug2026 03:02:50.378] [modloading-worker-0/DEBUG] [mixin/]: Renaming synthetic method lambda$load$2(Lnet/minecraft/nbt/CompoundTag;Lnet/mehvahdjukaar/moonlight/api/map/CustomMapData;)V to mdff13ee$lambda$load$2$1 in moonlight-common.mixins.json:MapDataMixin
[10Aug2026 03:02:50.379] [modloading-worker-0/DEBUG] [mixin/]: Renaming synthetic method lambda$setCustomDataDirty$1(Lnet/mehvahdjukaar/moonlight/api/map/CustomMapData$Type;Ljava/util/function/Consumer;Lnet/minecraft/world/level/saveddata/maps/MapItemSavedData$HoldingPlayer;)V to mdff13ee$lambda$setCustomDataDirty$1$2 in moonlight-common.mixins.json:MapDataMixin
[10Aug2026 03:02:50.379] [modloading-worker-0/DEBUG] [mixin/]: Renaming synthetic method lambda$setCustomDecorationsDirty$0(Lnet/minecraft/world/level/saveddata/maps/MapItemSavedData$HoldingPlayer;)V to mdff13ee$lambda$setCustomDecorationsDirty$0$3 in moonlight-common.mixins.json:MapDataMixin
[10Aug2026 03:02:50.423] [modloading-worker-0/DEBUG] [io.netty.util.internal.InternalThreadLocalMap/]: -Dio.netty.threadLocalMap.stringBuilder.initialSize: 1024
[10Aug2026 03:02:50.426] [modloading-worker-0/DEBUG] [io.netty.util.internal.InternalThreadLocalMap/]: -Dio.netty.threadLocalMap.stringBuilder.maxSize: 4096
[10Aug2026 03:02:50.427] [modloading-worker-0/DEBUG] [io.netty.util.internal.ThreadLocalRandom/]: -Dio.netty.initialSeedUniquifier: 0xb4fa4287ca51178a
[10Aug2026 03:02:50.480] [modloading-worker-0/DEBUG] [net.minecraftforge.fml.javafmlmod.AutomaticEventSubscriber/LOADING]: Attempting to inject @EventBusSubscriber classes into the eventbus for moonlight
[10Aug2026 03:02:50.488] [modloading-worker-0/DEBUG] [net.minecraftforge.fml.javafmlmod.AutomaticEventSubscriber/LOADING]: Attempting to inject @EventBusSubscriber classes into the eventbus for mixinsquared
[10Aug2026 03:02:50.498] [modloading-worker-0/DEBUG] [net.minecraftforge.fml.javafmlmod.AutomaticEventSubscriber/LOADING]: Attempting to inject @EventBusSubscriber classes into the eventbus for jade
[10Aug2026 03:02:50.509] [modloading-worker-0/DEBUG] [net.minecraftforge.fml.config.ConfigTracker/CONFIG]: Config file endrem.toml for endrem tracking
[10Aug2026 03:02:50.537] [modloading-worker-0/DEBUG] [net.minecraftforge.fml.javafmlmod.AutomaticEventSubscriber/LOADING]: Attempting to inject @EventBusSubscriber classes into the eventbus for endrem
[10Aug2026 03:02:50.537] [modloading-worker-0/DEBUG] [net.minecraftforge.fml.javafmlmod.AutomaticEventSubscriber/LOADING]: Auto-subscribing com.teamremastered.endrem.registers.RegisterHandler to MOD
[10Aug2026 03:02:50.537] [modloading-worker-0/DEBUG] [net.minecraftforge.fml.javafmlmod.AutomaticEventSubscriber/LOADING]: Auto-subscribing com.teamremastered.endrem.events.ModEvents to FORGE
[10Aug2026 03:02:50.561] [modloading-worker-0/DEBUG] [mixin/]: Mixing accessor.BrainAccessor from moonlight-common.mixins.json into net.minecraft.world.entity.ai.Brain
[10Aug2026 03:02:50.565] [modloading-worker-0/DEBUG] [net.minecraftforge.fml.javafmlmod.AutomaticEventSubscriber/LOADING]: Attempting to inject @EventBusSubscriber classes into the eventbus for supplementaries
[10Aug2026 03:02:50.565] [modloading-worker-0/DEBUG] [net.minecraftforge.fml.javafmlmod.AutomaticEventSubscriber/LOADING]: Auto-subscribing net.mehvahdjukaar.supplementaries.forge.RemapHandler to FORGE
[10Aug2026 03:02:50.577] [modloading-worker-0/DEBUG] [net.minecraftforge.fml.javafmlmod.AutomaticEventSubscriber/LOADING]: Attempting to inject @EventBusSubscriber classes into the eventbus for chunky
[10Aug2026 03:02:50.588] [modloading-worker-0/DEBUG] [net.minecraftforge.fml.javafmlmod.AutomaticEventSubscriber/LOADING]: Attempting to inject @EventBusSubscriber classes into the eventbus for spectrelib
[10Aug2026 03:02:50.591] [modloading-worker-0/DEBUG] [net.minecraftforge.fml.javafmlmod.AutomaticEventSubscriber/LOADING]: Attempting to inject @EventBusSubscriber classes into the eventbus for alexscaves
[10Aug2026 03:02:50.591] [modloading-worker-0/DEBUG] [net.minecraftforge.fml.javafmlmod.AutomaticEventSubscriber/LOADING]: Auto-subscribing com.github.alexmodguy.alexscaves.server.entity.ACEntityRegistry to MOD
[10Aug2026 03:02:50.598] [modloading-worker-0/DEBUG] [net.minecraftforge.fml.javafmlmod.AutomaticEventSubscriber/LOADING]: Attempting to inject @EventBusSubscriber classes into the eventbus for lionfishapi
[10Aug2026 03:02:50.599] [modloading-worker-0/DEBUG] [net.minecraftforge.fml.javafmlmod.AutomaticEventSubscriber/LOADING]: Auto-subscribing com.github.L_Ender.lionfishapi.LionfishAPI to FORGE
[10Aug2026 03:02:50.599] [modloading-worker-0/DEBUG] [net.minecraftforge.fml.javafmlmod.AutomaticEventSubscriber/LOADING]: Auto-subscribing com.github.L_Ender.lionfishapi.CommonProxy to MOD
[10Aug2026 03:02:50.608] [modloading-worker-0/DEBUG] [mixin/]: Mixing perf.tag_id_caching.TagEntryMixin from modernfix-modernfix.mixins.json into net.minecraft.tags.TagEntry
[10Aug2026 03:02:50.646] [modloading-worker-0/DEBUG] [net.minecraftforge.fml.javafmlmod.AutomaticEventSubscriber/LOADING]: Attempting to inject @EventBusSubscriber classes into the eventbus for biomesoplenty
[10Aug2026 03:02:50.646] [modloading-worker-0/DEBUG] [net.minecraftforge.fml.javafmlmod.AutomaticEventSubscriber/LOADING]: Auto-subscribing biomesoplenty.init.ModVillagerTrades to FORGE
[10Aug2026 03:02:50.650] [modloading-worker-0/DEBUG] [net.minecraftforge.fml.javafmlmod.AutomaticEventSubscriber/LOADING]: Attempting to inject @EventBusSubscriber classes into the eventbus for supermartijn642corelib
[10Aug2026 03:02:50.650] [modloading-worker-0/DEBUG] [net.minecraftforge.fml.javafmlmod.AutomaticEventSubscriber/LOADING]: Auto-subscribing com.supermartijn642.core.CommonUtils to MOD
[10Aug2026 03:02:50.655] [modloading-worker-0/DEBUG] [creativecore/]: Created network creativecore:main
[10Aug2026 03:02:50.659] [modloading-worker-0/DEBUG] [net.minecraftforge.fml.javafmlmod.AutomaticEventSubscriber/LOADING]: Auto-subscribing biomesoplenty.common.datagen.DataGenerationHandler to MOD
[10Aug2026 03:02:50.663] [modloading-worker-0/DEBUG] [net.minecraftforge.fml.javafmlmod.AutomaticEventSubscriber/LOADING]: Auto-subscribing biomesoplenty.common.util.biome.BiomeUtil to FORGE
[10Aug2026 03:02:50.666] [modloading-worker-0/DEBUG] [net.minecraftforge.fml.javafmlmod.AutomaticEventSubscriber/LOADING]: Attempting to inject @EventBusSubscriber classes into the eventbus for creativecore
[10Aug2026 03:02:50.668] [modloading-worker-0/DEBUG] [net.minecraftforge.fml.config.ConfigTracker/CONFIG]: Config file patchouli-client.toml for patchouli tracking
[10Aug2026 03:02:50.670] [modloading-worker-0/DEBUG] [net.minecraftforge.fml.javafmlmod.AutomaticEventSubscriber/LOADING]: Attempting to inject @EventBusSubscriber classes into the eventbus for patchouli
[10Aug2026 03:02:50.673] [modloading-worker-0/DEBUG] [net.minecraftforge.fml.javafmlmod.AutomaticEventSubscriber/LOADING]: Auto-subscribing vazkii.patchouli.forge.common.ForgeModInitializer to MOD
[10Aug2026 03:02:50.677] [modloading-worker-0/DEBUG] [net.minecraftforge.fml.config.ConfigTracker/CONFIG]: Config file curios-client.toml for curios tracking
[10Aug2026 03:02:50.680] [modloading-worker-0/DEBUG] [net.minecraftforge.fml.config.ConfigTracker/CONFIG]: Config file curios-common.toml for curios tracking
[10Aug2026 03:02:50.680] [modloading-worker-0/DEBUG] [net.minecraftforge.fml.config.ConfigTracker/CONFIG]: Config file curios-server.toml for curios tracking
[10Aug2026 03:02:50.680] [modloading-worker-0/DEBUG] [net.minecraftforge.fml.javafmlmod.AutomaticEventSubscriber/LOADING]: Attempting to inject @EventBusSubscriber classes into the eventbus for curios
[10Aug2026 03:02:50.680] [modloading-worker-0/DEBUG] [net.minecraftforge.fml.javafmlmod.AutomaticEventSubscriber/LOADING]: Attempting to inject @EventBusSubscriber classes into the eventbus for betterbiomeblend
[10Aug2026 03:02:50.687] [modloading-worker-0/DEBUG] [net.minecraftforge.fml.javafmlmod.AutomaticEventSubscriber/LOADING]: Attempting to inject @EventBusSubscriber classes into the eventbus for polymorph
[10Aug2026 03:02:50.689] [modloading-worker-0/DEBUG] [mixin/]: Mixing gamerule.BooleanValueInvoker from mixins.artifacts.common.json into net.minecraft.world.level.GameRules$BooleanValue
[10Aug2026 03:02:50.689] [modloading-worker-0/DEBUG] [mixin/]: Renaming @Invoker method invokeCreate(ZLjava/util/function/BiConsumer;)Lnet/minecraft/world/level/GameRules$Type; to invokeCreate_$md$ff13ee$0 in mixins.artifacts.common.json:gamerule.BooleanValueInvoker
[10Aug2026 03:02:50.710] [modloading-worker-0/DEBUG] [mixin/]: Mixing gamerule.IntegerValueInvoker from mixins.artifacts.common.json into net.minecraft.world.level.GameRules$IntegerValue
[10Aug2026 03:02:50.711] [modloading-worker-0/DEBUG] [mixin/]: Renaming @Invoker method invokeCreate(ILjava/util/function/BiConsumer;)Lnet/minecraft/world/level/GameRules$Type; to invokeCreate_$md$ff13ee$0 in mixins.artifacts.common.json:gamerule.IntegerValueInvoker
[10Aug2026 03:02:50.726] [modloading-worker-0/DEBUG] [net.minecraftforge.fml.config.ConfigTracker/CONFIG]: Config file securitycraft-client.toml for securitycraft tracking
[10Aug2026 03:02:50.727] [modloading-worker-0/DEBUG] [net.minecraftforge.fml.config.ConfigTracker/CONFIG]: Config file securitycraft-server.toml for securitycraft tracking
[10Aug2026 03:02:50.734] [modloading-worker-0/DEBUG] [xaero.hud.minimap.MinimapLogs/]: Loaded xaero.common.platform.services.ForgePlatformHelper@209971b7 for service interface xaero.common.platform.services.IPlatformHelper
[10Aug2026 03:02:50.737] [modloading-worker-0/DEBUG] [net.minecraftforge.fml.config.ConfigTracker/CONFIG]: Config file cataclysm-client.toml for cataclysm tracking
[10Aug2026 03:02:50.738] [modloading-worker-0/DEBUG] [net.minecraftforge.fml.config.ConfigTracker/CONFIG]: Config file cataclysm-common.toml for cataclysm tracking
[10Aug2026 03:02:50.738] [modloading-worker-0/INFO] [xaero.common.HudMod/]: Registering common data for channel xaerominimap:main!
[10Aug2026 03:02:50.773] [modloading-worker-0/INFO] [xaero.common.HudMod/]: Loading primary common config for channel xaerominimap:main!
[10Aug2026 03:02:50.774] [modloading-worker-0/INFO] [xaero.common.HudMod/]: Loading server config profiles for channel xaerominimap:main!
[10Aug2026 03:02:50.788] [modloading-worker-0/DEBUG] [net.minecraftforge.fml.javafmlmod.AutomaticEventSubscriber/LOADING]: Attempting to inject @EventBusSubscriber classes into the eventbus for xaerominimap
[10Aug2026 03:02:50.790] [modloading-worker-0/DEBUG] [net.minecraftforge.fml.javafmlmod.AutomaticEventSubscriber/LOADING]: Attempting to inject @EventBusSubscriber classes into the eventbus for entityculling
[10Aug2026 03:02:50.817] [modloading-worker-0/DEBUG] [net.minecraftforge.fml.config.ConfigTracker/CONFIG]: Config file tombstone-client.toml for tombstone tracking
[10Aug2026 03:02:50.818] [modloading-worker-0/DEBUG] [net.minecraftforge.fml.config.ConfigTracker/CONFIG]: Config file tombstone-common.toml for tombstone tracking
[10Aug2026 03:02:50.827] [modloading-worker-0/DEBUG] [net.minecraftforge.fml.config.ConfigTracker/CONFIG]: Config file tombstone-server.toml for tombstone tracking
[10Aug2026 03:02:50.829] [modloading-worker-0/DEBUG] [net.minecraftforge.fml.javafmlmod.AutomaticEventSubscriber/LOADING]: Attempting to inject @EventBusSubscriber classes into the eventbus for tombstone
[10Aug2026 03:02:50.829] [modloading-worker-0/DEBUG] [net.minecraftforge.fml.javafmlmod.AutomaticEventSubscriber/LOADING]: Auto-subscribing ovh.corail.tombstone.registry.Registration to MOD
[10Aug2026 03:02:50.833] [modloading-worker-0/DEBUG] [net.minecraftforge.fml.javafmlmod.AutomaticEventSubscriber/LOADING]: Auto-subscribing ovh.corail.tombstone.perk.PerkRegistry to MOD
[10Aug2026 03:02:50.840] [modloading-worker-0/DEBUG] [net.minecraftforge.fml.javafmlmod.AutomaticEventSubscriber/LOADING]: Auto-subscribing ovh.corail.tombstone.helper.PlacedBlocksTracker$PlacedBlocksEvents to FORGE
[10Aug2026 03:02:50.842] [modloading-worker-0/DEBUG] [net.minecraftforge.fml.javafmlmod.AutomaticEventSubscriber/LOADING]: Auto-subscribing ovh.corail.tombstone.helper.LootHelper to FORGE
[10Aug2026 03:02:50.890] [modloading-worker-0/DEBUG] [net.minecraftforge.fml.javafmlmod.AutomaticEventSubscriber/LOADING]: Auto-subscribing ovh.corail.tombstone.event.EventHandler to FORGE
[10Aug2026 03:02:50.966] [modloading-worker-0/DEBUG] [net.minecraftforge.fml.javafmlmod.AutomaticEventSubscriber/LOADING]: Auto-subscribing ovh.corail.tombstone.config.ConfigTombstone$ConfigEvent to MOD
[10Aug2026 03:02:50.969] [modloading-worker-0/DEBUG] [net.minecraftforge.fml.javafmlmod.AutomaticEventSubscriber/LOADING]: Attempting to inject @EventBusSubscriber classes into the eventbus for immediatelyfast
[10Aug2026 03:02:50.977] [modloading-worker-0/INFO] [coroutil/]: forge loader environment detected
[10Aug2026 03:02:50.986] [modloading-worker-0/DEBUG] [net.minecraftforge.fml.config.ConfigTracker/CONFIG]: Config file CoroUtil/General.toml for coroutil tracking
[10Aug2026 03:02:50.991] [modloading-worker-0/DEBUG] [net.minecraftforge.fml.javafmlmod.AutomaticEventSubscriber/LOADING]: Attempting to inject @EventBusSubscriber classes into the eventbus for coroutil
[10Aug2026 03:02:50.992] [modloading-worker-0/DEBUG] [net.minecraftforge.fml.javafmlmod.AutomaticEventSubscriber/LOADING]: Attempting to inject @EventBusSubscriber classes into the eventbus for fastfurnace
[10Aug2026 03:02:51.061] [modloading-worker-0/DEBUG] [net.minecraftforge.fml.javafmlmod.AutomaticEventSubscriber/LOADING]: Attempting to inject @EventBusSubscriber classes into the eventbus for architectury
[10Aug2026 03:02:51.061] [modloading-worker-0/DEBUG] [net.minecraftforge.fml.javafmlmod.AutomaticEventSubscriber/LOADING]: Auto-subscribing dev.architectury.registry.level.entity.trade.forge.TradeRegistryImpl to FORGE
[10Aug2026 03:02:51.066] [modloading-worker-0/DEBUG] [net.minecraftforge.fml.javafmlmod.AutomaticEventSubscriber/LOADING]: Auto-subscribing dev.architectury.registry.forge.ReloadListenerRegistryImpl to FORGE
[10Aug2026 03:02:51.067] [modloading-worker-0/DEBUG] [net.minecraftforge.fml.javafmlmod.AutomaticEventSubscriber/LOADING]: Auto-subscribing dev.architectury.networking.forge.NetworkManagerImpl to FORGE
[10Aug2026 03:02:51.072] [modloading-worker-0/DEBUG] [net.minecraftforge.fml.javafmlmod.AutomaticEventSubscriber/LOADING]: Attempting to inject @EventBusSubscriber classes into the eventbus for skin_changer
[10Aug2026 03:02:51.073] [modloading-worker-0/DEBUG] [net.minecraftforge.fml.javafmlmod.AutomaticEventSubscriber/LOADING]: Attempting to inject @EventBusSubscriber classes into the eventbus for ferritecore
[10Aug2026 03:02:51.077] [modloading-worker-0/INFO] [com.cupboard.Cupboard/]: Loaded config for: cupboard.json
[10Aug2026 03:02:51.080] [modloading-worker-0/DEBUG] [net.minecraftforge.fml.javafmlmod.AutomaticEventSubscriber/LOADING]: Attempting to inject @EventBusSubscriber classes into the eventbus for cupboard
[10Aug2026 03:02:51.082] [modloading-worker-0/DEBUG] [net.minecraftforge.fml.javafmlmod.AutomaticEventSubscriber/LOADING]: Attempting to inject @EventBusSubscriber classes into the eventbus for transition
[10Aug2026 03:02:51.084] [modloading-worker-0/DEBUG] [net.minecraftforge.fml.javafmlmod.AutomaticEventSubscriber/LOADING]: Attempting to inject @EventBusSubscriber classes into the eventbus for cataclysm
[10Aug2026 03:02:51.087] [modloading-worker-0/DEBUG] [net.minecraftforge.fml.javafmlmod.AutomaticEventSubscriber/LOADING]: Auto-subscribing com.github.L_Ender.cataclysm.world.CMWorldRegistry to MOD
[10Aug2026 03:02:51.087] [modloading-worker-0/DEBUG] [net.minecraftforge.fml.javafmlmod.AutomaticEventSubscriber/LOADING]: Auto-subscribing com.github.L_Ender.cataclysm.init.ModEntities to MOD
[10Aug2026 03:02:51.091] [modloading-worker-0/DEBUG] [net.minecraftforge.fml.javafmlmod.AutomaticEventSubscriber/LOADING]: Attempting to inject @EventBusSubscriber classes into the eventbus for refurbished_furniture
[10Aug2026 03:02:51.091] [modloading-worker-0/DEBUG] [net.minecraftforge.fml.javafmlmod.AutomaticEventSubscriber/LOADING]: Auto-subscribing com.mrcrayfish.furniture.refurbished.ForgeEvents to FORGE
[10Aug2026 03:02:51.094] [modloading-worker-0/DEBUG] [net.minecraftforge.fml.javafmlmod.AutomaticEventSubscriber/LOADING]: Auto-subscribing com.github.L_Ender.cataclysm.init.ModAttribute to MOD
[10Aug2026 03:02:51.095] [modloading-worker-0/DEBUG] [net.minecraftforge.fml.javafmlmod.AutomaticEventSubscriber/LOADING]: Auto-subscribing com.github.L_Ender.cataclysm.event.ServerEventHandler to FORGE
[10Aug2026 03:02:51.096] [modloading-worker-0/DEBUG] [net.minecraftforge.fml.javafmlmod.AutomaticEventSubscriber/LOADING]: Auto-subscribing com.github.L_Ender.cataclysm.CommonProxy to MOD
[10Aug2026 03:02:51.096] [modloading-worker-0/DEBUG] [net.minecraftforge.fml.javafmlmod.AutomaticEventSubscriber/LOADING]: Auto-subscribing com.github.L_Ender.cataclysm.Cataclysm to FORGE
[10Aug2026 03:02:51.097] [modloading-worker-0/DEBUG] [net.minecraftforge.fml.javafmlmod.AutomaticEventSubscriber/LOADING]: Attempting to inject @EventBusSubscriber classes into the eventbus for puzzleslib
[10Aug2026 03:02:51.099] [modloading-worker-0/DEBUG] [net.minecraftforge.fml.javafmlmod.AutomaticEventSubscriber/LOADING]: Auto-subscribing fuzs.puzzleslib.impl.PuzzlesLibForge to MOD
[10Aug2026 03:02:51.127] [modloading-worker-0/INFO] [org.admany.quantified.core.forge.wide.QuantifiedForgeWideBootstrap/]: Configured LWJGL stack size to 64 MiB (67108864 bytes)
[10Aug2026 03:02:51.130] [modloading-worker-0/INFO] [org.admany.quantified.core.forge.wide.QuantifiedForgeWideBootstrap/]: [Quantified] Quantified API starting
[10Aug2026 03:02:51.156] [modloading-worker-0/DEBUG] [net.minecraftforge.fml.javafmlmod.AutomaticEventSubscriber/LOADING]: Attempting to inject @EventBusSubscriber classes into the eventbus for securitycraft
[10Aug2026 03:02:51.156] [modloading-worker-0/DEBUG] [net.minecraftforge.fml.javafmlmod.AutomaticEventSubscriber/LOADING]: Auto-subscribing net.geforcemods.securitycraft.api.SecurityCraftAPI to MOD
[10Aug2026 03:02:51.157] [modloading-worker-0/DEBUG] [net.minecraftforge.fml.javafmlmod.AutomaticEventSubscriber/LOADING]: Auto-subscribing net.geforcemods.securitycraft.SecurityCraft to MOD
[10Aug2026 03:02:51.158] [modloading-worker-0/DEBUG] [net.minecraftforge.fml.javafmlmod.AutomaticEventSubscriber/LOADING]: Auto-subscribing net.geforcemods.securitycraft.SCEventHandler to FORGE
[10Aug2026 03:02:51.166] [modloading-worker-0/INFO] [org.admany.quantified.core.forge.wide.QuantifiedForgeWideBootstrap/]: Loaded flat configuration from /workspaces/papuproyecto/servidor_minecraft/config/QuantifiedAPI/quantified_config.json
[10Aug2026 03:02:51.177] [modloading-worker-0/INFO] [org.admany.quantified.core.forge.wide.QuantifiedForgeWideBootstrap/]: Quantified GPU config: enabled=true, preferredBackend=VULKAN_PREFERRED, vulkanDevice=auto, openclDevice=auto, forceOpenCL=false
[10Aug2026 03:02:51.177] [modloading-worker-0/INFO] [org.admany.quantified.core.forge.wide.QuantifiedForgeWideBootstrap/]: [Quantified] Quantified Core Starting
[10Aug2026 03:02:51.177] [modloading-worker-0/INFO] [Puzzles Lib/]: Constructing common components for puzzleslib:main
[10Aug2026 03:02:51.182] [modloading-worker-0/DEBUG] [net.minecraftforge.fml.javafmlmod.AutomaticEventSubscriber/LOADING]: Auto-subscribing net.geforcemods.securitycraft.RegistrationHandler to MOD
[10Aug2026 03:02:51.189] [modloading-worker-0/INFO] [org.admany.quantified.core.forge.wide.QuantifiedForgeWideBootstrap/]: Async scheduler configured with 1 foreground and 1 background threads (4 cores detected)
[10Aug2026 03:02:51.187] [modloading-worker-0/DEBUG] [net.minecraftforge.fml.javafmlmod.AutomaticEventSubscriber/LOADING]: Auto-subscribing net.geforcemods.securitycraft.ConfigHandler to MOD
[10Aug2026 03:02:51.189] [modloading-worker-0/INFO] [org.admany.quantified.core.forge.wide.QuantifiedForgeWideBootstrap/]: [Quantified] Quantified Async Pool Start
[10Aug2026 03:02:51.203] [modloading-worker-0/DEBUG] [Framework/]: Loaded com.mrcrayfish.framework.platform.ForgePlatformHelper@5051c8c3 for service interface com.mrcrayfish.framework.platform.services.IPlatformHelper
[10Aug2026 03:02:51.206] [modloading-worker-0/DEBUG] [Framework/]: Loaded com.mrcrayfish.framework.platform.ForgeNetworkHelper@5b81be6f for service interface com.mrcrayfish.framework.platform.services.INetworkHelper
[10Aug2026 03:02:51.212] [modloading-worker-0/DEBUG] [Framework/]: Loaded com.mrcrayfish.framework.platform.ForgeRegistrationHelper@4d8f043 for service interface com.mrcrayfish.framework.platform.services.IRegistrationHelper
[10Aug2026 03:02:51.213] [modloading-worker-0/DEBUG] [Framework/]: Loaded com.mrcrayfish.framework.platform.ForgeEntityHelper@d4df723 for service interface com.mrcrayfish.framework.platform.services.IEntityHelper
[10Aug2026 03:02:51.213] [modloading-worker-0/DEBUG] [Framework/]: Loaded com.mrcrayfish.framework.platform.ForgeItemHelper@5911049a for service interface com.mrcrayfish.framework.platform.services.IItemHelper
[10Aug2026 03:02:51.221] [modloading-worker-0/DEBUG] [Framework/]: Loaded com.mrcrayfish.framework.platform.ForgeConfigHelper@32ec28fe for service interface com.mrcrayfish.framework.platform.services.IConfigHelper
[10Aug2026 03:02:51.228] [modloading-worker-0/INFO] [be.florens.expandability.ExpandAbility/]: ExpandAbility here, who dis?
[10Aug2026 03:02:51.230] [modloading-worker-0/DEBUG] [net.minecraftforge.fml.javafmlmod.AutomaticEventSubscriber/LOADING]: Attempting to inject @EventBusSubscriber classes into the eventbus for expandability
[10Aug2026 03:02:51.240] [modloading-worker-0/INFO] [thedarkcolour.kotlinforforge.test.KotlinForForge/]: Kotlin For Forge Enabled!
[10Aug2026 03:02:51.245] [modloading-worker-0/DEBUG] [thedarkcolour.kotlinforforge.LoggerKt/LOADING]: Attempting to inject @EventBusSubscriber kotlin objects in to the event bus for kotlinforforge
[10Aug2026 03:02:51.247] [modloading-worker-0/INFO] [org.admany.quantified.core.common.cache.disk.DiskCacheManager/]: Initialized disk cache at: /workspaces/papuproyecto/servidor_minecraft/config/QuantifiedAPI/cache
[10Aug2026 03:02:51.251] [modloading-worker-0/DEBUG] [org.admany.quantified.core.forge.wide.QuantifiedForgeWideBootstrap/]: [Quantified] Quantified GPU Acceleration Starting
[10Aug2026 03:02:51.262] [modloading-worker-0/DEBUG] [MrCrayfish's Furniture Mod: Refurbished/]: Loaded com.mrcrayfish.furniture.refurbished.platform.ForgePlatformHelper@14a0de7b for service interface com.mrcrayfish.furniture.refurbished.platform.services.IPlatformHelper
[10Aug2026 03:02:51.265] [modloading-worker-0/INFO] [org.admany.quantified.core.forge.wide.QuantifiedForgeWideBootstrap/]: OpenCL initialization deferred to background probe.
[10Aug2026 03:02:51.267] [modloading-worker-0/DEBUG] [MrCrayfish's Furniture Mod: Refurbished/]: Loaded com.mrcrayfish.furniture.refurbished.platform.ForgeBlockHelper@774d5bd3 for service interface com.mrcrayfish.furniture.refurbished.platform.services.IBlockHelper
[10Aug2026 03:02:51.277] [modloading-worker-0/INFO] [org.admany.quantified.core.common.gpu.backend.VulkanProbeScheduler/]: Vulkan probe scheduler armed (maxAttempts=3, initialDelayMs=0, retryDelayMs=60000)
[10Aug2026 03:02:51.278] [modloading-worker-0/DEBUG] [MrCrayfish's Furniture Mod: Refurbished/]: Loaded com.mrcrayfish.furniture.refurbished.platform.ForgeBlockEntityHelper@73b9f76c for service interface com.mrcrayfish.furniture.refurbished.platform.services.IBlockEntityHelper
[10Aug2026 03:02:51.279] [modloading-worker-0/DEBUG] [MrCrayfish's Furniture Mod: Refurbished/]: Loaded com.mrcrayfish.furniture.refurbished.platform.ForgeItemHelper@7bf88ba4 for service interface com.mrcrayfish.furniture.refurbished.platform.services.IItemHelper
[10Aug2026 03:02:51.280] [modloading-worker-0/DEBUG] [MrCrayfish's Furniture Mod: Refurbished/]: Loaded com.mrcrayfish.furniture.refurbished.platform.ForgeEntityHelper@52f9972f for service interface com.mrcrayfish.furniture.refurbished.platform.services.IEntityHelper
[10Aug2026 03:02:51.281] [modloading-worker-0/DEBUG] [MrCrayfish's Furniture Mod: Refurbished/]: Loaded com.mrcrayfish.furniture.refurbished.platform.ForgeRecipeHelper@73541898 for service interface com.mrcrayfish.furniture.refurbished.platform.services.IRecipeHelper
[10Aug2026 03:02:51.281] [modloading-worker-0/INFO] [org.admany.quantified.core.common.gpu.backend.VulkanProbeScheduler/]: Scheduling Vulkan probe attempt #1 (initial) in 0 ms
[10Aug2026 03:02:51.283] [modloading-worker-0/DEBUG] [MrCrayfish's Furniture Mod: Refurbished/]: Loaded com.mrcrayfish.furniture.refurbished.platform.ForgeFluidHelper@7fd1eaac for service interface com.mrcrayfish.furniture.refurbished.platform.services.IFluidHelper
[10Aug2026 03:02:51.283] [modloading-worker-0/DEBUG] [MrCrayfish's Furniture Mod: Refurbished/]: Loaded com.mrcrayfish.furniture.refurbished.platform.ForgeTagHelper@32917f18 for service interface com.mrcrayfish.furniture.refurbished.platform.services.ITagHelper
[10Aug2026 03:02:51.286] [modloading-worker-0/DEBUG] [MrCrayfish's Furniture Mod: Refurbished/]: Loaded com.mrcrayfish.furniture.refurbished.platform.ForgeMenuHelper@15a1e18b for service interface com.mrcrayfish.furniture.refurbished.platform.services.IMenuHelper
[10Aug2026 03:02:51.287] [modloading-worker-0/INFO] [org.admany.quantified.core.forge.wide.QuantifiedForgeWideBootstrap/]: Vulkan initialization deferred to background probe (isolated bundled runtime for legacy Minecraft).
[10Aug2026 03:02:51.288] [Quantified-Vulkan-Probe-Scheduler/INFO] [org.admany.quantified.core.common.gpu.backend.VulkanProbeScheduler/]: Running Vulkan probe attempt #1 (initial)
[10Aug2026 03:02:51.290] [Quantified-Vulkan-Probe-Scheduler/INFO] [org.admany.quantified.core.common.gpu.backend.VulkanRuntime/]: [Vulkan][Probe 1] Reprobe requested on thread 'Quantified-Vulkan-Probe-Scheduler' (group=main')
[10Aug2026 03:02:51.290] [Quantified-Vulkan-Probe-Scheduler/INFO] [org.admany.quantified.core.common.gpu.backend.VulkanRuntime/]: [Vulkan][Probe 1] Probe start on thread 'Quantified-Vulkan-Probe-Scheduler' LWJGL-stack=64 MiB
[10Aug2026 03:02:51.298] [modloading-worker-0/DEBUG] [org.admany.quantified.core.forge.wide.QuantifiedForgeWideBootstrap/]: Registered mod: quantified v1.0.0
[10Aug2026 03:02:51.298] [modloading-worker-0/DEBUG] [org.admany.quantified.core.forge.wide.QuantifiedForgeWideBootstrap/]: Registered mod: test-mod v1.0.0
[10Aug2026 03:02:51.304] [Quantified-Vulkan-Probe-Scheduler/INFO] [org.admany.quantified.core.common.gpu.backend.VulkanRuntime/]: [Vulkan][Probe 1] Environment: os=Linux 6.8.0-1052-azure, arch=amd64, java=17.0.19, vendor=Ubuntu, lwjgl.stack.bytes=67108864, quantified.lwjgl.stackSizeBytes=67108864, quantified.lwjgl.stackSizeKb=65536, quantified.gpuThreadStackBytes=<unset>, quantified.gpuThreadStackKb=<unset>, quantified.probeThreadStackBytes=<unset>, quantified.probeThreadStackKb=<unset>, org.lwjgl.system.stackSizeKb=65536
[10Aug2026 03:02:51.308] [modloading-worker-0/DEBUG] [org.admany.quantified.core.common.util.QuantifiedConnectionListener/]: Mod connected: quantified
[10Aug2026 03:02:51.308] [modloading-worker-0/DEBUG] [org.admany.quantified.core.forge.wide.QuantifiedForgeWideBootstrap/]: [Quantified] Quantified API WebPanel starting
[10Aug2026 03:02:51.310] [Quantified-Vulkan-Probe-Scheduler/INFO] [org.admany.quantified.core.common.gpu.backend.VulkanRuntime/]: [Vulkan][Probe 1] Loader env: VK_ICD_FILENAMES=<unset>, VK_DRIVER_FILES=<unset>, VK_LAYER_PATH=<unset>, VK_INSTANCE_LAYERS=<unset>, VK_LOADER_DEBUG=<unset>, VK_LOADER_LAYERS_DISABLE=<unset>
[10Aug2026 03:02:51.344] [modloading-worker-0/DEBUG] [org.admany.quantified.core.forge.wide.QuantifiedForgeWideBootstrap/]: [Quantified] Forcing API class initialization
[10Aug2026 03:02:51.382] [modloading-worker-0/DEBUG] [org.admany.quantified.core.forge.wide.QuantifiedForgeWideBootstrap/]: OpenCL core classes loaded successfully.
[10Aug2026 03:02:51.383] [modloading-worker-0/INFO] [org.admany.quantified.core.forge.wide.QuantifiedForgeWideBootstrap/]: Vulkan isolated runtime classes loaded successfully for legacy Minecraft.
[10Aug2026 03:02:51.384] [modloading-worker-0/INFO] [org.admany.quantified.core.forge.wide.QuantifiedForgeWideBootstrap/]: All Quantified API classes successfully initialized.
[10Aug2026 03:02:51.384] [modloading-worker-0/INFO] [org.admany.quantified.core.forge.wide.QuantifiedForgeWideBootstrap/]: Quantified API initialized successfully.
[10Aug2026 03:02:51.385] [modloading-worker-0/INFO] [org.admany.quantified.core.forge.wide.QuantifiedForgeWideBootstrap/]: [Quantified] Quantified API has been called out by:
  - [Quantified Frontend] (Version 2.2.0) at 03:02
  - [test-mod] (Version 1.0.0) at 03:02
[10Aug2026 03:02:51.395] [modloading-worker-0/INFO] [org.admany.quantified.core.compat.LegacyApiRegistry/]: Quantified API v2: no legacy v1.x mod integrations detected.
[10Aug2026 03:02:51.395] [modloading-worker-0/DEBUG] [net.minecraftforge.fml.javafmlmod.AutomaticEventSubscriber/LOADING]: Attempting to inject @EventBusSubscriber classes into the eventbus for quantified
[10Aug2026 03:02:51.624] [modloading-worker-0/DEBUG] [mixin/]: Mixing perf.smart_ingredient_sync.ConnectionMixin from modernfix-modernfix.mixins.json into net.minecraft.network.Connection
[10Aug2026 03:02:51.651] [modloading-worker-0/DEBUG] [net.minecraftforge.fml.javafmlmod.AutomaticEventSubscriber/LOADING]: Attempting to inject @EventBusSubscriber classes into the eventbus for framework
[10Aug2026 03:02:51.651] [modloading-worker-0/DEBUG] [net.minecraftforge.fml.javafmlmod.AutomaticEventSubscriber/LOADING]: Auto-subscribing com.mrcrayfish.framework.entity.sync.ForgeSyncedEntityDataHandler to FORGE
[10Aug2026 03:02:51.686] [Quantified-Vulkan-Probe-Scheduler/INFO] [org.admany.quantified.core.common.gpu.backend.VulkanRuntime/]: [Vulkan][Probe 1] Launching isolated Vulkan probe: /usr/lib/jvm/java-17-openjdk-amd64/bin/java -Xms16m -Xmx256m -XX:MaxDirectMemorySize=128m -Xss16m -Dorg.lwjgl.system.stackSize=16384 -Dquantified.lwjgl.stackSizeKb=16384 -Dquantified.lwjgl.stackSizeBytes=16777216 -Dorg.lwjgl.system.SharedLibraryExtractPath=/workspaces/papuproyecto/servidor_minecraft/config/QuantifiedAPI/cache/tools/vulkanProbe/natives -Dorg.lwjgl.librarypath=/workspaces/papuproyecto/servidor_minecraft/config/QuantifiedAPI/cache/tools/vulkanProbe/natives -cp /workspaces/papuproyecto/servidor_minecraft/config/QuantifiedAPI/cache/tools/vulkanProbe/quantified-vulkan-probe.jar:/workspaces/papuproyecto/servidor_minecraft/config/QuantifiedAPI/cache/tools/vulkanProbe/lib/lwjgl-3.3.3-natives-linux-arm64.jar:/workspaces/papuproyecto/servidor_minecraft/config/QuantifiedAPI/cache/tools/vulkanProbe/lib/lwjgl-3.3.3-natives-linux.jar:/workspaces/papuproyecto/servidor_minecraft/config/QuantifiedAPI/cache/tools/vulkanProbe/lib/lwjgl-3.3.3-natives-windows.jar:/workspaces/papuproyecto/servidor_minecraft/config/QuantifiedAPI/cache/tools/vulkanProbe/lib/lwjgl-3.3.3.jar:/workspaces/papuproyecto/servidor_minecraft/config/QuantifiedAPI/cache/tools/vulkanProbe/lib/lwjgl-vulkan-3.3.3.jar org.admany.quantified.vulkan.probe.VulkanProbeEntrypoint [VK_LOADER_LAYERS_DISABLE=~implicit~, VK_LOADER_DEBUG=error]
[10Aug2026 03:02:51.740] [Quantified-Vulkan-Probe-Stdout/INFO] [org.admany.quantified.core.common.gpu.backend.VulkanRuntime/]: [Vulkan][Probe 1] [Subprocess] [probe] [heartbeat] startup
[10Aug2026 03:02:51.740] [Quantified-Vulkan-Probe-Stdout/INFO] [org.admany.quantified.core.common.gpu.backend.VulkanRuntime/]: [Vulkan][Probe 1] [Subprocess] [probe] [heartbeat] pre-librarypath-config
[10Aug2026 03:02:51.761] [Quantified-Vulkan-Probe-Stdout/INFO] [org.admany.quantified.core.common.gpu.backend.VulkanRuntime/]: [Vulkan][Probe 1] [Subprocess] [probe] java=17.0.19, vendor=Ubuntu, os=Linux 6.8.0-1052-azure, arch=amd64
[10Aug2026 03:02:51.765] [Quantified-Vulkan-Probe-Stdout/INFO] [org.admany.quantified.core.common.gpu.backend.VulkanRuntime/]: [Vulkan][Probe 1] [Subprocess] [probe] org.lwjgl.system.stackSizeKb=16384, quantified.lwjgl.stackSizeBytes=16777216
[10Aug2026 03:02:51.765] [Quantified-Vulkan-Probe-Stdout/INFO] [org.admany.quantified.core.common.gpu.backend.VulkanRuntime/]: [Vulkan][Probe 1] [Subprocess] [probe] java.library.path=/tmp/_MEIuXk0Wj:/usr/java/packages/lib:/usr/lib/x86_64-linux-gnu/jni:/lib/x86_64-linux-gnu:/usr/lib/x86_64-linux-gnu:/usr/lib/jni:/lib:/usr/lib
[10Aug2026 03:02:51.766] [Quantified-Vulkan-Probe-Stdout/INFO] [org.admany.quantified.core.common.gpu.backend.VulkanRuntime/]: [Vulkan][Probe 1] [Subprocess] [probe] org.lwjgl.librarypath=/workspaces/papuproyecto/servidor_minecraft/config/QuantifiedAPI/cache/tools/vulkanProbe/natives
[10Aug2026 03:02:51.766] [Quantified-Vulkan-Probe-Stdout/INFO] [org.admany.quantified.core.common.gpu.backend.VulkanRuntime/]: [Vulkan][Probe 1] [Subprocess] [probe] org.lwjgl.system.SharedLibraryExtractPath(original)=/workspaces/papuproyecto/servidor_minecraft/config/QuantifiedAPI/cache/tools/vulkanProbe/natives
[10Aug2026 03:02:51.766] [Quantified-Vulkan-Probe-Stdout/INFO] [org.admany.quantified.core.common.gpu.backend.VulkanRuntime/]: [Vulkan][Probe 1] [Subprocess] [probe] org.lwjgl.system.SharedLibraryExtractPath(effective)=/workspaces/papuproyecto/servidor_minecraft/config/QuantifiedAPI/cache/tools/vulkanProbe/natives
[10Aug2026 03:02:51.766] [Quantified-Vulkan-Probe-Stdout/INFO] [org.admany.quantified.core.common.gpu.backend.VulkanRuntime/]: [Vulkan][Probe 1] [Subprocess] [probe] [heartbeat] post-librarypath-config
[10Aug2026 03:02:51.775] [Quantified-Vulkan-Probe-Stdout/INFO] [org.admany.quantified.core.common.gpu.backend.VulkanRuntime/]: [Vulkan][Probe 1] [Subprocess] [probe] [heartbeat] pre-VK-init
[10Aug2026 03:02:51.816] [main/DEBUG] [SpectreLib/CONFIG]: Loading global configs
[10Aug2026 03:02:51.917] [Quantified-Vulkan-Probe-Stdout/INFO] [org.admany.quantified.core.common.gpu.backend.VulkanRuntime/]: [Vulkan][Probe 1] [Subprocess] [LWJGL] Failed to load a library. Possible solutions:
[10Aug2026 03:02:51.917] [Quantified-Vulkan-Probe-Stdout/INFO] [org.admany.quantified.core.common.gpu.backend.VulkanRuntime/]: [Vulkan][Probe 1] [Subprocess] 	a) Install the library or the driver that provides the library.
[10Aug2026 03:02:51.917] [Quantified-Vulkan-Probe-Stdout/INFO] [org.admany.quantified.core.common.gpu.backend.VulkanRuntime/]: [Vulkan][Probe 1] [Subprocess] 	b) Ensure that the library is accessible from the system library paths.
[10Aug2026 03:02:51.920] [Quantified-Vulkan-Probe-Stdout/INFO] [org.admany.quantified.core.common.gpu.backend.VulkanRuntime/]: [Vulkan][Probe 1] [Subprocess] [LWJGL] Enable debug mode with -Dorg.lwjgl.util.Debug=true for better diagnostics.
[10Aug2026 03:02:51.920] [Quantified-Vulkan-Probe-Stdout/INFO] [org.admany.quantified.core.common.gpu.backend.VulkanRuntime/]: [Vulkan][Probe 1] [Subprocess] [LWJGL] Enable the SharedLibraryLoader debug mode with -Dorg.lwjgl.util.DebugLoader=true for better diagnostics.
[10Aug2026 03:02:51.920] [Quantified-Vulkan-Probe-Stdout/INFO] [org.admany.quantified.core.common.gpu.backend.VulkanRuntime/]: [Vulkan][Probe 1] [Subprocess] [probe] VK bootstrap failure: java.lang.UnsatisfiedLinkError: Failed to locate library: libvulkan.so.1
[10Aug2026 03:02:51.920] [Quantified-Vulkan-Probe-Stdout/INFO] [org.admany.quantified.core.common.gpu.backend.VulkanRuntime/]: [Vulkan][Probe 1] [Subprocess] java.lang.UnsatisfiedLinkError: Failed to locate library: libvulkan.so.1
[10Aug2026 03:02:51.920] [Quantified-Vulkan-Probe-Stdout/INFO] [org.admany.quantified.core.common.gpu.backend.VulkanRuntime/]: [Vulkan][Probe 1] [Subprocess] 	at org.lwjgl.system.Library.loadNative(Library.java:346)
[10Aug2026 03:02:51.921] [Quantified-Vulkan-Probe-Stdout/INFO] [org.admany.quantified.core.common.gpu.backend.VulkanRuntime/]: [Vulkan][Probe 1] [Subprocess] 	at org.lwjgl.system.Library.loadNative(Library.java:236)
[10Aug2026 03:02:51.921] [Quantified-Vulkan-Probe-Stdout/INFO] [org.admany.quantified.core.common.gpu.backend.VulkanRuntime/]: [Vulkan][Probe 1] [Subprocess] 	at org.lwjgl.system.Library.loadNative(Library.java:217)
[10Aug2026 03:02:51.921] [Quantified-Vulkan-Probe-Stdout/INFO] [org.admany.quantified.core.common.gpu.backend.VulkanRuntime/]: [Vulkan][Probe 1] [Subprocess] 	at org.lwjgl.system.Library.loadNative(Library.java:431)
[10Aug2026 03:02:51.921] [Quantified-Vulkan-Probe-Stdout/INFO] [org.admany.quantified.core.common.gpu.backend.VulkanRuntime/]: [Vulkan][Probe 1] [Subprocess] 	at org.lwjgl.system.Library.loadNative(Library.java:402)
[10Aug2026 03:02:51.921] [Quantified-Vulkan-Probe-Stdout/INFO] [org.admany.quantified.core.common.gpu.backend.VulkanRuntime/]: [Vulkan][Probe 1] [Subprocess] 	at org.lwjgl.vulkan.VK.create(VK.java:52)
[10Aug2026 03:02:51.921] [Quantified-Vulkan-Probe-Stdout/INFO] [org.admany.quantified.core.common.gpu.backend.VulkanRuntime/]: [Vulkan][Probe 1] [Subprocess] 	at org.lwjgl.vulkan.VK.<clinit>(VK.java:37)
[10Aug2026 03:02:51.921] [Quantified-Vulkan-Probe-Stdout/INFO] [org.admany.quantified.core.common.gpu.backend.VulkanRuntime/]: [Vulkan][Probe 1] [Subprocess] 	at java.base/java.lang.Class.forName0(Native Method)
[10Aug2026 03:02:51.921] [Quantified-Vulkan-Probe-Stdout/INFO] [org.admany.quantified.core.common.gpu.backend.VulkanRuntime/]: [Vulkan][Probe 1] [Subprocess] 	at java.base/java.lang.Class.forName(Class.java:377)
[10Aug2026 03:02:51.921] [Quantified-Vulkan-Probe-Stdout/INFO] [org.admany.quantified.core.common.gpu.backend.VulkanRuntime/]: [Vulkan][Probe 1] [Subprocess] 	at org.admany.quantified.vulkan.probe.VulkanProbeEntrypoint.bootstrapVulkanBinding(VulkanProbeEntrypoint.java:89)
[10Aug2026 03:02:51.921] [Quantified-Vulkan-Probe-Stdout/INFO] [org.admany.quantified.core.common.gpu.backend.VulkanRuntime/]: [Vulkan][Probe 1] [Subprocess] 	at org.admany.quantified.vulkan.probe.VulkanProbeEntrypoint.main(VulkanProbeEntrypoint.java:69)
[10Aug2026 03:02:51.921] [Quantified-Vulkan-Probe-Stdout/INFO] [org.admany.quantified.core.common.gpu.backend.VulkanRuntime/]: [Vulkan][Probe 1] [Subprocess] [probe] [heartbeat] post-VK-init-failed
[10Aug2026 03:02:51.922] [Quantified-Vulkan-Probe-Stdout/INFO] [org.admany.quantified.core.common.gpu.backend.VulkanRuntime/]: [Vulkan][Probe 1] [Subprocess] [probe] [heartbeat] done
[10Aug2026 03:02:51.922] [Quantified-Vulkan-Probe-Stdout/INFO] [org.admany.quantified.core.common.gpu.backend.VulkanRuntime/]: [Vulkan][Probe 1] [Subprocess] {"ok":false,"code":"vk_class_init_failed","maxApiVersion":0,"selectedApiVersion":0,"devices":[],"failure":"UnsatisfiedLinkError: Failed to locate library: libvulkan.so.1"}
[10Aug2026 03:02:51.933] [Quantified-Vulkan-Probe-Scheduler/WARN] [org.admany.quantified.core.common.gpu.backend.VulkanRuntime/]: [Vulkan][Probe 1] UnsatisfiedLinkError: Failed to locate library: libvulkan.so.1
[10Aug2026 03:02:51.944] [Quantified-Vulkan-Probe-Scheduler/INFO] [org.admany.quantified.core.common.gpu.backend.VulkanRuntime/]: [Quantified][GPU Startup][Vulkan] probe=1 inProcessAvailable=false executionCandidate=false mode=ISOLATED inProcessBindings=false embeddedProbeBundle=true devices=none reason=UnsatisfiedLinkError: Failed to locate library: libvulkan.so.1 linux{libvulkan=false,libopencl=false,dri=true,nvidia=false,vkIcdOverride=false,vkDriverOverride=false,openclVendorDir=false}
[10Aug2026 03:02:51.948] [Quantified-Vulkan-Probe-Scheduler/INFO] [org.admany.quantified.core.common.gpu.backend.VulkanProbeScheduler/]: Scheduling Vulkan probe attempt #2 (retry:unavailable) in 60000 ms
[10Aug2026 03:02:52.354] [main/DEBUG] [net.minecraftforge.common.capabilities.CapabilityManager/CAPABILITIES]: Attempting to automatically register: Lnet/minecraftforge/energy/IEnergyStorage;
[10Aug2026 03:02:52.354] [main/DEBUG] [net.minecraftforge.common.capabilities.CapabilityManager/CAPABILITIES]: Attempting to automatically register: Lnet/minecraftforge/fluids/capability/IFluidHandler;
[10Aug2026 03:02:52.354] [main/DEBUG] [net.minecraftforge.common.capabilities.CapabilityManager/CAPABILITIES]: Attempting to automatically register: Lnet/minecraftforge/fluids/capability/IFluidHandlerItem;
[10Aug2026 03:02:52.354] [main/DEBUG] [net.minecraftforge.common.capabilities.CapabilityManager/CAPABILITIES]: Attempting to automatically register: Lnet/minecraftforge/items/IItemHandler;
[10Aug2026 03:02:52.889] [main/DEBUG] [mixin/]: Mixing SelfItemDisplayTileMixin from moonlight.mixins.json into net.mehvahdjukaar.moonlight.api.block.ItemDisplayTile
[10Aug2026 03:02:53.143] [main/DEBUG] [mixin/]: Mixing self.SelfSpeakerBlockTileMixin from supplementaries.mixins.json into net.mehvahdjukaar.supplementaries.common.block.tiles.SpeakerBlockTile
[10Aug2026 03:02:53.891] [main/DEBUG] [mixin/]: Mixing self.SelfDispenserMinecraftMixin from supplementaries.mixins.json into net.mehvahdjukaar.supplementaries.common.entities.dispenser_minecart.DispenserMinecartEntity
[10Aug2026 03:02:53.892] [main/DEBUG] [mixin/]: Renaming synthetic method lambda$reviveCaps$1()Lnet/minecraftforge/items/wrapper/InvWrapper; to mdff13ee$lambda$reviveCaps$1$0 in supplementaries.mixins.json:self.SelfDispenserMinecraftMixin
[10Aug2026 03:02:53.892] [main/DEBUG] [mixin/]: Renaming synthetic method lambda$new$0()Lnet/minecraftforge/items/wrapper/InvWrapper; to mdff13ee$lambda$new$0$1 in supplementaries.mixins.json:self.SelfDispenserMinecraftMixin
[10Aug2026 03:02:54.382] [main/DEBUG] [dev.architectury.core.item.ArchitecturySpawnEggItem/]: Registering spawn egg mimic_spawn_egg for artifacts:mimic
[10Aug2026 03:02:54.411] [main/INFO] [Moonlight/]: Initialized block sets in 17ms
[10Aug2026 03:02:55.082] [main/DEBUG] [mixin/]: Mixing PotionUtilsMixin from alexscaves.mixins.json into net.minecraft.world.item.alchemy.PotionUtils
[10Aug2026 03:02:55.083] [main/DEBUG] [mixin/]: Renaming synthetic method lambda$ac_getColor$0(Lnet/minecraft/world/effect/MobEffectInstance;)Z to mdff13ee$lambda$ac_getColor$0$0 in alexscaves.mixins.json:PotionUtilsMixin
[10Aug2026 03:02:55.120] [main/DEBUG] [mixin/]: Mixing perf.dynamic_dfu.DataFixersMixin from modernfix-modernfix.mixins.json into net.minecraft.util.datafix.DataFixers
[10Aug2026 03:02:55.120] [main/DEBUG] [mixin/]: Renaming synthetic method lambda$createLazyFixerUpper$0(Ljava/util/Set;)Lcom/mojang/datafixers/DataFixer; to mdff13ee$lambda$createLazyFixerUpper$0$0 in modernfix-modernfix.mixins.json:perf.dynamic_dfu.DataFixersMixin
[10Aug2026 03:02:55.217] [main/INFO] [ModernFix/]: Bypassed Mojang DFU
[10Aug2026 03:02:55.218] [main/INFO] [ModernFix/]: Instantiating Mojang DFU
[10Aug2026 03:02:55.345] [main/DEBUG] [mixin/]: Mixing perf.compact_mojang_registries.BlockStateDataMixin from modernfix-modernfix.mixins.json into net.minecraft.util.datafix.fixes.BlockStateData
[10Aug2026 03:02:55.889] [main/DEBUG] [placebo/]: Registered 0 recipe types.
[10Aug2026 03:02:55.901] [main/DEBUG] [mixin/]: Mixing AccessorSmithingTransformRecipe from patchouli_xplat.mixins.json into net.minecraft.world.item.crafting.SmithingTransformRecipe
[10Aug2026 03:02:55.901] [main/DEBUG] [mixin/]: Mixing AccessorSmithingTransformRecipe from polymorph.mixins.json into net.minecraft.world.item.crafting.SmithingTransformRecipe
[10Aug2026 03:02:55.902] [main/DEBUG] [mixin/]: Unexpected: Registered method getTemplate()Lnet/minecraft/world/item/crafting/Ingredient; in net.minecraft.world.item.crafting.SmithingTransformRecipe was not merged
[10Aug2026 03:02:55.902] [main/DEBUG] [mixin/]: Unexpected: Registered method getBase()Lnet/minecraft/world/item/crafting/Ingredient; in net.minecraft.world.item.crafting.SmithingTransformRecipe was not merged
[10Aug2026 03:02:55.902] [main/DEBUG] [mixin/]: Unexpected: Registered method getAddition()Lnet/minecraft/world/item/crafting/Ingredient; in net.minecraft.world.item.crafting.SmithingTransformRecipe was not merged
[10Aug2026 03:02:55.919] [main/DEBUG] [mixin/]: Mixing accessor.ShapelessRecipeAccessor from tombstone.mixins.json into net.minecraft.world.item.crafting.ShapelessRecipe
[10Aug2026 03:02:56.162] [main/DEBUG] [mixin/]: Mixing perf.faster_ingredients.ForgeHooksMixin from modernfix-modernfix.mixins.json into net.minecraftforge.common.ForgeHooks
[10Aug2026 03:02:56.163] [main/DEBUG] [mixin/]: Mixing ForgeHooksMixin from tombstone.mixins.json into net.minecraftforge.common.ForgeHooks
[10Aug2026 03:02:56.192] [main/DEBUG] [mixin/]: Mixing perf.attribute_supplier_dedup.AttributeSupplierMixin from modernfix-modernfix.mixins.json into net.minecraft.world.entity.ai.attributes.AttributeSupplier
[10Aug2026 03:02:56.308] [main/WARN] [net.minecraft.network.syncher.SynchedEntityData/]: defineId called for: class com.github.alexmodguy.alexscaves.server.entity.living.TremorzillaEntity from class com.github.alexmodguy.alexscaves.server.entity.living.LicowitchEntity
[10Aug2026 03:02:56.346] [Quantified-OpenCL-Probe/INFO] [org.admany.quantified.core.common.opencl.core.OpenCLRuntime/]: [OpenCL][Probe 1] Launching isolated OpenCL probe: /usr/lib/jvm/java-17-openjdk-amd64/bin/java -Xms16m -Xmx256m -Xss16m -Dorg.lwjgl.opencl.explicitInit=true -Dorg.lwjgl.system.stackSize=16384 -Dorg.lwjgl.system.SharedLibraryExtractPath=/workspaces/papuproyecto/servidor_minecraft/config/QuantifiedAPI/cache/tools/openclProbe/natives -Dorg.lwjgl.librarypath=/workspaces/papuproyecto/servidor_minecraft/config/QuantifiedAPI/cache/tools/openclProbe/natives -cp /workspaces/papuproyecto/servidor_minecraft/config/QuantifiedAPI/cache/tools/openclProbe/quantified-opencl-probe.jar:/workspaces/papuproyecto/servidor_minecraft/config/QuantifiedAPI/cache/tools/openclProbe/lib/lwjgl-3.3.3-natives-linux-arm64.jar:/workspaces/papuproyecto/servidor_minecraft/config/QuantifiedAPI/cache/tools/openclProbe/lib/lwjgl-3.3.3-natives-linux.jar:/workspaces/papuproyecto/servidor_minecraft/config/QuantifiedAPI/cache/tools/openclProbe/lib/lwjgl-3.3.3-natives-windows.jar:/workspaces/papuproyecto/servidor_minecraft/config/QuantifiedAPI/cache/tools/openclProbe/lib/lwjgl-3.3.3.jar:/workspaces/papuproyecto/servidor_minecraft/config/QuantifiedAPI/cache/tools/openclProbe/lib/lwjgl-opencl-3.3.3.jar org.admany.quantified.opencl.probe.OpenCLProbeEntrypoint
[10Aug2026 03:02:56.368] [main/DEBUG] [ModernFix/]: Removed 3817 redundant object holders
[10Aug2026 03:02:56.535] [Quantified-OpenCL-Probe-Stdout/INFO] [org.admany.quantified.core.common.opencl.core.OpenCLRuntime/]: [OpenCL][Probe 1] [Subprocess] [LWJGL] Failed to load a library. Possible solutions:
[10Aug2026 03:02:56.535] [Quantified-OpenCL-Probe-Stdout/INFO] [org.admany.quantified.core.common.opencl.core.OpenCLRuntime/]: [OpenCL][Probe 1] [Subprocess] 	a) Install the library or the driver that provides the library.
[10Aug2026 03:02:56.535] [Quantified-OpenCL-Probe-Stdout/INFO] [org.admany.quantified.core.common.opencl.core.OpenCLRuntime/]: [OpenCL][Probe 1] [Subprocess] 	b) Ensure that the library is accessible from the system library paths.
[10Aug2026 03:02:56.535] [Quantified-OpenCL-Probe-Stdout/INFO] [org.admany.quantified.core.common.opencl.core.OpenCLRuntime/]: [OpenCL][Probe 1] [Subprocess] [LWJGL] Enable debug mode with -Dorg.lwjgl.util.Debug=true for better diagnostics.
[10Aug2026 03:02:56.535] [Quantified-OpenCL-Probe-Stdout/INFO] [org.admany.quantified.core.common.opencl.core.OpenCLRuntime/]: [OpenCL][Probe 1] [Subprocess] [LWJGL] Enable the SharedLibraryLoader debug mode with -Dorg.lwjgl.util.DebugLoader=true for better diagnostics.
[10Aug2026 03:02:56.538] [Quantified-OpenCL-Probe-Stdout/INFO] [org.admany.quantified.core.common.opencl.core.OpenCLRuntime/]: [OpenCL][Probe 1] [Subprocess] {"ok":false,"devices":[],"failure":"UnsatisfiedLinkError: Failed to locate library: libOpenCL.so.1"}
[10Aug2026 03:02:56.575] [main/DEBUG] [net.minecraftforge.fml.config.ConfigTracker/CONFIG]: Loading configs type COMMON
[10Aug2026 03:02:56.576] [main/DEBUG] [net.minecraftforge.fml.config.ConfigFileTypeHandler/CONFIG]: Built TOML config for /workspaces/papuproyecto/servidor_minecraft/config/sophisticatedcore-common.toml
[10Aug2026 03:02:56.577] [main/DEBUG] [net.minecraftforge.fml.config.ConfigFileTypeHandler/CONFIG]: Loaded TOML config file /workspaces/papuproyecto/servidor_minecraft/config/sophisticatedcore-common.toml
[10Aug2026 03:02:56.579] [main/DEBUG] [net.minecraftforge.fml.config.ConfigFileTypeHandler/CONFIG]: Watching TOML config file /workspaces/papuproyecto/servidor_minecraft/config/sophisticatedcore-common.toml for changes
[10Aug2026 03:02:56.580] [main/DEBUG] [net.minecraftforge.fml.config.ConfigFileTypeHandler/CONFIG]: Built TOML config for /workspaces/papuproyecto/servidor_minecraft/config/ntgl-common.toml
[10Aug2026 03:02:56.581] [main/DEBUG] [net.minecraftforge.fml.config.ConfigFileTypeHandler/CONFIG]: Loaded TOML config file /workspaces/papuproyecto/servidor_minecraft/config/ntgl-common.toml
[10Aug2026 03:02:56.581] [main/DEBUG] [net.minecraftforge.fml.config.ConfigFileTypeHandler/CONFIG]: Watching TOML config file /workspaces/papuproyecto/servidor_minecraft/config/ntgl-common.toml for changes
[10Aug2026 03:02:56.582] [main/DEBUG] [net.minecraftforge.fml.config.ConfigFileTypeHandler/CONFIG]: Built TOML config for /workspaces/papuproyecto/servidor_minecraft/config/trashslot-common.toml
[10Aug2026 03:02:56.582] [main/DEBUG] [net.minecraftforge.fml.config.ConfigFileTypeHandler/CONFIG]: Loaded TOML config file /workspaces/papuproyecto/servidor_minecraft/config/trashslot-common.toml
[10Aug2026 03:02:56.583] [main/DEBUG] [net.minecraftforge.fml.config.ConfigFileTypeHandler/CONFIG]: Watching TOML config file /workspaces/papuproyecto/servidor_minecraft/config/trashslot-common.toml for changes
[10Aug2026 03:02:56.584] [main/DEBUG] [net.minecraftforge.fml.config.ConfigFileTypeHandler/CONFIG]: Built TOML config for /workspaces/papuproyecto/servidor_minecraft/config/waystones-common.toml
[10Aug2026 03:02:56.585] [main/DEBUG] [net.minecraftforge.fml.config.ConfigFileTypeHandler/CONFIG]: Loaded TOML config file /workspaces/papuproyecto/servidor_minecraft/config/waystones-common.toml
[10Aug2026 03:02:56.585] [main/DEBUG] [net.minecraftforge.fml.config.ConfigFileTypeHandler/CONFIG]: Watching TOML config file /workspaces/papuproyecto/servidor_minecraft/config/waystones-common.toml for changes
[10Aug2026 03:02:56.589] [main/DEBUG] [net.minecraftforge.fml.config.ConfigFileTypeHandler/CONFIG]: Built TOML config for /workspaces/papuproyecto/servidor_minecraft/config/modernfix-common.toml
[10Aug2026 03:02:56.590] [main/DEBUG] [net.minecraftforge.fml.config.ConfigFileTypeHandler/CONFIG]: Loaded TOML config file /workspaces/papuproyecto/servidor_minecraft/config/modernfix-common.toml
[10Aug2026 03:02:56.590] [main/DEBUG] [net.minecraftforge.fml.config.ConfigFileTypeHandler/CONFIG]: Watching TOML config file /workspaces/papuproyecto/servidor_minecraft/config/modernfix-common.toml for changes
[10Aug2026 03:02:56.591] [main/DEBUG] [net.minecraftforge.fml.config.ConfigFileTypeHandler/CONFIG]: Built TOML config for /workspaces/papuproyecto/servidor_minecraft/config/citadel-common.toml
[10Aug2026 03:02:56.591] [main/DEBUG] [net.minecraftforge.fml.config.ConfigFileTypeHandler/CONFIG]: Loaded TOML config file /workspaces/papuproyecto/servidor_minecraft/config/citadel-common.toml
[10Aug2026 03:02:56.591] [main/DEBUG] [net.minecraftforge.fml.config.ConfigFileTypeHandler/CONFIG]: Watching TOML config file /workspaces/papuproyecto/servidor_minecraft/config/citadel-common.toml for changes
[10Aug2026 03:02:56.591] [main/DEBUG] [net.minecraftforge.fml.config.ConfigFileTypeHandler/CONFIG]: Built TOML config for /workspaces/papuproyecto/servidor_minecraft/config/naturescompass-common.toml
[10Aug2026 03:02:56.593] [main/DEBUG] [net.minecraftforge.fml.config.ConfigFileTypeHandler/CONFIG]: Loaded TOML config file /workspaces/papuproyecto/servidor_minecraft/config/naturescompass-common.toml
[10Aug2026 03:02:56.593] [main/DEBUG] [net.minecraftforge.fml.config.ConfigFileTypeHandler/CONFIG]: Watching TOML config file /workspaces/papuproyecto/servidor_minecraft/config/naturescompass-common.toml for changes
[10Aug2026 03:02:56.593] [main/DEBUG] [net.minecraftforge.fml.config.ConfigFileTypeHandler/CONFIG]: Built TOML config for /workspaces/papuproyecto/servidor_minecraft/config/alexsmobs.toml
[10Aug2026 03:02:56.597] [main/DEBUG] [net.minecraftforge.fml.config.ConfigFileTypeHandler/CONFIG]: Loaded TOML config file /workspaces/papuproyecto/servidor_minecraft/config/alexsmobs.toml
[10Aug2026 03:02:56.597] [main/DEBUG] [net.minecraftforge.fml.config.ConfigFileTypeHandler/CONFIG]: Watching TOML config file /workspaces/papuproyecto/servidor_minecraft/config/alexsmobs.toml for changes
[10Aug2026 03:02:56.638] [main/DEBUG] [net.minecraftforge.fml.config.ConfigFileTypeHandler/CONFIG]: Built TOML config for /workspaces/papuproyecto/servidor_minecraft/config/sophisticatedbackpacks-common.toml
[10Aug2026 03:02:56.639] [main/DEBUG] [net.minecraftforge.fml.config.ConfigFileTypeHandler/CONFIG]: Loaded TOML config file /workspaces/papuproyecto/servidor_minecraft/config/sophisticatedbackpacks-common.toml
[10Aug2026 03:02:56.639] [main/DEBUG] [net.minecraftforge.fml.config.ConfigFileTypeHandler/CONFIG]: Watching TOML config file /workspaces/papuproyecto/servidor_minecraft/config/sophisticatedbackpacks-common.toml for changes
[10Aug2026 03:02:56.640] [main/DEBUG] [net.minecraftforge.fml.config.ConfigFileTypeHandler/CONFIG]: Built TOML config for /workspaces/papuproyecto/servidor_minecraft/config/iceandfire-common.toml
[10Aug2026 03:02:56.641] [main/DEBUG] [net.minecraftforge.fml.config.ConfigFileTypeHandler/CONFIG]: Loaded TOML config file /workspaces/papuproyecto/servidor_minecraft/config/iceandfire-common.toml
[10Aug2026 03:02:56.641] [main/DEBUG] [net.minecraftforge.fml.config.ConfigFileTypeHandler/CONFIG]: Watching TOML config file /workspaces/papuproyecto/servidor_minecraft/config/iceandfire-common.toml for changes
[10Aug2026 03:02:56.655] [main/DEBUG] [net.minecraftforge.fml.config.ConfigFileTypeHandler/CONFIG]: Built TOML config for /workspaces/papuproyecto/servidor_minecraft/config/carryon-common.toml
[10Aug2026 03:02:56.656] [main/DEBUG] [net.minecraftforge.fml.config.ConfigFileTypeHandler/CONFIG]: Loaded TOML config file /workspaces/papuproyecto/servidor_minecraft/config/carryon-common.toml
[10Aug2026 03:02:56.656] [main/DEBUG] [net.minecraftforge.fml.config.ConfigFileTypeHandler/CONFIG]: Watching TOML config file /workspaces/papuproyecto/servidor_minecraft/config/carryon-common.toml for changes
[10Aug2026 03:02:56.720] [main/DEBUG] [net.minecraftforge.fml.config.ConfigFileTypeHandler/CONFIG]: Built TOML config for /workspaces/papuproyecto/servidor_minecraft/config/blueprint-common.toml
[10Aug2026 03:02:56.721] [main/DEBUG] [net.minecraftforge.fml.config.ConfigFileTypeHandler/CONFIG]: Loaded TOML config file /workspaces/papuproyecto/servidor_minecraft/config/blueprint-common.toml
[10Aug2026 03:02:56.721] [main/DEBUG] [net.minecraftforge.fml.config.ConfigFileTypeHandler/CONFIG]: Watching TOML config file /workspaces/papuproyecto/servidor_minecraft/config/blueprint-common.toml for changes
[10Aug2026 03:02:56.721] [main/DEBUG] [net.minecraftforge.fml.config.ConfigFileTypeHandler/CONFIG]: Built TOML config for /workspaces/papuproyecto/servidor_minecraft/config/supplementaries-common.toml
[10Aug2026 03:02:56.723] [main/DEBUG] [net.minecraftforge.fml.config.ConfigFileTypeHandler/CONFIG]: Loaded TOML config file /workspaces/papuproyecto/servidor_minecraft/config/supplementaries-common.toml
[10Aug2026 03:02:56.723] [main/DEBUG] [net.minecraftforge.fml.config.ConfigFileTypeHandler/CONFIG]: Watching TOML config file /workspaces/papuproyecto/servidor_minecraft/config/supplementaries-common.toml for changes
[10Aug2026 03:02:56.726] [main/DEBUG] [net.minecraftforge.fml.config.ConfigFileTypeHandler/CONFIG]: Built TOML config for /workspaces/papuproyecto/servidor_minecraft/config/alexscaves-general.toml
[10Aug2026 03:02:56.726] [main/DEBUG] [net.minecraftforge.fml.config.ConfigFileTypeHandler/CONFIG]: Loaded TOML config file /workspaces/papuproyecto/servidor_minecraft/config/alexscaves-general.toml
[10Aug2026 03:02:56.726] [main/DEBUG] [net.minecraftforge.fml.config.ConfigFileTypeHandler/CONFIG]: Watching TOML config file /workspaces/papuproyecto/servidor_minecraft/config/alexscaves-general.toml for changes
[10Aug2026 03:02:56.732] [main/DEBUG] [net.minecraftforge.fml.config.ConfigFileTypeHandler/CONFIG]: Built TOML config for /workspaces/papuproyecto/servidor_minecraft/config/endergetic-common.toml
[10Aug2026 03:02:56.732] [main/DEBUG] [net.minecraftforge.fml.config.ConfigFileTypeHandler/CONFIG]: Loaded TOML config file /workspaces/papuproyecto/servidor_minecraft/config/endergetic-common.toml
[10Aug2026 03:02:56.733] [main/DEBUG] [net.minecraftforge.fml.config.ConfigFileTypeHandler/CONFIG]: Watching TOML config file /workspaces/papuproyecto/servidor_minecraft/config/endergetic-common.toml for changes
[10Aug2026 03:02:56.733] [main/DEBUG] [net.minecraftforge.fml.config.ConfigFileTypeHandler/CONFIG]: Built TOML config for /workspaces/papuproyecto/servidor_minecraft/config/moonlight-common.toml
[10Aug2026 03:02:56.733] [main/DEBUG] [net.minecraftforge.fml.config.ConfigFileTypeHandler/CONFIG]: Loaded TOML config file /workspaces/papuproyecto/servidor_minecraft/config/moonlight-common.toml
[10Aug2026 03:02:56.733] [main/DEBUG] [net.minecraftforge.fml.config.ConfigFileTypeHandler/CONFIG]: Watching TOML config file /workspaces/papuproyecto/servidor_minecraft/config/moonlight-common.toml for changes
[10Aug2026 03:02:56.734] [main/DEBUG] [net.minecraftforge.fml.config.ConfigFileTypeHandler/CONFIG]: Built TOML config for /workspaces/papuproyecto/servidor_minecraft/config/biomesoplenty/generation.toml
[10Aug2026 03:02:56.735] [main/DEBUG] [net.minecraftforge.fml.config.ConfigFileTypeHandler/CONFIG]: Loaded TOML config file /workspaces/papuproyecto/servidor_minecraft/config/biomesoplenty/generation.toml
[10Aug2026 03:02:56.735] [main/DEBUG] [net.minecraftforge.fml.config.ConfigFileTypeHandler/CONFIG]: Watching TOML config file /workspaces/papuproyecto/servidor_minecraft/config/biomesoplenty/generation.toml for changes
[10Aug2026 03:02:56.736] [main/DEBUG] [net.minecraftforge.fml.config.ConfigFileTypeHandler/CONFIG]: Built TOML config for /workspaces/papuproyecto/servidor_minecraft/config/endrem.toml
[10Aug2026 03:02:56.736] [main/DEBUG] [net.minecraftforge.fml.config.ConfigFileTypeHandler/CONFIG]: Loaded TOML config file /workspaces/papuproyecto/servidor_minecraft/config/endrem.toml
[10Aug2026 03:02:56.736] [main/DEBUG] [net.minecraftforge.fml.config.ConfigFileTypeHandler/CONFIG]: Watching TOML config file /workspaces/papuproyecto/servidor_minecraft/config/endrem.toml for changes
[10Aug2026 03:02:56.737] [main/DEBUG] [net.minecraftforge.fml.config.ConfigFileTypeHandler/CONFIG]: Built TOML config for /workspaces/papuproyecto/servidor_minecraft/config/curios-common.toml
[10Aug2026 03:02:56.737] [main/DEBUG] [net.minecraftforge.fml.config.ConfigFileTypeHandler/CONFIG]: Loaded TOML config file /workspaces/papuproyecto/servidor_minecraft/config/curios-common.toml
[10Aug2026 03:02:56.737] [main/DEBUG] [net.minecraftforge.fml.config.ConfigFileTypeHandler/CONFIG]: Watching TOML config file /workspaces/papuproyecto/servidor_minecraft/config/curios-common.toml for changes
[10Aug2026 03:02:56.737] [main/DEBUG] [net.minecraftforge.fml.config.ConfigFileTypeHandler/CONFIG]: Built TOML config for /workspaces/papuproyecto/servidor_minecraft/config/cataclysm-common.toml
[10Aug2026 03:02:56.739] [main/DEBUG] [net.minecraftforge.fml.config.ConfigFileTypeHandler/CONFIG]: Loaded TOML config file /workspaces/papuproyecto/servidor_minecraft/config/cataclysm-common.toml
[10Aug2026 03:02:56.740] [main/DEBUG] [net.minecraftforge.fml.config.ConfigFileTypeHandler/CONFIG]: Watching TOML config file /workspaces/papuproyecto/servidor_minecraft/config/cataclysm-common.toml for changes
[10Aug2026 03:02:56.746] [main/DEBUG] [net.minecraftforge.fml.config.ConfigFileTypeHandler/CONFIG]: Built TOML config for /workspaces/papuproyecto/servidor_minecraft/config/tombstone-common.toml
[10Aug2026 03:02:56.747] [main/DEBUG] [net.minecraftforge.fml.config.ConfigFileTypeHandler/CONFIG]: Loaded TOML config file /workspaces/papuproyecto/servidor_minecraft/config/tombstone-common.toml
[10Aug2026 03:02:56.747] [main/DEBUG] [net.minecraftforge.fml.config.ConfigFileTypeHandler/CONFIG]: Watching TOML config file /workspaces/papuproyecto/servidor_minecraft/config/tombstone-common.toml for changes
[10Aug2026 03:02:56.750] [main/DEBUG] [net.minecraftforge.fml.config.ConfigFileTypeHandler/CONFIG]: Built TOML config for /workspaces/papuproyecto/servidor_minecraft/config/CoroUtil/General.toml
[10Aug2026 03:02:56.750] [main/DEBUG] [net.minecraftforge.fml.config.ConfigFileTypeHandler/CONFIG]: Loaded TOML config file /workspaces/papuproyecto/servidor_minecraft/config/CoroUtil/General.toml
[10Aug2026 03:02:56.752] [main/DEBUG] [net.minecraftforge.fml.config.ConfigFileTypeHandler/CONFIG]: Watching TOML config file /workspaces/papuproyecto/servidor_minecraft/config/CoroUtil/General.toml for changes
[10Aug2026 03:02:56.903] [modloading-worker-0/INFO] [xaero.lib.XaeroLib/]: Loading XaeroLib common 1/2!
[10Aug2026 03:02:56.905] [modloading-worker-0/INFO] [com.structureessentials.StructureEssentials/]: structureessentials mod initialized
[10Aug2026 03:02:56.933] [modloading-worker-0/DEBUG] [ModernFix/]: Cleared 7133 object holder stacktrace references
[10Aug2026 03:02:57.043] [modloading-worker-0/DEBUG] [mixin/]: Mixing MixinSlotAttribute from curios.mixins.json into top.theillusivec4.curios.api.SlotAttribute
[10Aug2026 03:02:57.045] [modloading-worker-0/DEBUG] [mixin/]: Mixing MixinCuriosApi from curios.mixins.json into top.theillusivec4.curios.api.CuriosApi
[10Aug2026 03:02:57.072] [modloading-worker-0/DEBUG] [patchouli/]: Instantiating xplat impl: vazkii.patchouli.forge.xplat.ForgeXplatImpl
[10Aug2026 03:02:57.081] [modloading-worker-0/DEBUG] [mixin/]: Mixing MixinPolymorphApi from polymorph.mixins.json into com.illusivesoulworks.polymorph.api.PolymorphApi
[10Aug2026 03:02:57.098] [modloading-worker-0/INFO] [dev.architectury.networking.forge.NetworkManagerImpl/]: Registering C2S receiver with id skin_changer:mbechannel/c6416779da663f62836ae72f0509aa3e
[10Aug2026 03:02:57.101] [modloading-worker-0/INFO] [dev.architectury.networking.forge.NetworkManagerImpl/]: Registering C2S receiver with id skin_changer:mbechannel/8489ea5ae87e3a6199b65ea21ca8f8c8
[10Aug2026 03:02:57.135] [main/DEBUG] [net.minecraftforge.fml.DeferredWorkQueue/LOADING]: Dispatching synchronous work for work queue COMMON_SETUP: 29 jobs
[10Aug2026 03:02:57.172] [Thread-0/INFO] [ModernFix/]: Please use /mfsrc to reload any changed mod config files
[10Aug2026 03:02:57.178] [main/DEBUG] [ModernFix/]: Removed 0 redundant object holders
[10Aug2026 03:02:57.237] [main/INFO] [Supplementaries/]: Finished mod setup in: [0, 1, 0, 1, 0, 0, 37, 9, 1] ms
[10Aug2026 03:02:57.264] [Forge Version Check/INFO] [net.minecraftforge.fml.VersionChecker/]: [clumps] Starting version check at https://updates.blamejared.com/get?n=clumps&gv=1.20.1
[10Aug2026 03:02:57.333] [main/INFO] [Moonlight/]: Initialized color sets in 50ms
[10Aug2026 03:02:57.337] [main/INFO] [terrablender/]: Registered region minecraft:overworld to index 0 for type OVERWORLD
[10Aug2026 03:02:57.337] [main/INFO] [terrablender/]: Registered region minecraft:nether to index 0 for type NETHER
[10Aug2026 03:02:57.338] [main/INFO] [terrablender/]: Registered region biomesoplenty:overworld_primary to index 1 for type OVERWORLD
[10Aug2026 03:02:57.338] [main/INFO] [terrablender/]: Registered region biomesoplenty:overworld_secondary to index 2 for type OVERWORLD
[10Aug2026 03:02:57.338] [main/INFO] [terrablender/]: Registered region biomesoplenty:overworld_rare to index 3 for type OVERWORLD
[10Aug2026 03:02:57.338] [main/INFO] [terrablender/]: Registered region biomesoplenty:nether_common to index 1 for type NETHER
[10Aug2026 03:02:57.338] [main/INFO] [terrablender/]: Registered region biomesoplenty:nether_rare to index 2 for type NETHER
[10Aug2026 03:02:57.421] [main/INFO] [Framework/SYNCED_ENTITY_DATA]: Registered synced data key refurbished_furniture:lock_yaw for refurbished_furniture:seat
[10Aug2026 03:02:57.436] [main/DEBUG] [net.minecraftforge.fml.DeferredWorkQueue/LOADING]: Synchronous work queue completed in 300.2 ms
[10Aug2026 03:02:57.512] [modloading-worker-0/INFO] [xaero.lib.XaeroLib/]: Loading XaeroLib server 1/2!
[10Aug2026 03:02:57.513] [modloading-worker-0/INFO] [xaero.map.server.WorldMapServer/]: Loading Xaero's World Map - Stage 1/2 (Server)
[10Aug2026 03:02:57.513] [modloading-worker-0/INFO] [xaero.minimap.XaeroMinimap/]: Loading Xaero's Minimap - Stage 1/2 (Server)
[10Aug2026 03:02:57.538] [main/DEBUG] [net.minecraftforge.fml.DeferredWorkQueue/LOADING]: Dispatching synchronous work for work queue SIDED_SETUP: 3 jobs
[10Aug2026 03:02:57.538] [main/INFO] [xaero.map.server.WorldMapServer/]: Loading Xaero's World Map - Stage 2/2 (Server)
[10Aug2026 03:02:57.539] [main/INFO] [xaero.lib.XaeroLib/]: Loading XaeroLib common 2/2!
[10Aug2026 03:02:57.539] [main/INFO] [xaero.lib.XaeroLib/]: Loading XaeroLib server 2/2!
[10Aug2026 03:02:57.539] [main/INFO] [xaero.minimap.XaeroMinimap/]: Loading Xaero's Minimap - Stage 2/2 (Server)
[10Aug2026 03:02:57.539] [main/DEBUG] [net.minecraftforge.fml.DeferredWorkQueue/LOADING]: Synchronous work queue completed in 1.396 ms
[10Aug2026 03:02:57.743] [Forge Version Check/DEBUG] [net.minecraftforge.fml.VersionChecker/]: [clumps] Received version check data:
{"homepage":"https://www.curseforge.com/minecraft/mc-mods/clumps","promos":{"1.20.1-latest":"12.0.0.4"}}
[10Aug2026 03:02:57.745] [Forge Version Check/INFO] [net.minecraftforge.fml.VersionChecker/]: [clumps] Found status: BETA Current: 12.0.0.4 Target: 12.0.0.4
[10Aug2026 03:02:57.745] [Forge Version Check/INFO] [net.minecraftforge.fml.VersionChecker/]: [puzzlesaccessapi] Starting version check at https://raw.githubusercontent.com/Fuzss/modresources/main/update/puzzlesaccessapi.json
[10Aug2026 03:02:57.777] [Forge Version Check/DEBUG] [net.minecraftforge.fml.VersionChecker/]: [puzzlesaccessapi] Received version check data:
{
    "homepage": "https://github.com/Fuzss/puzzlesaccessapi",
    "promos": {}
}
[10Aug2026 03:02:57.777] [Forge Version Check/INFO] [net.minecraftforge.fml.VersionChecker/]: [puzzlesaccessapi] Found status: BETA Current: 20.1.1 Target: null
[10Aug2026 03:02:57.777] [Forge Version Check/INFO] [net.minecraftforge.fml.VersionChecker/]: [sound_physics_remastered] Starting version check at https://update.maxhenkel.de/forge/sound_physics_remastered
[10Aug2026 03:02:57.850] [modloading-worker-0/DEBUG] [mixin/]: Mixing perf.potential_spawns_alloc.PotentialSpawnsMixin from modernfix-modernfix.mixins.json into net.minecraftforge.event.level.LevelEvent$PotentialSpawns
[10Aug2026 03:02:57.850] [modloading-worker-0/INFO] [Jade/]: Start loading plugin at net.blay09.mods.waystones.compat.JadeIntegration
[10Aug2026 03:02:57.862] [modloading-worker-0/INFO] [Jade/]: Start loading plugin at net.blay09.mods.balm.forge.compat.hudinfo.ForgeJadeModCompat
[10Aug2026 03:02:57.863] [modloading-worker-0/INFO] [Jade/]: Start loading plugin at net.mehvahdjukaar.supplementaries.integration.JadeCompat
[10Aug2026 03:02:57.864] [modloading-worker-0/INFO] [Jade/]: Start loading plugin at snownee.jade.addon.vanilla.VanillaPlugin
[10Aug2026 03:02:57.874] [modloading-worker-0/INFO] [Jade/]: Start loading plugin at snownee.jade.addon.universal.UniversalPlugin
[10Aug2026 03:02:57.878] [modloading-worker-0/INFO] [Jade/]: Start loading plugin at snownee.jade.addon.core.CorePlugin
[10Aug2026 03:02:57.880] [modloading-worker-0/INFO] [Jade/]: Start loading plugin at net.geforcemods.securitycraft.compat.waila.JadeDataProvider
[10Aug2026 03:02:57.881] [modloading-worker-0/INFO] [Jade/]: Start loading plugin at ovh.corail.tombstone.compatibility.IntegrationJade
[10Aug2026 03:02:57.898] [main/DEBUG] [net.minecraftforge.fml.DeferredWorkQueue/LOADING]: Dispatching synchronous work for work queue COMPLETE: 3 jobs
[10Aug2026 03:02:57.901] [main/INFO] [citadel/]: adding citadel surface rules via terrablender...
[10Aug2026 03:02:57.901] [main/INFO] [citadel/]: Added 0 vanilla biome surface rule types via terrablender
[10Aug2026 03:02:57.902] [main/INFO] [citadel/]: Added 1 modded biome surface rule types via terrablender
[10Aug2026 03:02:57.902] [main/DEBUG] [net.minecraftforge.fml.DeferredWorkQueue/LOADING]: Synchronous work queue completed in 3.974 ms
[10Aug2026 03:02:58.168] [main/DEBUG] [mixin/]: Generating mapped inner class net/minecraft/world/level/levelgen/DebugLevelSource$Anonymous$9433aa0908df4f269dc8320f55a62cba (originally org/embeddedt/modernfix/common/mixin/perf/forge_registry_alloc/DebugLevelSourceMixin$1)
[10Aug2026 03:02:58.419] [Forge Version Check/DEBUG] [net.minecraftforge.fml.VersionChecker/]: [sound_physics_remastered] Received version check data:
{"1.21":{"1.21-1.4.6":""},"1.20":{"1.20-1.1.1":"Updated to 1.20"},"26.1":{"1.5.1+26.1":"Updated to 26.1"},"1.18":{"1.18-1.0.3":"Tweaked config values"},"1.19":{"1.19-1.0.15":"Disabled moving sounds by default due to performance impact"},"1.21.11":{"1.21.11-1.5.1":"Updated to 1.21.11"},"1.21.10":{"1.21.10-1.5.1":"Updated to 1.21.10"},"1.21.7":{"1.21.7-1.4.14":"Updated to 1.21.7"},"1.21.6":{"1.21.6-1.4.14":"Fixed mixin crash"},"1.21.9":{"1.21.9-1.5.1":"Fixed direction evaluation being inaccurate at long distances"},"1.21.8":{"1.21.8-1.5.1":"Fixed direction evaluation being inaccurate at long distances"},"1.20.4":{"1.20.4-1.4.5":"Updated Simplified Chinese translation","1.20.4-1.3.0":""},"1.21.3":{"1.21.3-1.4.7":"Fixed issues with sounds being played far away\nFixed lag when being far away from 0, 0"},"promos":{"1.18.1-latest":"1.18.1-1.0.6","1.21.4-latest":"1.21.4-1.5.1","1.21.3-latest":"1.21.3-1.4.7","1.18.2-latest":"1.18.2-1.0.6","1.20-recommended":"1.20-1.1.1","1.19.3-recommended":"1.19.3-1.0.18","1.19.1-recommended":"1.19.1-1.0.15","1.21.5-latest":"1.21.5-1.5.1","1.21.1-latest":"1.21.1-1.5.1","1.21.6-latest":"1.21.6-1.4.14","26.1.2-latest":"1.5.1+26.1.2","26.1.1-latest":"1.5.1+26.1.1","1.19.4-recommended":"1.19.4-1.1.1","1.19-latest":"1.19-1.0.15","1.17.1-recommended":"1.17.1-1.0.6","1.19.2-recommended":"1.19.2-1.3.0","26.1-latest":"1.5.1+26.1","1.21.9-latest":"1.21.9-1.5.1","1.18-latest":"1.18-1.0.3","1.21.8-latest":"1.21.8-1.5.1","1.20.4-recommended":"1.20.4-1.3.0","1.21.7-latest":"1.21.7-1.4.14","1.21-latest":"1.21-1.4.6","1.20.1-recommended":"1.20.1-1.3.0","1.20.2-recommended":"1.20.2-1.3.0","1.20-latest":"1.20-1.1.1","1.18.2-recommended":"1.18.2-1.0.6","26.2-latest":"1.5.1+26.2","1.17.1-latest":"1.17.1-1.0.6","1.21.11-latest":"1.21.11-1.5.1","1.21.10-latest":"1.21.10-1.5.1","1.18.1-recommended":"1.18.1-1.0.6","1.20.1-latest":"1.20.1-1.5.1","1.20.2-latest":"1.20.2-1.3.1","1.19.2-latest":"1.19.2-1.4.5","1.19.4-latest":"1.19.4-1.2.1","1.19.3-latest":"1.19.3-1.1.0","1.19-recommended":"1.19-1.0.15","1.18-recommended":"1.18-1.0.3","1.20.4-latest":"1.20.4-1.4.5","1.19.1-latest":"1.19.1-1.0.15","1.20.6-latest":"1.20.6-1.4.5"},"1.20.6":{"1.20.6-1.4.5":"Updated Simplified Chinese translation"},"1.21.5":{"1.21.5-1.5.1":"Fixed direction evaluation being inaccurate at long distances"},"1.21.4":{"1.21.4-1.5.1":"Fixed direction evaluation being inaccurate at long distances"},"26.2":{"1.5.1+26.2":"Updated to 26.2"},"1.20.2":{"1.20.2-1.3.1":"Updated dependencies\nFixed mod icon size","1.20.2-1.3.0":""},"1.21.1":{"1.21.1-1.5.1":"Fixed direction evaluation being inaccurate at long distances"},"1.20.1":{"1.20.1-1.5.1":"Fixed direction evaluation being inaccurate at long distances","1.20.1-1.3.0":""},"26.1.1":{"1.5.1+26.1.1":"Added support for 26.1.1"},"26.1.2":{"1.5.1+26.1.2":"Added support for 26.1.2"},"1.18.2":{"1.18.2-1.0.6":"Fixed crash when playing sounds that are null"},"1.19.1":{"1.19.1-1.0.15":"Disabled moving sounds by default due to performance impact"},"1.19.2":{"1.19.2-1.3.0":"","1.19.2-1.4.5":"Updated Simplified Chinese translation"},"1.19.3":{"1.19.3-1.1.0":"Updated ConfigBuilder\nAdded comments to the config\nRemoved sound blacklist regex\nAdded allowed sounds config\nFixed lag when saving in cloth config GUI\nFixed sound distance allowance not working with playsound commands","1.19.3-1.0.18":"Improved performance when having 'update_moving_sounds' enabled"},"1.19.4":{"1.19.4-1.1.1":"Fixed some cloth config settings not saving properly","1.19.4-1.2.1":""},"1.17.1":{"1.17.1-1.0.6":"Fixed crash when playing sounds that are null"},"1.18.1":{"1.18.1-1.0.6":"Fixed crash when playing sounds that are null"},"homepage":"https://www.curseforge.com/minecraft/mc-mods/sound-physics-remastered"}
[10Aug2026 03:02:58.419] [Forge Version Check/INFO] [net.minecraftforge.fml.VersionChecker/]: [sound_physics_remastered] Found status: AHEAD Current: 1.20.1-1.5.1 Target: null
[10Aug2026 03:02:58.422] [Forge Version Check/INFO] [net.minecraftforge.fml.VersionChecker/]: [forge] Starting version check at https://files.minecraftforge.net/net/minecraftforge/forge/promotions_slim.json
[10Aug2026 03:02:58.527] [main/INFO] [com.mojang.authlib.yggdrasil.YggdrasilAuthenticationService/]: Environment: authHost='https://authserver.mojang.com', accountsHost='https://api.mojang.com', sessionHost='https://sessionserver.mojang.com', servicesHost='https://api.minecraftservices.com', name='PROD'
[10Aug2026 03:02:58.543] [Forge Version Check/DEBUG] [net.minecraftforge.fml.VersionChecker/]: [forge] Received version check data:
{
  "homepage": "https://files.minecraftforge.net/net/minecraftforge/forge/",
  "promos": {
    "1.1-latest": "1.3.4.29",
    "1.2.3-latest": "1.4.1.64",
    "1.2.4-latest": "2.0.0.68",
    "1.2.5-latest": "3.4.9.171",
    "1.3.2-latest": "4.3.5.318",
    "1.4.0-latest": "5.0.0.326",
    "1.4.1-latest": "6.0.0.329",
    "1.4.2-latest": "6.0.1.355",
    "1.4.3-latest": "6.2.1.358",
    "1.4.4-latest": "6.3.0.378",
    "1.4.5-latest": "6.4.2.448",
    "1.4.6-latest": "6.5.0.489",
    "1.4.7-latest": "6.6.2.534",
    "1.5-latest": "7.7.0.598",
    "1.5.1-latest": "7.7.2.682",
    "1.5.2-latest": "7.8.1.738",
    "1.5.2-recommended": "7.8.1.738",
    "1.6.1-latest": "8.9.0.775",
    "1.6.2-latest": "9.10.1.871",
    "1.6.2-recommended": "9.10.1.871",
    "1.6.3-latest": "9.11.0.878",
    "1.6.4-latest": "9.11.1.1345",
    "1.6.4-recommended": "9.11.1.1345",
    "1.7.2-latest": "10.12.2.1161",
    "1.7.2-recommended": "10.12.2.1161",
    "1.7.10-latest": "10.13.4.1614",
    "1.7.10-recommended": "10.13.4.1614",
    "1.8-latest": "11.14.4.1577",
    "1.8-recommended": "11.14.4.1563",
    "1.8.8-latest": "11.15.0.1655",
    "1.8.9-latest": "11.15.1.2318",
    "1.8.9-recommended": "11.15.1.2318",
    "1.9-latest": "12.16.1.1938",
    "1.9-recommended": "12.16.1.1887",
    "1.9.4-latest": "12.17.0.2317",
    "1.9.4-recommended": "12.17.0.2317",
    "1.10-latest": "12.18.0.2000",
    "1.10.2-latest": "12.18.3.2511",
    "1.10.2-recommended": "12.18.3.2511",
    "1.11-latest": "13.19.1.2199",
    "1.11-recommended": "13.19.1.2189",
    "1.11.2-latest": "13.20.1.2588",
    "1.11.2-recommended": "13.20.1.2588",
    "1.12-latest": "14.21.1.2443",
    "1.12-recommended": "14.21.1.2387",
    "1.12.1-latest": "14.22.1.2485",
    "1.12.1-recommended": "14.22.1.2478",
    "1.12.2-latest": "14.23.5.2864",
    "1.12.2-recommended": "14.23.5.2859",
    "1.13.2-latest": "25.0.223",
    "1.14.2-latest": "26.0.63",
    "1.14.3-latest": "27.0.60",
    "1.14.4-latest": "28.2.30",
    "1.14.4-recommended": "28.2.26",
    "1.15-latest": "29.0.4",
    "1.15.1-latest": "30.0.51",
    "1.15.2-latest": "31.2.62",
    "1.15.2-recommended": "31.2.57",
    "1.16.1-latest": "32.0.108",
    "1.16.2-latest": "33.0.61",
    "1.16.3-latest": "34.1.42",
    "1.16.3-recommended": "34.1.0",
    "1.16.4-latest": "35.1.37",
    "1.16.4-recommended": "35.1.4",
    "1.16.5-latest": "36.2.42",
    "1.16.5-recommended": "36.2.34",
    "1.17.1-latest": "37.1.1",
    "1.17.1-recommended": "37.1.1",
    "1.18-latest": "38.0.17",
    "1.18.1-latest": "39.1.2",
    "1.18.1-recommended": "39.1.0",
    "1.18.2-recommended": "40.3.0",
    "1.18.2-latest": "40.3.12",
    "1.19-latest": "41.1.0",
    "1.19-recommended": "41.1.0",
    "1.19.1-latest": "42.0.9",
    "1.19.2-recommended": "43.5.0",
    "1.19.2-latest": "43.5.2",
    "1.19.3-latest": "44.1.23",
    "1.19.3-recommended": "44.1.0",
    "1.19.4-recommended": "45.4.0",
    "1.19.4-latest": "45.4.3",
    "1.20-latest": "46.0.14",
    "1.20.1-recommended": "47.4.10",
    "1.20.1-latest": "47.4.22",
    "1.20.2-latest": "48.1.0",
    "1.20.2-recommended": "48.1.0",
    "1.20.3-latest": "49.0.2",
    "1.20.4-latest": "49.2.8",
    "1.20.4-recommended": "49.2.0",
    "1.20.6-latest": "50.2.10",
    "1.20.6-recommended": "50.2.0",
    "1.21-latest": "51.0.33",
    "1.21.1-latest": "52.1.16",
    "1.21.1-recommended": "52.1.0",
    "1.21.3-latest": "53.1.12",
    "1.21.3-recommended": "53.1.0",
    "1.21.4-latest": "54.1.18",
    "1.21.4-recommended": "54.1.14",
    "1.21.5-latest": "55.1.12",
    "1.21.5-recommended": "55.1.0",
    "1.21.6-latest": "56.0.9",
    "1.21.7-latest": "57.0.3",
    "1.21.8-latest": "58.1.21",
    "1.21.8-recommended": "58.1.0",
    "1.21.9-latest": "59.0.5",
    "1.21.10-latest": "60.1.13",
    "1.21.10-recommended": "60.1.0",
    "1.21.11-latest": "61.2.0",
    "1.21.11-recommended": "61.2.0",
    "26.1-latest": "62.0.9",
    "26.1.1-latest": "63.0.2",
    "26.1.2-latest": "64.1.0",
    "26.1.2-recommended": "64.1.0",
    "26.2-latest": "65.1.0",
    "26.2-recommended": "65.1.0"
  }
}
[10Aug2026 03:02:58.543] [Forge Version Check/INFO] [net.minecraftforge.fml.VersionChecker/]: [forge] Found status: OUTDATED Current: 47.3.7 Target: 47.4.10
[10Aug2026 03:02:58.543] [Forge Version Check/INFO] [net.minecraftforge.fml.VersionChecker/]: [supplementaries] Starting version check at https://raw.githubusercontent.com/MehVahdJukaar/Supplementaries/1.20/forge/update.json
[10Aug2026 03:02:58.550] [main/DEBUG] [mixin/]: Mixing bugfix.removed_dimensions.LevelStorageSourceMixin from modernfix-modernfix.mixins.json into net.minecraft.world.level.storage.LevelStorageSource
[10Aug2026 03:02:58.565] [Forge Version Check/DEBUG] [net.minecraftforge.fml.VersionChecker/]: [supplementaries] Received version check data:
404: Not Found
[10Aug2026 03:02:58.565] [Forge Version Check/WARN] [net.minecraftforge.fml.VersionChecker/]: Failed to process update information
com.google.gson.JsonSyntaxException: java.lang.IllegalStateException: Expected BEGIN_OBJECT but was NUMBER at line 1 column 4 path $
	at com.google.gson.Gson.fromJson(Gson.java:1226) ~[gson-2.10.jar%2372!/:?]
	at com.google.gson.Gson.fromJson(Gson.java:1124) ~[gson-2.10.jar%2372!/:?]
	at com.google.gson.Gson.fromJson(Gson.java:1034) ~[gson-2.10.jar%2372!/:?]
	at com.google.gson.Gson.fromJson(Gson.java:969) ~[gson-2.10.jar%2372!/:?]
	at net.minecraftforge.fml.VersionChecker$1.process(VersionChecker.java:183) ~[fmlcore-1.20.1-47.3.7.jar%23226!/:?]
	at java.lang.Iterable.forEach(Iterable.java:75) ~[?:?]
	at net.minecraftforge.fml.VersionChecker$1.run(VersionChecker.java:114) ~[fmlcore-1.20.1-47.3.7.jar%23226!/:?]
Caused by: java.lang.IllegalStateException: Expected BEGIN_OBJECT but was NUMBER at line 1 column 4 path $
	at com.google.gson.stream.JsonReader.beginObject(JsonReader.java:393) ~[gson-2.10.jar%2372!/:?]
	at com.google.gson.internal.bind.MapTypeAdapterFactory$Adapter.read(MapTypeAdapterFactory.java:182) ~[gson-2.10.jar%2372!/:?]
	at com.google.gson.internal.bind.MapTypeAdapterFactory$Adapter.read(MapTypeAdapterFactory.java:144) ~[gson-2.10.jar%2372!/:?]
	at com.google.gson.Gson.fromJson(Gson.java:1214) ~[gson-2.10.jar%2372!/:?]
	... 6 more
[10Aug2026 03:02:58.567] [Forge Version Check/INFO] [net.minecraftforge.fml.VersionChecker/]: [securitycraft] Starting version check at https://www.github.com/Geforce132/SecurityCraft/raw/master/Updates/Forge.json
[10Aug2026 03:02:58.681] [Forge Version Check/DEBUG] [net.minecraftforge.fml.VersionChecker/]: [securitycraft] Received version check data:
{
    "homepage": "https://www.curseforge.com/minecraft/mc-mods/security-craft/",
    "promos": {
        "1.7.10-latest": "v1.8.13",
        "1.7.10-recommended": "v1.8.13",
        "1.8-latest": "v1.8.12.1",
        "1.8-recommended": "v1.8.12.1",
        "1.8.8-latest": "v1.8.12.1",
        "1.8.8-recommended": "v1.8.12.1",
        "1.8.9-latest": "v1.8.12.1",
        "1.8.9-recommended": "v1.8.12.1",
        "1.9.4-latest": "v1.8.12",
        "1.9.4-recommended": "v1.8.12",
        "1.10.2-latest": "v1.8.12",
        "1.10.2-recommended": "v1.8.12",
        "1.11.2-latest": "v1.8.12.1",
        "1.11.2-recommended": "v1.8.12.1",
        "1.12-latest": "v1.8.8.1",
        "1.12-recommended": "v1.8.8.1",
        "1.12.1-latest": "v1.8.8.1",
        "1.12.1-recommended": "v1.8.8.1",
        "1.12.2-latest": "v1.10.1",
        "1.12.2-recommended": "v1.10.1",
        "1.13.2-latest": "v1.8.13",
        "1.13.2-recommended": "v1.8.13",
        "1.14.3-latest": "v1.8.12-beta2",
        "1.14.3-recommended": "v1.8.12-beta2",
        "1.14.4-latest": "v1.8.22.2",
        "1.14.4-recommended": "v1.8.22.2",
        "1.15.1-latest": "v1.8.15-beta2",
        "1.15.1-recommended": "v1.8.15-beta2",
        "1.15.2-latest": "v1.9.1",
        "1.15.2-recommended": "v1.9.1",
        "1.16.1-latest": "v1.8.19.3",
        "1.16.1-recommended": "v1.8.19.3",
        "1.16.2-latest": "v1.8.19.3",
        "1.16.2-recommended": "v1.8.19.3",
        "1.16.3-latest": "v1.8.21.1",
        "1.16.3-recommended": "v1.8.21.1",
        "1.16.4-latest": "v1.8.21.1",
        "1.16.4-recommended": "v1.8.21.1",
        "1.16.5-latest": "v1.10.1",
        "1.16.5-recommended": "v1.10.1",
        "1.17.1-latest": "1.9.5",
        "1.17.1-recommended": "1.9.5",
        "1.18.1-latest": "1.9.0.2-beta1",
        "1.18.1-recommended": "1.9.0.2-beta1",
        "1.18.2-latest": "1.10.1",
        "1.18.2-recommended": "1.10.1",
        "1.19-latest": "1.9.3.1",
        "1.19-recommended": "1.9.3.1",
        "1.19.1-latest": "1.9.3.1",
        "1.19.1-recommended": "1.9.3.1",
        "1.19.2-latest": "1.9.6.1",
        "1.19.2-recommended": "1.9.6.1",
        "1.19.3-latest": "1.9.8",
        "1.19.3-recommended": "1.9.8",
        "1.19.4-latest": "1.10.1",
        "1.19.4-recommended": "1.10.1",
        "1.20-latest": "1.9.7-beta2",
        "1.20-recommended": "1.9.7-beta2",
        "1.20.2-latest": "1.9.9",
        "1.20.2-recommended": "1.9.9",
        "1.20.4-latest": "1.10.1",
        "1.20.4-recommended": "1.10.1",
        "1.20.6-latest": "1.10.1",
        "1.20.6-recommended": "1.10.1",
        "1.21-latest": "1.9.10-beta7",
        "1.21-recommended": "1.9.10-beta7",
        "1.21.2-latest": "1.9.11-beta2",
        "1.21.2-recommended": "1.9.11-beta2",
        "1.21.3-latest": "1.10.1",
        "1.21.3-recommended": "1.10.1",
        "1.21.4-latest": "1.10.1",
        "1.21.4-recommended": "1.10.1",
        "1.21.5-latest": "1.10.1",
        "1.21.5-recommended": "1.10.1",
        "1.21.6-latest": "1.10-beta3",
        "1.21.6-recommended": "1.10-beta3",
        "1.21.7-latest": "1.10-beta1",
        "1.21.7-recommended": "1.10-beta1",
        "1.21.8-latest": "1.10.2.1",
        "1.21.8-recommended": "1.10.2.1",
        "26.1-latest": "1.10.1-beta1",
        "26.1-recommended": "1.10.1-beta1",
        "26.1.1-latest": "1.10.1-beta2",
        "26.1.1-recommended": "1.10.1-beta2",

        "1.20.1-latest": "1.10.2.1",
        "1.20.1-recommended": "1.10.2.1",
        "1.21.1-latest": "1.10.2.1",
        "1.21.1-recommended": "1.10.2.1",
        "1.21.10-latest": "1.10.2.1",
        "1.21.10-recommended": "1.10.2.1",
        "1.21.11-latest": "1.10.2.1",
        "1.21.11-recommended": "1.10.2.1",
        "26.1.2-latest": "1.10.2.1",
        "26.1.2-recommended": "1.10.2.1",
        "26.2-latest": "1.10.2.1",
        "26.2-recommended": "1.10.2.1"
    },
    "1.7.10": {
        "v1.8.13": "https://github.com/Geforce132/SecurityCraft/blob/eol/1.7.10/Changelog%20v1.8.x.md"
    },
    "1.8": {
        "v1.8.12": "https://github.com/Geforce132/SecurityCraft/blob/eol/1.8/Changelog%20v1.8.x.md"
    },
    "1.8.8": {
        "v1.8.12.1": "https://github.com/Geforce132/SecurityCraft/blob/eol/1.8.9/Changelog%20v1.8.x.md"
    },
    "1.8.9": {
        "v1.8.12.1": "https://github.com/Geforce132/SecurityCraft/blob/eol/1.8.9/Changelog%20v1.8.x.md"
    },
    "1.9.4": {
        "v1.8.12": "https://github.com/Geforce132/SecurityCraft/blob/eol/1.9.4/Changelog%20v1.8.x.md"
    },
    "1.10.2": {
        "v1.8.12": "https://github.com/Geforce132/SecurityCraft/blob/eol/1.10.2/Changelog%20v1.8.x.md"
    },
    "1.11.2": {
        "v1.8.12.1": "https://github.com/Geforce132/SecurityCraft/blob/eol/1.11.2/Changelog%20v1.8.x.md"
    },
    "1.12": {
        "v1.8.8.1": "https://github.com/Geforce132/SecurityCraft/blob/54061f84f188c33db291770e550c4c84a927194c/Changelog%20v1.8.x.md"
    },
    "1.12.1": {
        "v1.8.8.1": "https://github.com/Geforce132/SecurityCraft/blob/54061f84f188c33db291770e550c4c84a927194c/Changelog%20v1.8.x.md"
    },
    "1.12.2": {
        "v1.10.1": "https://github.com/Geforce132/SecurityCraft/blob/eol/1.12.2/Changelog.md"
    },
    "1.13.2": {
        "v1.8.13": "https://github.com/Geforce132/SecurityCraft/blob/eol/1.13.2/Changelog%20v1.8.x.md"
    },
    "1.14.3": {
        "v1.8.12-beta2": "https://github.com/Geforce132/SecurityCraft/blob/b20ce0945abdccb8f2b6abaea5d26c28d0a3b916/Changelog%20v1.8.x.md"
    },
    "1.14.4": {
        "v1.8.22.2": "https://github.com/Geforce132/SecurityCraft/blob/eol/1.14.4/Changelog%20v1.8.x.md"
    },
    "1.15.1": {
        "v1.8.15-beta2": "https://github.com/Geforce132/SecurityCraft/blob/04f414232af5250193ed610da93696a830584cc9/Changelog%20v1.8.x.md"
    },
    "1.15.2": {
        "v1.9.1": "https://github.com/Geforce132/SecurityCraft/blob/eol/1.15.2/Changelog.md"
    },
    "1.16.1": {
        "v1.8.19.3": "https://github.com/Geforce132/SecurityCraft/blob/eol/1.16.1/Changelog%20v1.8.x.md"
    },
    "1.16.2": {
        "v1.8.19.3": "https://github.com/Geforce132/SecurityCraft/blob/2c1c0868dd26f8870bae1b8c0d57041cab3ba897/Changelog%20v1.8.x.md"
    },
    "1.16.3": {
        "v1.8.21.1": "https://github.com/Geforce132/SecurityCraft/blob/44460188b9bf30b94f122ba362092cba5e76e0d2/Changelog%20v1.8.x.md"
    },
    "1.16.4": {
        "v1.8.21.1": "https://github.com/Geforce132/SecurityCraft/blob/44460188b9bf30b94f122ba362092cba5e76e0d2/Changelog%20v1.8.x.md"
    },
    "1.16.5": {
        "v1.10.1": "https://github.com/Geforce132/SecurityCraft/blob/eol/1.16.5/Changelog.md"
    },
    "1.17.1": {
        "1.9.5": "https://github.com/Geforce132/SecurityCraft/blob/eol/1.17.1/Changelog.md"
    },
    "1.18.1": {
        "1.9.0.2-beta1": "https://github.com/Geforce132/SecurityCraft/blob/eol/1.18.1/Changelog.md"
    },
    "1.18.2": {
        "1.10.1": "https://github.com/Geforce132/SecurityCraft/blob/eol/1.18.2/Changelog.md"
    },
    "1.19": {
        "1.9.3.1": "https://github.com/Geforce132/SecurityCraft/blob/eol/1.19/Changelog.md"
    },
    "1.19.1": {
        "1.9.3.1": "https://github.com/Geforce132/SecurityCraft/blob/c60edcc5881fc8ca4394bfeae3254ab0d693ab5e/Changelog.md"
    },
    "1.19.2": {
        "1.9.6.1": "https://github.com/Geforce132/SecurityCraft/blob/eol/1.19.2/Changelog.md"
    },
    "1.19.3": {
        "1.9.8": "https://github.com/Geforce132/SecurityCraft/blob/eol/1.19.3/Changelog.md"
    },
    "1.19.4": {
        "1.10.1": "https://github.com/Geforce132/SecurityCraft/blob/eol/1.19.4/Changelog.md"
    },
    "1.20": {
        "1.9.7-beta2": "https://github.com/Geforce132/SecurityCraft/blob/2e41d10948280cfdfe693e52c3580adf5f0cb18c/Changelog.md"
    },
    "1.20.2": {
        "1.9.9": "https://github.com/Geforce132/SecurityCraft/blob/eol/1.20.2/Changelog.md"
    },
    "1.20.4": {
        "1.10.1": "https://github.com/Geforce132/SecurityCraft/blob/eol/1.20.4/Changelog.md"
    },
    "1.20.6": {
        "1.10.1": "https://github.com/Geforce132/SecurityCraft/blob/eol/1.20.6/Changelog.md"
    },
    "1.21": {
        "1.9.10-beta7": "https://github.com/Geforce132/SecurityCraft/blob/a74d63ec9796e54c5bd8d22c18a320146560a753/Changelog.md"
    },
    "1.21.2": {
        "1.9.11-beta2": "https://github.com/Geforce132/SecurityCraft/blob/63c87ccbc661cecac0e75d54b81b571a3d17a29e/Changelog.md"
    },
    "1.21.3": {
        "1.10.1": "https://github.com/Geforce132/SecurityCraft/blob/eol/1.21.3/Changelog.md"
    },
    "1.21.4": {
        "1.10.1": "https://github.com/Geforce132/SecurityCraft/blob/eol/1.21.4/Changelog.md"
    },
    "1.21.5": {
        "1.10.1": "https://github.com/Geforce132/SecurityCraft/blob/eol/1.21.5/Changelog.md"
    },
    "1.21.6": {
        "1.10-beta3": "https://github.com/Geforce132/SecurityCraft/blob/eol/1.21.6/Changelog.md"
    },
    "1.21.7": {
        "1.10-beta1": "https://github.com/Geforce132/SecurityCraft/blob/eol/1.21.7/Changelog.md"
    },
    "1.21.8": {
        "1.10.2.1": "https://github.com/Geforce132/SecurityCraft/blob/1.21.8/Changelog.md"
    },
    "26.1": {
        "1.10.1-beta1": "https://github.com/Geforce132/SecurityCraft/blob/3530e3135264e6f50f5d80b66c18b62540250f2b/Changelog.md"
    },
    "26.1.1": {
        "1.10.1-beta2": "https://github.com/Geforce132/SecurityCraft/blob/fdc8e004b6dad213880d5b03d4562a5568b5c5f8/Changelog.md"
    },

    "1.20.1": {
        "1.10.2.1": "https://github.com/Geforce132/SecurityCraft/blob/1.20.1/Changelog.md"
    },
    "1.21.1": {
        "1.10.2.1": "https://github.com/Geforce132/SecurityCraft/blob/1.21.1/Changelog.md"
    },
    "1.21.10": {
        "1.10.2.1": "https://github.com/Geforce132/SecurityCraft/blob/1.21.10/Changelog.md"
    },
    "1.21.11": {
        "1.10.2.1": "https://github.com/Geforce132/SecurityCraft/blob/1.21.11/Changelog.md"
    },
    "26.1.2": {
        "1.10.2.1": "https://github.com/Geforce132/SecurityCraft/blob/26.1/Changelog.md"
    },
    "26.2": {
        "1.10.2.1": "https://github.com/Geforce132/SecurityCraft/blob/26.1/Changelog.md"
    }
}
[10Aug2026 03:02:58.682] [Forge Version Check/INFO] [net.minecraftforge.fml.VersionChecker/]: [securitycraft] Found status: OUTDATED Current: 1.9.8 Target: 1.10.2.1
[10Aug2026 03:02:58.682] [Forge Version Check/INFO] [net.minecraftforge.fml.VersionChecker/]: [mr_dungeons_andtaverns] Starting version check at https://api.modrinth.com/updates/tpehi7ww/forge_updates.json
[10Aug2026 03:02:58.807] [Forge Version Check/DEBUG] [net.minecraftforge.fml.VersionChecker/]: [mr_dungeons_andtaverns] Received version check data:
{"homepage":"https://modrinth.com/mod/tpehi7ww","promos":{"1.21.7-recommended":"v4.7.3+mod","1.20.3-latest":"3.1.1+mod","26.1.2-recommended":"5.2.0+mod","1.21.8-latest":"v4.7.3+mod","1.20.5-latest":"3.2+mod","1.21.3-recommended":"v4.5+mod","26.2-recommended":"5.3.0+mod","1.20.6-latest":"3.2+mod","1.21.11-latest":"v5.1.0+mod","26.1-latest":"5.2.0+mod","1.20-latest":"3.0.3.f+mod","1.20.4-latest":"3.1.1+mod","1.21.10-recommended":"v5.0.4+mod","1.21.6-latest":"v4.7.3+mod","1.19-recommended":"2.0.2+mod","1.21.1-latest":"v4.4.4+mod","1.19.4-recommended":"2.0.2+mod","1.21.10-rc1-recommended":"v5.0.0+mod","1.20.4-recommended":"3.1.1+mod","1.19.2-recommended":"2.0.2+mod","1.21.10-latest":"v5.0.4+mod","1.19.1-recommended":"2.0.2+mod","1.21.7-latest":"v4.7.3+mod","1.20.2-latest":"3.0.3.f+mod","1.19.3-recommended":"2.0.2+mod","1.20.6-recommended":"3.2+mod","1.21-latest":"v4.4.4+mod","1.19.2-latest":"2.0.2+mod","1.21.6-recommended":"v4.7.3+mod","1.20-recommended":"3.0.3.f+mod","1.21.11-recommended":"v5.1.0+mod","1.20.2-recommended":"3.0.3.f+mod","26.1.2-latest":"5.2.0+mod","1.21.3-latest":"v4.5+mod","1.19.3-latest":"2.0.2+mod","26.1.1-latest":"5.2.0+mod","1.21.8-recommended":"v4.7.3+mod","1.21.4-recommended":"v4.6.3+mod","1.21.5-recommended":"v4.7.3+mod","1.21.4-latest":"v4.6.3+mod","1.21-recommended":"v4.4.4+mod","26.1.1-recommended":"5.2.0+mod","1.20.1-latest":"3.0.3.f+mod","1.20.1-recommended":"3.0.3.f+mod","1.19.4-latest":"2.0.2+mod","1.21.2-recommended":"v4.5+mod","1.20.5-recommended":"3.2+mod","1.21.5-latest":"v4.7.3+mod","26.2-latest":"5.3.0+mod","1.21.2-latest":"v4.5+mod","1.21.1-recommended":"v4.4.4+mod","1.21.9-latest":"v5.0.4+mod","1.21.10-rc1-latest":"v5.0.0+mod","1.19-latest":"2.0.2+mod","1.20.3-recommended":"3.1.1+mod","26.1-recommended":"5.2.0+mod","1.19.1-latest":"2.0.2+mod","1.21.9-recommended":"v5.0.4+mod"}}
[10Aug2026 03:02:58.808] [Forge Version Check/INFO] [net.minecraftforge.fml.VersionChecker/]: [mr_dungeons_andtaverns] Found status: OUTDATED Current: 3.0.3.f Target: 3.0.3.f+mod
[10Aug2026 03:02:58.809] [Forge Version Check/INFO] [net.minecraftforge.fml.VersionChecker/]: [tombstone] Starting version check at https://raw.githubusercontent.com/Corail31/tombstone_lite/master/update.json
[10Aug2026 03:02:58.828] [Forge Version Check/DEBUG] [net.minecraftforge.fml.VersionChecker/]: [tombstone] Received version check data:
{
	"homepage": "https://modrinth.com/mod/corail-tombstone",
	"promos": {
		"26.2-latest": "9.9.3",
		"26.2-recommended": "9.9.3",
		"26.1.2-latest": "9.8.3",
		"26.1.2-recommended": "9.8.3",
		"1.21.11-latest": "9.7.1",
		"1.21.11-recommended": "9.7.1",
		"1.21.10-latest": "9.6.2",
		"1.21.10-recommended": "9.6.2",
		"1.21.9-latest": "9.6.2",
		"1.21.9-recommended": "9.6.2",
		"1.21.8-latest": "9.5.11",
		"1.21.8-recommended": "9.5.11",
		"1.21.7-latest": "9.5.11",
		"1.21.7-recommended": "9.5.11",
		"1.21.6-latest": "9.5.1",
		"1.21.6-recommended": "9.5.1",
		"1.21.5-latest": "9.4.3",
		"1.21.5-recommended": "9.4.3",
		"1.21.4-latest": "9.3.9",
		"1.21.4-recommended": "9.3.9",
		"1.21.3-latest": "9.2.4",
		"1.21.3-recommended": "9.2.4",
		"1.21.1-latest": "9.1.10",
		"1.21.1-recommended": "9.1.10",
		"1.20.4-latest": "8.6.4",
		"1.20.4-recommended": "8.6.4",
		"1.20.2-latest": "8.6.3",
		"1.20.2-recommended": "8.6.3",
		"1.20.1-latest": "9.1.4",
		"1.20.1-recommended": "9.1.4",
		"1.19.4-latest": "8.4.2",
		"1.19.4-recommended": "8.4.2",
		"1.19.3-latest": "8.3.2",
		"1.19.3-recommended": "8.3.2",
		"1.19.2-latest": "8.3.10",
		"1.19.2-recommended": "8.3.10",
		"1.19.1-latest": "8.1.0",
		"1.19.1-recommended": "8.1.0",
		"1.18.2-latest": "7.7.8",
		"1.18.2-recommended": "7.7.8",
		"1.18.1-latest": "7.4.1",
		"1.18.1-recommended": "7.4.1",
		"1.17.1-latest": "7.3.0",
		"1.17.1-recommended": "7.3.0",
		"1.16.5-latest": "6.9.8",
		"1.16.5-recommended": "6.9.8",
		"1.15.2-latest": "4.6.0",
		"1.15.2-recommended": "4.6.0",
		"1.14.4-latest": "4.3.6",
		"1.14.4-recommended": "4.3.6",
		"1.13.2-latest": "3.5.2",
		"1.13.2-recommended": "3.5.2",
		"1.12.2-latest": "4.7.6",
		"1.12.2-recommended": "4.7.6",
		"1.11.2-latest": "2.9.0.1",
		"1.11.2-recommended": "2.9.0.1",
		"1.10.2-latest": "2.9.4",
		"1.10.2-recommended": "2.9.4",
		"1.9.4-latest": "1.4.1",
		"1.9.4-recommended": "1.4.1",
		"1.8.9-latest": "1.4.1",
		"1.8.9-recommended": "1.4.1"
	},
	"26.2": {
		"9.9.3": "ritual flute interaction",
		"9.9.2": "new lore Nights of Nour",
		"9.9.1": "improvements",
		"9.9.0": "initial port"
	},
	"26.1.2": {
		"9.8.3": "new lore Nights of Nour",
		"9.8.2": "improvements"
	},
	"1.21.11": {
		"9.7.1": "final version"
	},
	"1.21.10": {
		"9.6.2": "final version"
	},
	"1.21.9": {
		"9.6.2": "final version"
	},
	"1.21.8": {
		"9.5.11": "final version"
	},
	"1.21.7": {
		"9.5.11": "final version"
	},
	"1.21.6": {
		"9.5.1": "final version"
	},
	"1.21.5": {
		"9.4.3": "final version"
	},
	"1.21.4": {
		"9.3.9": "final version"
	},
	"1.21.3": {
		"9.2.4": "final version"
	},
	"1.21.1": {
		"9.1.10": "final version"
	},
	"1.20.4": {
		"8.6.4": "final version"
	},
	"1.20.2": {
		"8.6.3": "final version"
	},
	"1.20.1": {
		"9.1.4": "ritual flute interaction",
		"9.1.3": "new lore Nights of Nour",
		"9.1.2": "data-driven trades",
		"9.1.1": "improvements"
	},
	"1.19.4": {
		"8.4.2": "final version"
	},
	"1.19.2": {
		"8.3.10": "final version"
	},
	"1.18.2": {
		"7.7.8": "final version"
	},
	"1.16.5": {
		"6.9.8": "final version"
	},
	"1.12.2": {
		"4.7.6": "final version"
	}
}
[10Aug2026 03:02:58.829] [Forge Version Check/INFO] [net.minecraftforge.fml.VersionChecker/]: [tombstone] Found status: OUTDATED Current: 9.0.9 Target: 9.1.4
[10Aug2026 03:02:58.829] [Forge Version Check/INFO] [net.minecraftforge.fml.VersionChecker/]: [puzzleslib] Starting version check at https://raw.githubusercontent.com/Fuzss/modresources/main/update/puzzleslib.json
[10Aug2026 03:02:58.840] [Forge Version Check/DEBUG] [net.minecraftforge.fml.VersionChecker/]: [puzzleslib] Received version check data:
{
    "homepage": "https://modrinth.com/mod/puzzles-lib",
    "promos": {
        "1.16.2-latest": "1.0.15",
        "1.16.2-recommended": "1.0.15",
        "1.16.3-latest": "1.0.15",
        "1.16.3-recommended": "1.0.15",
        "1.16.4-latest": "1.0.15",
        "1.16.4-recommended": "1.0.15",
        "1.16.5-latest": "1.0.15",
        "1.16.5-recommended": "1.0.15",
        "1.17.1-latest": "2.0.2",
        "1.17.1-recommended": "2.0.2",
        "1.18-latest": "3.2.1",
        "1.18-recommended": "3.2.1",
        "1.18.1-latest": "3.2.1",
        "1.18.1-recommended": "3.2.1",
        "1.18.2-latest": "3.5.10",
        "1.18.2-recommended": "3.5.10",
        "1.19-latest": "4.0.18",
        "1.19-recommended": "4.0.18",
        "1.19.1-latest": "4.2.4",
        "1.19.1-recommended": "4.2.4",
        "1.19.2-latest": "4.4.3",
        "1.19.2-recommended": "4.4.3",
        "1.19.3-latest": "5.0.33",
        "1.19.3-recommended": "5.0.33",
        "1.19.4-latest": "6.0.11",
        "1.19.4-recommended": "6.0.11",
        "1.20-latest": "7.0.9",
        "1.20-recommended": "7.0.9",
        "1.20.1-latest": "8.1.33",
        "1.20.1-recommended": "8.1.33",
        "1.20.4-latest": "20.4.53",
        "1.20.4-recommended": "20.4.53",
        "1.21-latest": "21.0.28",
        "1.21-recommended": "21.0.28",
        "1.21.1-latest": "21.1.52",
        "1.21.1-recommended": "21.1.52",
        "1.21.10-latest": "21.10.8",
        "1.21.10-recommended": "21.10.8",
        "1.21.11-latest": "21.11.1",
        "1.21.11-recommended": "21.11.1",
        "1.21.3-latest": "21.3.25",
        "1.21.3-recommended": "21.3.25",
        "1.21.4-latest": "21.4.14",
        "1.21.4-recommended": "21.4.14",
        "1.21.5-latest": "21.5.13",
        "1.21.5-recommended": "21.5.13",
        "1.21.6-latest": "21.6.6",
        "1.21.6-recommended": "21.6.6",
        "1.21.7-latest": "21.7.1",
        "1.21.7-recommended": "21.7.1",
        "1.21.8-latest": "21.8.9",
        "1.21.8-recommended": "21.8.9",
        "1.21.9-latest": "21.9.5",
        "1.21.9-recommended": "21.9.5"
    }
}
[10Aug2026 03:02:58.840] [Forge Version Check/INFO] [net.minecraftforge.fml.VersionChecker/]: [puzzleslib] Found status: UP_TO_DATE Current: 8.1.33 Target: null
[10Aug2026 03:02:59.091] [main/DEBUG] [mixin/]: Mixing perf.dynamic_dfu.DataFixTypesMixin from modernfix-modernfix.mixins.json into net.minecraft.util.datafix.DataFixTypes
[10Aug2026 03:02:59.114] [main/DEBUG] [mixin/]: Mixing VanillaPackResourcesAccessor from creativecore.mixins.json into net.minecraft.server.packs.VanillaPackResources
[10Aug2026 03:02:59.116] [main/WARN] [net.minecraft.server.packs.VanillaPackResourcesBuilder/]: Assets URL 'union:/workspaces/papuproyecto/servidor_minecraft/libraries/net/minecraft/server/1.20.1-20230612.114412/server-1.20.1-20230612.114412-srg.jar%23225!/assets/.mcassetsroot' uses unexpected schema
[10Aug2026 03:02:59.117] [main/WARN] [net.minecraft.server.packs.VanillaPackResourcesBuilder/]: Assets URL 'union:/workspaces/papuproyecto/servidor_minecraft/libraries/net/minecraft/server/1.20.1-20230612.114412/server-1.20.1-20230612.114412-srg.jar%23225!/data/.mcassetsroot' uses unexpected schema
[10Aug2026 03:02:59.140] [main/DEBUG] [mixin/]: Mixing WorldLoaderPackConfigMixin from blueprint.mixins.json into net.minecraft.server.WorldLoader$PackConfig
[10Aug2026 03:02:59.149] [main/DEBUG] [mixin/]: Mixing feature.measure_time.WorldLoaderMixin from modernfix-modernfix.mixins.json into net.minecraft.server.WorldLoader
[10Aug2026 03:02:59.150] [main/DEBUG] [mixin/]: Renaming synthetic method lambda$finishStopwatch$0(Lcom/google/common/base/Stopwatch;Ljava/lang/Object;Ljava/lang/Throwable;)V to mdff13ee$lambda$finishStopwatch$0$0 in modernfix-modernfix.mixins.json:feature.measure_time.WorldLoaderMixin
[10Aug2026 03:02:59.150] [main/DEBUG] [mixin/]: Mixing core.WorldLoaderMixin from modernfix-modernfix.mixins.json into net.minecraft.server.WorldLoader
[10Aug2026 03:02:59.150] [main/DEBUG] [mixin/]: Renaming synthetic method lambda$trackEndReload$0(Ljava/lang/Object;)Ljava/lang/Object; to mdff13ee$lambda$trackEndReload$0$1 in modernfix-modernfix.mixins.json:core.WorldLoaderMixin
[10Aug2026 03:02:59.150] [main/DEBUG] [mixin/]: Mixing WorldLoaderMixin from moonlight-common.mixins.json into net.minecraft.server.WorldLoader
[10Aug2026 03:02:59.166] [main/DEBUG] [mixin/]: Mixing perf.resourcepacks.ForgePathPackResourcesMixin from modernfix-modernfix.mixins.json into net.minecraftforge.resource.PathPackResources
[10Aug2026 03:02:59.167] [main/DEBUG] [mixin/]: Renaming synthetic method lambda$generateResourceCache$0(Lnet/minecraft/server/packs/PackType;)Ljava/nio/file/Path; to mdff13ee$lambda$generateResourceCache$0$0 in modernfix-modernfix.mixins.json:perf.resourcepacks.ForgePathPackResourcesMixin
[10Aug2026 03:02:59.182] [main/DEBUG] [mixin/]: Mixing PathPackResourcesAccessor from creativecore.mixins.json into net.minecraft.server.packs.PathPackResources
[10Aug2026 03:02:59.189] [main/DEBUG] [net.minecraftforge.server.ServerLifecycleHooks/CORE]: Generating PackInfo named mod:kuma_api for mod file 
[10Aug2026 03:02:59.189] [main/DEBUG] [net.minecraftforge.server.ServerLifecycleHooks/CORE]: Generating PackInfo named mod:supermartijn642configlib for mod file /workspaces/papuproyecto/servidor_minecraft/mods/supermartijn642configlib-1.1.8-forge-mc1.20.jar
[10Aug2026 03:02:59.189] [main/DEBUG] [net.minecraftforge.server.ServerLifecycleHooks/CORE]: Generating PackInfo named mod:trashslot for mod file /workspaces/papuproyecto/servidor_minecraft/mods/trashslot-forge-1.20.1-15.1.5.jar
[10Aug2026 03:02:59.190] [main/DEBUG] [net.minecraftforge.server.ServerLifecycleHooks/CORE]: Generating PackInfo named mod:geckolib for mod file /workspaces/papuproyecto/servidor_minecraft/mods/geckolib-forge-1.20.1-4.8.4.jar
[10Aug2026 03:02:59.190] [main/DEBUG] [net.minecraftforge.server.ServerLifecycleHooks/CORE]: Generating PackInfo named mod:playeranimator for mod file /workspaces/papuproyecto/servidor_minecraft/mods/player-animation-lib-forge-1.0.2-rc1+1.20.jar
[10Aug2026 03:02:59.190] [main/DEBUG] [net.minecraftforge.server.ServerLifecycleHooks/CORE]: Generating PackInfo named mod:jei for mod file /workspaces/papuproyecto/servidor_minecraft/mods/jei-1.20.1-forge-15.20.0.112.jar
[10Aug2026 03:02:59.190] [main/DEBUG] [net.minecraftforge.server.ServerLifecycleHooks/CORE]: Generating PackInfo named mod:xaerolib for mod file 
[10Aug2026 03:02:59.190] [main/DEBUG] [net.minecraftforge.server.ServerLifecycleHooks/CORE]: Generating PackInfo named mod:trender for mod file 
[10Aug2026 03:02:59.190] [main/DEBUG] [net.minecraftforge.server.ServerLifecycleHooks/CORE]: Generating PackInfo named mod:stalwart_dungeons for mod file /workspaces/papuproyecto/servidor_minecraft/mods/stalwart-dungeons-1.20.1-1.2.8.jar
[10Aug2026 03:02:59.190] [main/DEBUG] [net.minecraftforge.server.ServerLifecycleHooks/CORE]: Generating PackInfo named mod:sophisticatedcore for mod file /workspaces/papuproyecto/servidor_minecraft/mods/sophisticatedcore-1.20.1-1.3.74.2216.jar
[10Aug2026 03:02:59.191] [main/DEBUG] [net.minecraftforge.server.ServerLifecycleHooks/CORE]: Generating PackInfo named mod:ntgl for mod file /workspaces/papuproyecto/servidor_minecraft/mods/ntgl-1.20.1-3.1.2.jar
[10Aug2026 03:02:59.191] [main/DEBUG] [net.minecraftforge.server.ServerLifecycleHooks/CORE]: Generating PackInfo named mod:waystones for mod file /workspaces/papuproyecto/servidor_minecraft/mods/waystones-forge-1.20.1-14.1.20.jar
[10Aug2026 03:02:59.191] [main/DEBUG] [net.minecraftforge.server.ServerLifecycleHooks/CORE]: Generating PackInfo named mod:structureessentials for mod file /workspaces/papuproyecto/servidor_minecraft/mods/structureessentials-1.20.1-5.0.jar
[10Aug2026 03:02:59.191] [main/DEBUG] [net.minecraftforge.server.ServerLifecycleHooks/CORE]: Generating PackInfo named mod:clumps for mod file /workspaces/papuproyecto/servidor_minecraft/mods/Clumps-forge-1.20.1-12.0.0.4.jar
[10Aug2026 03:02:59.191] [main/DEBUG] [net.minecraftforge.server.ServerLifecycleHooks/CORE]: Generating PackInfo named mod:xaeroworldmap for mod file /workspaces/papuproyecto/servidor_minecraft/mods/xaeroworldmap-forge-1.20.1-1.44.2.jar
[10Aug2026 03:02:59.191] [main/DEBUG] [net.minecraftforge.server.ServerLifecycleHooks/CORE]: Generating PackInfo named mod:placebo for mod file /workspaces/papuproyecto/servidor_minecraft/mods/Placebo-1.20.1-8.6.3.jar
[10Aug2026 03:02:59.191] [main/DEBUG] [net.minecraftforge.server.ServerLifecycleHooks/CORE]: Generating PackInfo named mod:modernfix for mod file /workspaces/papuproyecto/servidor_minecraft/mods/modernfix-forge-5.27.66+mc1.20.1.jar
[10Aug2026 03:02:59.191] [main/DEBUG] [net.minecraftforge.server.ServerLifecycleHooks/CORE]: Generating PackInfo named mod:citadel for mod file /workspaces/papuproyecto/servidor_minecraft/mods/citadel-2.6.3-1.20.1.jar
[10Aug2026 03:02:59.192] [main/DEBUG] [net.minecraftforge.server.ServerLifecycleHooks/CORE]: Generating PackInfo named mod:alexsmobs for mod file /workspaces/papuproyecto/servidor_minecraft/mods/alexsmobs-1.22.9.jar
[10Aug2026 03:02:59.192] [main/DEBUG] [net.minecraftforge.server.ServerLifecycleHooks/CORE]: Generating PackInfo named mod:naturescompass for mod file /workspaces/papuproyecto/servidor_minecraft/mods/NaturesCompass-1.20.1-1.12.0-forge.jar
[10Aug2026 03:02:59.192] [main/DEBUG] [net.minecraftforge.server.ServerLifecycleHooks/CORE]: Generating PackInfo named mod:artifacts for mod file /workspaces/papuproyecto/servidor_minecraft/mods/artifacts-forge-9.5.19.jar
[10Aug2026 03:02:59.192] [main/DEBUG] [net.minecraftforge.server.ServerLifecycleHooks/CORE]: Generating PackInfo named mod:sophisticatedbackpacks for mod file /workspaces/papuproyecto/servidor_minecraft/mods/sophisticatedbackpacks-1.20.1-3.24.62.2017.jar
[10Aug2026 03:02:59.192] [main/DEBUG] [net.minecraftforge.server.ServerLifecycleHooks/CORE]: Generating PackInfo named mod:iceandfire for mod file /workspaces/papuproyecto/servidor_minecraft/mods/iceandfire-2.1.13-1.20.1-beta-5.jar
[10Aug2026 03:02:59.192] [main/DEBUG] [net.minecraftforge.server.ServerLifecycleHooks/CORE]: Generating PackInfo named mod:bygonenether for mod file /workspaces/papuproyecto/servidor_minecraft/mods/bygonenether-1.3.2-1.20.x.jar
[10Aug2026 03:02:59.192] [main/DEBUG] [net.minecraftforge.server.ServerLifecycleHooks/CORE]: Generating PackInfo named mod:balm for mod file /workspaces/papuproyecto/servidor_minecraft/mods/balm-forge-1.20.1-7.3.42.jar
[10Aug2026 03:02:59.192] [main/DEBUG] [net.minecraftforge.server.ServerLifecycleHooks/CORE]: Generating PackInfo named mod:blueprint for mod file /workspaces/papuproyecto/servidor_minecraft/mods/blueprint-1.20.1-7.1.4.jar
[10Aug2026 03:02:59.192] [main/DEBUG] [net.minecraftforge.server.ServerLifecycleHooks/CORE]: Generating PackInfo named mod:carryon for mod file /workspaces/papuproyecto/servidor_minecraft/mods/carryon-forge-1.20.1-2.1.2.7.jar
[10Aug2026 03:02:59.193] [main/DEBUG] [net.minecraftforge.server.ServerLifecycleHooks/CORE]: Generating PackInfo named mod:puzzlesaccessapi for mod file 
[10Aug2026 03:02:59.193] [main/DEBUG] [net.minecraftforge.server.ServerLifecycleHooks/CORE]: Generating PackInfo named mod:cloth_config for mod file /workspaces/papuproyecto/servidor_minecraft/mods/cloth-config-11.1.136-forge.jar
[10Aug2026 03:02:59.193] [main/DEBUG] [net.minecraftforge.server.ServerLifecycleHooks/CORE]: Generating PackInfo named mod:sound_physics_remastered for mod file /workspaces/papuproyecto/servidor_minecraft/mods/sound-physics-remastered-forge-1.20.1-1.5.1.jar
[10Aug2026 03:02:59.193] [main/DEBUG] [net.minecraftforge.server.ServerLifecycleHooks/CORE]: Generating PackInfo named mod:forge for mod file /workspaces/papuproyecto/servidor_minecraft/libraries/net/minecraftforge/forge/1.20.1-47.3.7/forge-1.20.1-47.3.7-universal.jar
[10Aug2026 03:02:59.193] [main/DEBUG] [net.minecraftforge.server.ServerLifecycleHooks/CORE]: Generating PackInfo named mod:supplementaries for mod file /workspaces/papuproyecto/servidor_minecraft/mods/supplementaries-1.20-2.8.17.jar
[10Aug2026 03:02:59.193] [main/DEBUG] [net.minecraftforge.server.ServerLifecycleHooks/CORE]: Generating PackInfo named mod:ironchest for mod file /workspaces/papuproyecto/servidor_minecraft/mods/ironchest-1.20.1-14.4.4.jar
[10Aug2026 03:02:59.193] [main/DEBUG] [net.minecraftforge.server.ServerLifecycleHooks/CORE]: Generating PackInfo named mod:endergetic for mod file /workspaces/papuproyecto/servidor_minecraft/mods/endergetic-1.20.1-5.0.1.jar
[10Aug2026 03:02:59.193] [main/DEBUG] [net.minecraftforge.server.ServerLifecycleHooks/CORE]: Generating PackInfo named mod:alexscaves for mod file /workspaces/papuproyecto/servidor_minecraft/mods/alexscaves-2.0.2.jar
[10Aug2026 03:02:59.193] [main/DEBUG] [net.minecraftforge.server.ServerLifecycleHooks/CORE]: Generating PackInfo named mod:littleframes for mod file /workspaces/papuproyecto/servidor_minecraft/mods/LittleFrames_FORGE_v1.4.3_mc1.20.1.jar
[10Aug2026 03:02:59.194] [main/DEBUG] [net.minecraftforge.server.ServerLifecycleHooks/CORE]: Generating PackInfo named mod:terrablender for mod file /workspaces/papuproyecto/servidor_minecraft/mods/TerraBlender-forge-1.20.1-3.0.1.10.jar
[10Aug2026 03:02:59.194] [main/DEBUG] [net.minecraftforge.server.ServerLifecycleHooks/CORE]: Generating PackInfo named mod:moonlight for mod file /workspaces/papuproyecto/servidor_minecraft/mods/moonlight-1.20-2.16.34-forge.jar
[10Aug2026 03:02:59.194] [main/DEBUG] [net.minecraftforge.server.ServerLifecycleHooks/CORE]: Generating PackInfo named mod:biomesoplenty for mod file /workspaces/papuproyecto/servidor_minecraft/mods/BiomesOPlenty-1.20.1-18.0.0.592.jar
[10Aug2026 03:02:59.195] [main/DEBUG] [net.minecraftforge.server.ServerLifecycleHooks/CORE]: Generating PackInfo named mod:mixinsquared for mod file 
[10Aug2026 03:02:59.195] [main/DEBUG] [net.minecraftforge.server.ServerLifecycleHooks/CORE]: Generating PackInfo named mod:jade for mod file /workspaces/papuproyecto/servidor_minecraft/mods/Jade-1.20.1-Forge-11.13.3.jar
[10Aug2026 03:02:59.195] [main/DEBUG] [net.minecraftforge.server.ServerLifecycleHooks/CORE]: Generating PackInfo named mod:endrem for mod file /workspaces/papuproyecto/servidor_minecraft/mods/endrem_forge-5.3.3-R-1.20.1.jar
[10Aug2026 03:02:59.195] [main/DEBUG] [net.minecraftforge.server.ServerLifecycleHooks/CORE]: Generating PackInfo named mod:creativecore for mod file /workspaces/papuproyecto/servidor_minecraft/mods/CreativeCore_FORGE_v2.12.39_mc1.20.1.jar
[10Aug2026 03:02:59.195] [main/DEBUG] [net.minecraftforge.server.ServerLifecycleHooks/CORE]: Generating PackInfo named mod:chunky for mod file /workspaces/papuproyecto/servidor_minecraft/mods/Chunky-1.3.146.jar
[10Aug2026 03:02:59.195] [main/DEBUG] [net.minecraftforge.server.ServerLifecycleHooks/CORE]: Generating PackInfo named mod:spectrelib for mod file 
[10Aug2026 03:02:59.195] [main/DEBUG] [net.minecraftforge.server.ServerLifecycleHooks/CORE]: Generating PackInfo named mod:supermartijn642corelib for mod file /workspaces/papuproyecto/servidor_minecraft/mods/supermartijn642corelib-1.1.22-forge-mc1.20.1.jar
[10Aug2026 03:02:59.195] [main/DEBUG] [net.minecraftforge.server.ServerLifecycleHooks/CORE]: Generating PackInfo named mod:lionfishapi for mod file /workspaces/papuproyecto/servidor_minecraft/mods/lionfishapi-3.0.jar
[10Aug2026 03:02:59.195] [main/DEBUG] [net.minecraftforge.server.ServerLifecycleHooks/CORE]: Generating PackInfo named mod:kotlinforforge for mod file 
[10Aug2026 03:02:59.196] [main/DEBUG] [net.minecraftforge.server.ServerLifecycleHooks/CORE]: Generating PackInfo named mod:cataclysm for mod file /workspaces/papuproyecto/servidor_minecraft/mods/L_Enders_Cataclysm-3.31.jar
[10Aug2026 03:02:59.196] [main/DEBUG] [net.minecraftforge.server.ServerLifecycleHooks/CORE]: Generating PackInfo named mod:curios for mod file /workspaces/papuproyecto/servidor_minecraft/mods/curios-forge-5.14.1+1.20.1.jar
[10Aug2026 03:02:59.196] [main/DEBUG] [net.minecraftforge.server.ServerLifecycleHooks/CORE]: Generating PackInfo named mod:patchouli for mod file /workspaces/papuproyecto/servidor_minecraft/mods/Patchouli-1.20.1-85-FORGE.jar
[10Aug2026 03:02:59.196] [main/DEBUG] [net.minecraftforge.server.ServerLifecycleHooks/CORE]: Generating PackInfo named mod:xaerominimap for mod file /workspaces/papuproyecto/servidor_minecraft/mods/xaerominimap-forge-1.20.1-26.4.2.jar
[10Aug2026 03:02:59.196] [main/DEBUG] [net.minecraftforge.server.ServerLifecycleHooks/CORE]: Generating PackInfo named mod:betterbiomeblend for mod file /workspaces/papuproyecto/servidor_minecraft/mods/betterbiomeblend-forge-1.20.1-1.4.0.jar
[10Aug2026 03:02:59.196] [main/DEBUG] [net.minecraftforge.server.ServerLifecycleHooks/CORE]: Generating PackInfo named mod:polymorph for mod file /workspaces/papuproyecto/servidor_minecraft/mods/polymorph-forge-0.49.10+1.20.1.jar
[10Aug2026 03:02:59.196] [main/DEBUG] [net.minecraftforge.server.ServerLifecycleHooks/CORE]: Generating PackInfo named mod:securitycraft for mod file /workspaces/papuproyecto/servidor_minecraft/mods/[1.20.1] SecurityCraft v1.9.8.jar
[10Aug2026 03:02:59.197] [main/DEBUG] [net.minecraftforge.server.ServerLifecycleHooks/CORE]: Generating PackInfo named mod:mr_dungeons_andtaverns for mod file /workspaces/papuproyecto/servidor_minecraft/mods/dungeons-and-taverns-3.0.3.f[Forge].jar
[10Aug2026 03:02:59.197] [main/DEBUG] [net.minecraftforge.server.ServerLifecycleHooks/CORE]: Generating PackInfo named mod:entityculling for mod file /workspaces/papuproyecto/servidor_minecraft/mods/entityculling-forge-1.10.5-mc1.20.1.jar
[10Aug2026 03:02:59.197] [main/DEBUG] [net.minecraftforge.server.ServerLifecycleHooks/CORE]: Generating PackInfo named mod:tombstone for mod file /workspaces/papuproyecto/servidor_minecraft/mods/tombstone-1.20.1-9.0.9.jar
[10Aug2026 03:02:59.197] [main/DEBUG] [net.minecraftforge.server.ServerLifecycleHooks/CORE]: Generating PackInfo named mod:immediatelyfast for mod file /workspaces/papuproyecto/servidor_minecraft/mods/ImmediatelyFast-Forge-1.5.5+1.20.4.jar
[10Aug2026 03:02:59.197] [main/DEBUG] [net.minecraftforge.server.ServerLifecycleHooks/CORE]: Generating PackInfo named mod:coroutil for mod file /workspaces/papuproyecto/servidor_minecraft/mods/coroutil-forge-1.20.1-1.3.7.jar
[10Aug2026 03:02:59.197] [main/DEBUG] [net.minecraftforge.server.ServerLifecycleHooks/CORE]: Generating PackInfo named mod:fastfurnace for mod file /workspaces/papuproyecto/servidor_minecraft/mods/FastFurnace-1.20.1-8.0.2.jar
[10Aug2026 03:02:59.198] [main/DEBUG] [net.minecraftforge.server.ServerLifecycleHooks/CORE]: Generating PackInfo named mod:architectury for mod file /workspaces/papuproyecto/servidor_minecraft/mods/architectury-9.2.14-forge.jar
[10Aug2026 03:02:59.198] [main/DEBUG] [net.minecraftforge.server.ServerLifecycleHooks/CORE]: Generating PackInfo named mod:skin_changer for mod file /workspaces/papuproyecto/servidor_minecraft/mods/skin_changer-forge-1.20.1-0.6.6.jar
[10Aug2026 03:02:59.198] [main/DEBUG] [net.minecraftforge.server.ServerLifecycleHooks/CORE]: Generating PackInfo named mod:ferritecore for mod file /workspaces/papuproyecto/servidor_minecraft/mods/ferritecore-6.0.1-forge.jar
[10Aug2026 03:02:59.198] [main/DEBUG] [net.minecraftforge.server.ServerLifecycleHooks/CORE]: Generating PackInfo named mod:cupboard for mod file /workspaces/papuproyecto/servidor_minecraft/mods/cupboard-1.20.1-3.9.jar
[10Aug2026 03:02:59.198] [main/DEBUG] [net.minecraftforge.server.ServerLifecycleHooks/CORE]: Generating PackInfo named mod:transition for mod file 
[10Aug2026 03:02:59.198] [main/DEBUG] [net.minecraftforge.server.ServerLifecycleHooks/CORE]: Generating PackInfo named mod:refurbished_furniture for mod file /workspaces/papuproyecto/servidor_minecraft/mods/refurbished_furniture-forge-1.20.1-1.0.20.jar
[10Aug2026 03:02:59.198] [main/DEBUG] [net.minecraftforge.server.ServerLifecycleHooks/CORE]: Generating PackInfo named mod:puzzleslib for mod file /workspaces/papuproyecto/servidor_minecraft/mods/PuzzlesLib-v8.1.33-1.20.1-Forge.jar
[10Aug2026 03:02:59.198] [main/DEBUG] [net.minecraftforge.server.ServerLifecycleHooks/CORE]: Generating PackInfo named mod:quantified for mod file /workspaces/papuproyecto/servidor_minecraft/mods/quantified api-omni-2.2.0.jar
[10Aug2026 03:02:59.198] [main/DEBUG] [net.minecraftforge.server.ServerLifecycleHooks/CORE]: Generating PackInfo named mod:framework for mod file /workspaces/papuproyecto/servidor_minecraft/mods/framework-forge-1.20.1-0.8.0.jar
[10Aug2026 03:02:59.199] [main/DEBUG] [net.minecraftforge.server.ServerLifecycleHooks/CORE]: Generating PackInfo named mod:expandability for mod file 
[10Aug2026 03:02:59.247] [main/DEBUG] [ModernFix/]: Generated cache for /assets in 15.41 ms
[10Aug2026 03:02:59.249] [main/DEBUG] [ModernFix/]: Generated cache for /assets in 1.866 ms
[10Aug2026 03:02:59.257] [main/DEBUG] [ModernFix/]: Generated cache for /assets in 106.4 μs
[10Aug2026 03:02:59.258] [main/DEBUG] [ModernFix/]: Generated cache for /assets in 294.2 μs
[10Aug2026 03:02:59.293] [main/DEBUG] [ModernFix/]: Generated cache for /assets in 34.58 ms
[10Aug2026 03:02:59.327] [main/DEBUG] [ModernFix/]: Generated cache for /assets in 33.66 ms
[10Aug2026 03:02:59.329] [main/DEBUG] [ModernFix/]: Generated cache for /assets in 1.303 ms
[10Aug2026 03:02:59.330] [main/DEBUG] [ModernFix/]: Generated cache for /assets in 808.1 μs
[10Aug2026 03:02:59.331] [main/DEBUG] [ModernFix/]: Generated cache for /assets in 511.8 μs
[10Aug2026 03:02:59.332] [main/DEBUG] [ModernFix/]: Generated cache for /assets in 768.7 μs
[10Aug2026 03:02:59.336] [main/DEBUG] [ModernFix/]: Generated cache for /assets in 4.618 ms
[10Aug2026 03:02:59.337] [main/DEBUG] [ModernFix/]: Generated cache for /assets in 595.4 μs
[10Aug2026 03:02:59.342] [main/DEBUG] [ModernFix/]: Generated cache for /assets in 3.782 ms
[10Aug2026 03:02:59.345] [main/DEBUG] [ModernFix/]: Generated cache for /assets in 3.529 ms
[10Aug2026 03:02:59.399] [main/DEBUG] [ModernFix/]: Generated cache for /assets in 52.74 ms
[10Aug2026 03:02:59.399] [main/DEBUG] [ModernFix/]: Generated cache for /assets in 155.4 μs
[10Aug2026 03:02:59.403] [main/DEBUG] [ModernFix/]: Generated cache for /assets in 3.358 ms
[10Aug2026 03:02:59.403] [main/DEBUG] [ModernFix/]: Generated cache for /assets in 220.9 μs
[10Aug2026 03:02:59.403] [main/DEBUG] [ModernFix/]: Generated cache for /assets in 300.0 μs
[10Aug2026 03:02:59.404] [main/DEBUG] [ModernFix/]: Generated cache for /assets in 124.2 μs
[10Aug2026 03:02:59.404] [main/DEBUG] [ModernFix/]: Generated cache for /assets in 401.0 μs
[10Aug2026 03:02:59.405] [main/DEBUG] [ModernFix/]: Generated cache for /assets in 932.9 μs
[10Aug2026 03:02:59.408] [main/DEBUG] [ModernFix/]: Generated cache for /assets in 2.577 ms
[10Aug2026 03:02:59.432] [main/DEBUG] [ModernFix/]: Generated cache for /assets in 23.49 ms
[10Aug2026 03:02:59.437] [main/DEBUG] [ModernFix/]: Generated cache for /assets in 4.336 ms
[10Aug2026 03:02:59.467] [main/DEBUG] [ModernFix/]: Generated cache for /assets in 29.73 ms
[10Aug2026 03:02:59.484] [main/DEBUG] [ModernFix/]: Generated cache for /assets in 17.45 ms
[10Aug2026 03:02:59.485] [main/DEBUG] [ModernFix/]: Generated cache for /assets in 144.7 μs
[10Aug2026 03:02:59.485] [main/DEBUG] [ModernFix/]: Generated cache for /assets in 377.6 μs
[10Aug2026 03:02:59.486] [main/DEBUG] [ModernFix/]: Generated cache for /assets in 139.6 μs
[10Aug2026 03:02:59.492] [main/DEBUG] [ModernFix/]: Generated cache for /assets in 5.915 ms
[10Aug2026 03:02:59.528] [main/DEBUG] [ModernFix/]: Generated cache for /assets in 36.08 ms
[10Aug2026 03:02:59.532] [main/DEBUG] [ModernFix/]: Generated cache for /assets in 3.793 ms
[10Aug2026 03:02:59.534] [main/DEBUG] [ModernFix/]: Generated cache for /assets in 962.3 μs
[10Aug2026 03:02:59.536] [main/DEBUG] [ModernFix/]: Generated cache for /assets in 1.594 ms
[10Aug2026 03:02:59.537] [main/DEBUG] [ModernFix/]: Generated cache for /assets in 368.0 μs
[10Aug2026 03:02:59.538] [main/DEBUG] [ModernFix/]: Generated cache for /assets in 655.2 μs
[10Aug2026 03:02:59.539] [main/DEBUG] [ModernFix/]: Generated cache for /assets in 296.9 μs
[10Aug2026 03:02:59.539] [main/DEBUG] [ModernFix/]: Generated cache for /assets in 537.6 μs
[10Aug2026 03:02:59.564] [main/DEBUG] [ModernFix/]: Generated cache for /assets in 24.69 ms
[10Aug2026 03:02:59.574] [main/DEBUG] [ModernFix/]: Generated cache for /assets in 9.322 ms
[10Aug2026 03:02:59.574] [main/DEBUG] [ModernFix/]: Generated cache for /assets in 187.5 μs
[10Aug2026 03:02:59.575] [main/DEBUG] [ModernFix/]: Generated cache for /assets in 230.4 μs
[10Aug2026 03:02:59.575] [main/DEBUG] [ModernFix/]: Generated cache for /assets in 165.4 μs
[10Aug2026 03:02:59.575] [main/DEBUG] [ModernFix/]: Generated cache for /assets in 71.34 μs
[10Aug2026 03:02:59.576] [main/DEBUG] [ModernFix/]: Generated cache for /assets in 488.1 μs
[10Aug2026 03:02:59.577] [main/DEBUG] [ModernFix/]: Generated cache for /assets in 688.9 μs
[10Aug2026 03:02:59.577] [main/DEBUG] [ModernFix/]: Generated cache for /assets in 75.07 μs
[10Aug2026 03:02:59.577] [main/DEBUG] [ModernFix/]: Generated cache for /assets in 441.9 μs
[10Aug2026 03:02:59.578] [main/DEBUG] [ModernFix/]: Generated cache for /assets in 147.5 μs
[10Aug2026 03:02:59.578] [main/DEBUG] [ModernFix/]: Generated cache for /assets in 91.57 μs
[10Aug2026 03:02:59.578] [main/DEBUG] [ModernFix/]: Generated cache for /assets in 34.58 μs
[10Aug2026 03:02:59.578] [main/DEBUG] [ModernFix/]: Generated cache for /assets in 46.62 μs
[10Aug2026 03:02:59.578] [main/DEBUG] [ModernFix/]: Generated cache for /assets in 64.45 μs
[10Aug2026 03:02:59.579] [main/INFO] [com.teamabnormals.blueprint.core.Blueprint/]: Successfully loaded 0 data remolders!
[10Aug2026 03:02:59.582] [main/INFO] [Moonlight/]: Starting runtime resource generation for pack type SERVER_DATA with generators from mods [supplementaries]: [net.mehvahdjukaar.supplementaries.dynamicpack.ServerDynamicResourcesGenerator@443a7d07]
[10Aug2026 03:02:59.583] [main/INFO] [Moonlight/]: Generating runtime assets for pack Supplementaries Generated Pack (supplementaries)
[10Aug2026 03:02:59.601] [main/DEBUG] [mixin/]: Mixing AdvancementBuilderMixin from blueprint.mixins.json into net.minecraft.advancements.Advancement$Builder
[10Aug2026 03:02:59.612] [main/DEBUG] [mixin/]: Mixing MixinNbtPredicate from curios.mixins.json into net.minecraft.advancements.critereon.NbtPredicate
[10Aug2026 03:02:59.643] [main/INFO] [Supplementaries/]: Generated runtime SERVER_DATA for pack Supplementaries Generated Pack (supplementaries) in: 59 ms (multithreaded)
[10Aug2026 03:02:59.643] [main/INFO] [Moonlight/]: Finished runtime resources generation for 1 packs in a total of 60 ms
[10Aug2026 03:03:00.006] [main/DEBUG] [mixin/]: Mixing ModifyStructureSettingsMixin from structureessentials.mixins.json into net.minecraftforge.common.world.ModifiableStructureInfo
[10Aug2026 03:03:00.421] [main/DEBUG] [mixin/]: Mixing bugfix.registry_ops_cme.RegistryOpsMemoizedMixin from modernfix-modernfix.mixins.json into net.minecraft.resources.RegistryOps$1
[10Aug2026 03:03:00.443] [main/DEBUG] [mixin/]: Mixing PrimaryLevelDataMixin from citadel.mixins.json into net.minecraft.world.level.storage.PrimaryLevelData
[10Aug2026 03:03:00.443] [main/DEBUG] [mixin/]: Mixing MixinPrimaryLevelData from terrablender.mixins.json into net.minecraft.world.level.storage.PrimaryLevelData
[10Aug2026 03:03:00.558] [main/DEBUG] [mixin/]: Mixing LocateCommandMixin from structureessentials.mixins.json into net.minecraft.server.commands.LocateCommand
[10Aug2026 03:03:00.595] [main/DEBUG] [net.minecraftforge.coremod.transformer.CoreModBaseTransformer/COREMOD]: Transforming net/minecraft/server/commands/SummonCommand
[10Aug2026 03:03:00.721] [main/DEBUG] [mixin/]: Mixing perf.potential_spawns_alloc.ForgeEventFactoryMixin from modernfix-modernfix.mixins.json into net.minecraftforge.event.ForgeEventFactory
[10Aug2026 03:03:00.721] [main/DEBUG] [mixin/]: Mixing ForgeEventFactoryMixin from blueprint.mixins.json into net.minecraftforge.event.ForgeEventFactory
[10Aug2026 03:03:00.819] [main/INFO] [org.admany.quantified.core.forge.commands.QuantifiedCommand/]: Quantified command tree registered for Forge omni bootstrap
[10Aug2026 03:03:00.820] [main/DEBUG] [org.admany.quantified.core.forge.wide.QuantifiedForgeWideBootstrap/]: Quantified commands registered.
[10Aug2026 03:03:00.823] [main/DEBUG] [mixin/]: Mixing debug.TagLoaderMixin from mixins.artifacts.common.json into net.minecraft.tags.TagLoader
[10Aug2026 03:03:00.824] [main/DEBUG] [mixin/]: Mixing TagLoaderMixin from supermartijn642corelib.mixins.json into net.minecraft.tags.TagLoader
[10Aug2026 03:03:00.946] [main/DEBUG] [mixin/]: Mixing feature.measure_time.AddReloadListenerEventWrapperMixin from modernfix-modernfix.mixins.json into net.minecraftforge.event.AddReloadListenerEvent$WrappedStateAwareListener
[10Aug2026 03:03:00.960] [main/INFO] [com.github.alexthe666.alexsmobs.AlexsMobs/]: Adding datapack listener capsid_recipes
[10Aug2026 03:03:00.975] [main/DEBUG] [mixin/]: Mixing feature.measure_time.SimpleReloadInstanceMixin from modernfix-modernfix.mixins.json into net.minecraft.server.packs.resources.SimpleReloadInstance
[10Aug2026 03:03:00.975] [main/DEBUG] [mixin/]: Mixing SimpleReloadInstanceMixin from blueprint.mixins.json into net.minecraft.server.packs.resources.SimpleReloadInstance
[10Aug2026 03:03:01.152] [Worker-Main-3/WARN] [artifacts.Artifacts/]: Tag entries for curios:tags/items/magic_book.json cleared by tombstone-1.20.1-9.0.9.jar
[10Aug2026 03:03:01.219] [Worker-Main-3/ERROR] [net.minecraft.tags.TagLoader/]: Couldn't load tag quark:vertical_slab as it is missing following references: bygonenether:withered_blackstone_vertical_slab (from bygonenether-1.3.2-1.20.x.jar), 
	bygonenether:cracked_withered_blackstone_vertical_slab (from bygonenether-1.3.2-1.20.x.jar), 
	bygonenether:warped_nether_brick_vertical_slab (from bygonenether-1.3.2-1.20.x.jar)
[10Aug2026 03:03:01.387] [Worker-Main-1/ERROR] [net.minecraft.tags.TagLoader/]: Couldn't load tag quark:wraith_spawnable as it is missing following references: quark:soul_stone (from bygonenether-1.3.2-1.20.x.jar)
[10Aug2026 03:03:01.388] [Worker-Main-1/ERROR] [net.minecraft.tags.TagLoader/]: Couldn't load tag quark:vertical_slab as it is missing following references: bygonenether:withered_blackstone_vertical_slab (from bygonenether-1.3.2-1.20.x.jar), 
	bygonenether:cracked_withered_blackstone_vertical_slab (from bygonenether-1.3.2-1.20.x.jar), 
	bygonenether:warped_nether_brick_vertical_slab (from bygonenether-1.3.2-1.20.x.jar)
[10Aug2026 03:03:01.559] [Worker-Main-2/DEBUG] [net.minecraftforge.coremod.transformer.CoreModBaseTransformer/COREMOD]: Transforming net/minecraft/world/entity/raid/Raid
[10Aug2026 03:03:01.723] [Worker-Main-2/DEBUG] [mixin/]: Mixing MapDecorationTypeMixin from alexscaves.mixins.json into net.minecraft.world.level.saveddata.maps.MapDecoration$Type
[10Aug2026 03:03:01.724] [Worker-Main-2/DEBUG] [mixin/]: Renaming @Invoker method ac_invokeInit(Ljava/lang/String;IZIZ)Lnet/minecraft/world/level/saveddata/maps/MapDecoration$Type; to ac_invokeInit_$md$ff13ee$0 in alexscaves.mixins.json:MapDecorationTypeMixin
[10Aug2026 03:03:02.085] [Worker-Main-2/ERROR] [net.minecraftforge.common.ForgeHooks/]: Couldn't parse element loot_tables:bygonenether:blocks/withered_blackstone_vertical_slab
java.lang.IllegalArgumentException: Can't find block bygonenether:withered_blackstone_vertical_slab
	at net.minecraft.world.level.storage.loot.predicates.LootItemBlockStatePropertyCondition$Serializer.m_81802_(LootItemBlockStatePropertyCondition.java:79) ~[server-1.20.1-20230612.114412-srg.jar%23225!/:?]
	at java.util.Optional.orElseThrow(Optional.java:403) ~[?:?]
	at net.minecraft.world.level.storage.loot.predicates.LootItemBlockStatePropertyCondition$Serializer.m_7561_(LootItemBlockStatePropertyCondition.java:79) ~[server-1.20.1-20230612.114412-srg.jar%23225!/:?]
	at net.minecraft.world.level.storage.loot.predicates.LootItemBlockStatePropertyCondition$Serializer.m_7561_(LootItemBlockStatePropertyCondition.java:68) ~[server-1.20.1-20230612.114412-srg.jar%23225!/:?]
	at net.minecraft.world.level.storage.loot.GsonAdapterFactory$JsonAdapter.deserialize(GsonAdapterFactory.java:102) ~[server-1.20.1-20230612.114412-srg.jar%23225!/:?]
	at com.google.gson.internal.bind.TreeTypeAdapter.read(TreeTypeAdapter.java:76) ~[gson-2.10.jar%2372!/:?]
	at com.google.gson.internal.bind.TypeAdapterRuntimeTypeWrapper.read(TypeAdapterRuntimeTypeWrapper.java:40) ~[gson-2.10.jar%2372!/:?]
	at com.google.gson.internal.bind.ArrayTypeAdapter.read(ArrayTypeAdapter.java:72) ~[gson-2.10.jar%2372!/:?]
	at com.google.gson.Gson.fromJson(Gson.java:1214) ~[gson-2.10.jar%2372!/:?]
	at com.google.gson.Gson.fromJson(Gson.java:1319) ~[gson-2.10.jar%2372!/:?]
	at com.google.gson.Gson.fromJson(Gson.java:1290) ~[gson-2.10.jar%2372!/:?]
	at com.google.gson.internal.bind.TreeTypeAdapter$GsonContextImpl.deserialize(TreeTypeAdapter.java:179) ~[gson-2.10.jar%2372!/:?]
	at net.minecraft.util.GsonHelper.m_13808_(GsonHelper.java:463) ~[server-1.20.1-20230612.114412-srg.jar%23225!/:?]
	at net.minecraft.util.GsonHelper.m_13845_(GsonHelper.java:481) ~[server-1.20.1-20230612.114412-srg.jar%23225!/:?]
	at net.minecraft.world.level.storage.loot.functions.LootItemConditionalFunction$Serializer.m_7561_(LootItemConditionalFunction.java:98) ~[server-1.20.1-20230612.114412-srg.jar%23225!/:?]
	at net.minecraft.world.level.storage.loot.functions.LootItemConditionalFunction$Serializer.m_7561_(LootItemConditionalFunction.java:88) ~[server-1.20.1-20230612.114412-srg.jar%23225!/:?]
	at net.minecraft.world.level.storage.loot.GsonAdapterFactory$JsonAdapter.deserialize(GsonAdapterFactory.java:102) ~[server-1.20.1-20230612.114412-srg.jar%23225!/:?]
	at com.google.gson.internal.bind.TreeTypeAdapter.read(TreeTypeAdapter.java:76) ~[gson-2.10.jar%2372!/:?]
	at com.google.gson.internal.bind.TypeAdapterRuntimeTypeWrapper.read(TypeAdapterRuntimeTypeWrapper.java:40) ~[gson-2.10.jar%2372!/:?]
	at com.google.gson.internal.bind.ArrayTypeAdapter.read(ArrayTypeAdapter.java:72) ~[gson-2.10.jar%2372!/:?]
	at com.google.gson.Gson.fromJson(Gson.java:1214) ~[gson-2.10.jar%2372!/:?]
	at com.google.gson.Gson.fromJson(Gson.java:1319) ~[gson-2.10.jar%2372!/:?]
	at com.google.gson.Gson.fromJson(Gson.java:1290) ~[gson-2.10.jar%2372!/:?]
	at com.google.gson.internal.bind.TreeTypeAdapter$GsonContextImpl.deserialize(TreeTypeAdapter.java:179) ~[gson-2.10.jar%2372!/:?]
	at net.minecraft.util.GsonHelper.m_13808_(GsonHelper.java:463) ~[server-1.20.1-20230612.114412-srg.jar%23225!/:?]
	at net.minecraft.util.GsonHelper.m_13845_(GsonHelper.java:481) ~[server-1.20.1-20230612.114412-srg.jar%23225!/:?]
	at net.minecraft.world.level.storage.loot.entries.LootPoolSingletonContainer$Serializer.m_5921_(LootPoolSingletonContainer.java:149) ~[server-1.20.1-20230612.114412-srg.jar%23225!/:?]
	at net.minecraft.world.level.storage.loot.entries.LootPoolSingletonContainer$Serializer.m_5921_(LootPoolSingletonContainer.java:129) ~[server-1.20.1-20230612.114412-srg.jar%23225!/:?]
	at net.minecraft.world.level.storage.loot.entries.LootPoolEntryContainer$Serializer.m_7561_(LootPoolEntryContainer.java:86) ~[server-1.20.1-20230612.114412-srg.jar%23225!/:?]
	at net.minecraft.world.level.storage.loot.entries.LootPoolEntryContainer$Serializer.m_7561_(LootPoolEntryContainer.java:74) ~[server-1.20.1-20230612.114412-srg.jar%23225!/:?]
	at net.minecraft.world.level.storage.loot.GsonAdapterFactory$JsonAdapter.deserialize(GsonAdapterFactory.java:102) ~[server-1.20.1-20230612.114412-srg.jar%23225!/:?]
	at com.google.gson.internal.bind.TreeTypeAdapter.read(TreeTypeAdapter.java:76) ~[gson-2.10.jar%2372!/:?]
	at com.google.gson.internal.bind.TypeAdapterRuntimeTypeWrapper.read(TypeAdapterRuntimeTypeWrapper.java:40) ~[gson-2.10.jar%2372!/:?]
	at com.google.gson.internal.bind.ArrayTypeAdapter.read(ArrayTypeAdapter.java:72) ~[gson-2.10.jar%2372!/:?]
	at com.google.gson.Gson.fromJson(Gson.java:1214) ~[gson-2.10.jar%2372!/:?]
	at com.google.gson.Gson.fromJson(Gson.java:1319) ~[gson-2.10.jar%2372!/:?]
	at com.google.gson.Gson.fromJson(Gson.java:1290) ~[gson-2.10.jar%2372!/:?]
	at com.google.gson.internal.bind.TreeTypeAdapter$GsonContextImpl.deserialize(TreeTypeAdapter.java:179) ~[gson-2.10.jar%2372!/:?]
	at net.minecraft.util.GsonHelper.m_13808_(GsonHelper.java:463) ~[server-1.20.1-20230612.114412-srg.jar%23225!/:?]
	at net.minecraft.util.GsonHelper.m_13836_(GsonHelper.java:471) ~[server-1.20.1-20230612.114412-srg.jar%23225!/:?]
	at net.minecraft.world.level.storage.loot.LootPool$Serializer.deserialize(LootPool.java:192) ~[server-1.20.1-20230612.114412-srg.jar%23225!/:?]
	at net.minecraft.world.level.storage.loot.LootPool$Serializer.deserialize(LootPool.java:189) ~[server-1.20.1-20230612.114412-srg.jar%23225!/:?]
	at com.google.gson.internal.bind.TreeTypeAdapter.read(TreeTypeAdapter.java:76) ~[gson-2.10.jar%2372!/:?]
	at com.google.gson.internal.bind.TypeAdapterRuntimeTypeWrapper.read(TypeAdapterRuntimeTypeWrapper.java:40) ~[gson-2.10.jar%2372!/:?]
	at com.google.gson.internal.bind.ArrayTypeAdapter.read(ArrayTypeAdapter.java:72) ~[gson-2.10.jar%2372!/:?]
	at com.google.gson.Gson.fromJson(Gson.java:1214) ~[gson-2.10.jar%2372!/:?]
	at com.google.gson.Gson.fromJson(Gson.java:1319) ~[gson-2.10.jar%2372!/:?]
	at com.google.gson.Gson.fromJson(Gson.java:1290) ~[gson-2.10.jar%2372!/:?]
	at com.google.gson.internal.bind.TreeTypeAdapter$GsonContextImpl.deserialize(TreeTypeAdapter.java:179) ~[gson-2.10.jar%2372!/:?]
	at net.minecraft.util.GsonHelper.m_13808_(GsonHelper.java:463) ~[server-1.20.1-20230612.114412-srg.jar%23225!/:?]
	at net.minecraft.util.GsonHelper.m_13845_(GsonHelper.java:481) ~[server-1.20.1-20230612.114412-srg.jar%23225!/:?]
	at net.minecraft.world.level.storage.loot.LootTable$Serializer.deserialize(LootTable.java:294) ~[server-1.20.1-20230612.114412-srg.jar%23225!/:?]
	at net.minecraft.world.level.storage.loot.LootTable$Serializer.deserialize(LootTable.java:291) ~[server-1.20.1-20230612.114412-srg.jar%23225!/:?]
	at com.google.gson.internal.bind.TreeTypeAdapter.read(TreeTypeAdapter.java:76) ~[gson-2.10.jar%2372!/:?]
	at com.google.gson.Gson.fromJson(Gson.java:1214) ~[gson-2.10.jar%2372!/:?]
	at com.google.gson.Gson.fromJson(Gson.java:1319) ~[gson-2.10.jar%2372!/:?]
	at com.google.gson.Gson.fromJson(Gson.java:1261) ~[gson-2.10.jar%2372!/:?]
	at net.minecraftforge.common.ForgeHooks.loadLootTable(ForgeHooks.java:871) ~[forge-1.20.1-47.3.7-universal.jar%23230!/:?]
	at net.minecraftforge.common.ForgeHooks.lambda$getLootTableDeserializer$3(ForgeHooks.java:848) ~[forge-1.20.1-47.3.7-universal.jar%23230!/:?]
	at net.minecraft.world.level.storage.loot.LootDataType.deserialize(LootDataType.java:45) ~[server-1.20.1-20230612.114412-srg.jar%23225!/:?]
	at net.minecraft.world.level.storage.loot.LootDataManager.lambda$scheduleElementParse$4(LootDataManager.java:56) ~[server-1.20.1-20230612.114412-srg.jar%23225!/:?]
	at java.util.HashMap.forEach(HashMap.java:1421) ~[?:?]
	at net.minecraft.world.level.storage.loot.LootDataManager.m_278660_(LootDataManager.java:55) ~[server-1.20.1-20230612.114412-srg.jar%23225!/:?]
	at java.util.concurrent.CompletableFuture$AsyncRun.run(CompletableFuture.java:1804) ~[?:?]
	at java.util.concurrent.CompletableFuture$AsyncRun.exec(CompletableFuture.java:1796) ~[?:?]
	at java.util.concurrent.ForkJoinTask.doExec(ForkJoinTask.java:373) ~[?:?]
	at java.util.concurrent.ForkJoinPool$WorkQueue.topLevelExec(ForkJoinPool.java:1182) ~[?:?]
	at java.util.concurrent.ForkJoinPool.scan(ForkJoinPool.java:1655) ~[?:?]
	at java.util.concurrent.ForkJoinPool.runWorker(ForkJoinPool.java:1622) ~[?:?]
	at java.util.concurrent.ForkJoinWorkerThread.run(ForkJoinWorkerThread.java:165) ~[?:?]
[10Aug2026 03:03:02.126] [Worker-Main-3/ERROR] [com.nukateam.ntgl.Ntgl/]: Missing required properties for ntgl:cc/equipment/t45/t45_body.json
[10Aug2026 03:03:02.127] [Worker-Main-3/INFO] [STDERR/]: [com.nukateam.chassis_core.modules.config.utils.ConfigUtils:lambda$getConfigMap$2:74]: java.io.InvalidObjectException: Missing required property: id
[10Aug2026 03:03:02.128] [Worker-Main-3/INFO] [STDERR/]: [com.nukateam.chassis_core.modules.config.utils.ConfigUtils:lambda$getConfigMap$2:74]: 	at TRANSFORMER/ntgl@3.1.2/com.nukateam.chassis_core.modules.config.annotation.Validator.isValidObject(Validator.java:30)
[10Aug2026 03:03:02.128] [Worker-Main-3/INFO] [STDERR/]: [com.nukateam.chassis_core.modules.config.utils.ConfigUtils:lambda$getConfigMap$2:74]: 	at TRANSFORMER/ntgl@3.1.2/com.nukateam.chassis_core.modules.config.utils.ConfigUtils.lambda$getConfigMap$2(ConfigUtils.java:64)
[10Aug2026 03:03:02.129] [Worker-Main-3/INFO] [STDERR/]: [com.nukateam.chassis_core.modules.config.utils.ConfigUtils:lambda$getConfigMap$2:74]: 	at java.base/java.util.Optional.ifPresent(Optional.java:178)
[10Aug2026 03:03:02.129] [Worker-Main-3/INFO] [STDERR/]: [com.nukateam.chassis_core.modules.config.utils.ConfigUtils:lambda$getConfigMap$2:74]: 	at TRANSFORMER/ntgl@3.1.2/com.nukateam.chassis_core.modules.config.utils.ConfigUtils.lambda$getConfigMap$3(ConfigUtils.java:59)
[10Aug2026 03:03:02.129] [Worker-Main-3/INFO] [STDERR/]: [com.nukateam.chassis_core.modules.config.utils.ConfigUtils:lambda$getConfigMap$2:74]: 	at java.base/java.util.ArrayList.forEach(ArrayList.java:1511)
[10Aug2026 03:03:02.129] [Worker-Main-3/INFO] [STDERR/]: [com.nukateam.chassis_core.modules.config.utils.ConfigUtils:lambda$getConfigMap$2:74]: 	at TRANSFORMER/ntgl@3.1.2/com.nukateam.chassis_core.modules.config.utils.ConfigUtils.lambda$getConfigMap$4(ConfigUtils.java:46)
[10Aug2026 03:03:02.130] [Worker-Main-3/INFO] [STDERR/]: [com.nukateam.chassis_core.modules.config.utils.ConfigUtils:lambda$getConfigMap$2:74]: 	at java.base/java.util.stream.ForEachOps$ForEachOp$OfRef.accept(ForEachOps.java:183)
[10Aug2026 03:03:02.130] [Worker-Main-3/INFO] [STDERR/]: [com.nukateam.chassis_core.modules.config.utils.ConfigUtils:lambda$getConfigMap$2:74]: 	at java.base/java.util.stream.ReferencePipeline$2$1.accept(ReferencePipeline.java:179)
[10Aug2026 03:03:02.130] [Worker-Main-3/INFO] [STDERR/]: [com.nukateam.chassis_core.modules.config.utils.ConfigUtils:lambda$getConfigMap$2:74]: 	at java.base/java.util.Iterator.forEachRemaining(Iterator.java:133)
[10Aug2026 03:03:02.130] [Worker-Main-3/INFO] [STDERR/]: [com.nukateam.chassis_core.modules.config.utils.ConfigUtils:lambda$getConfigMap$2:74]: 	at java.base/java.util.Spliterators$IteratorSpliterator.forEachRemaining(Spliterators.java:1845)
[10Aug2026 03:03:02.131] [Worker-Main-3/INFO] [STDERR/]: [com.nukateam.chassis_core.modules.config.utils.ConfigUtils:lambda$getConfigMap$2:74]: 	at java.base/java.util.stream.AbstractPipeline.copyInto(AbstractPipeline.java:509)
[10Aug2026 03:03:02.131] [Worker-Main-3/INFO] [STDERR/]: [com.nukateam.chassis_core.modules.config.utils.ConfigUtils:lambda$getConfigMap$2:74]: 	at java.base/java.util.stream.AbstractPipeline.wrapAndCopyInto(AbstractPipeline.java:499)
[10Aug2026 03:03:02.131] [Worker-Main-3/INFO] [STDERR/]: [com.nukateam.chassis_core.modules.config.utils.ConfigUtils:lambda$getConfigMap$2:74]: 	at java.base/java.util.stream.ForEachOps$ForEachOp.evaluateSequential(ForEachOps.java:150)
[10Aug2026 03:03:02.132] [Worker-Main-3/INFO] [STDERR/]: [com.nukateam.chassis_core.modules.config.utils.ConfigUtils:lambda$getConfigMap$2:74]: 	at java.base/java.util.stream.ForEachOps$ForEachOp$OfRef.evaluateSequential(ForEachOps.java:173)
[10Aug2026 03:03:02.132] [Worker-Main-3/INFO] [STDERR/]: [com.nukateam.chassis_core.modules.config.utils.ConfigUtils:lambda$getConfigMap$2:74]: 	at java.base/java.util.stream.AbstractPipeline.evaluate(AbstractPipeline.java:234)
[10Aug2026 03:03:02.132] [Worker-Main-3/INFO] [STDERR/]: [com.nukateam.chassis_core.modules.config.utils.ConfigUtils:lambda$getConfigMap$2:74]: 	at java.base/java.util.stream.ReferencePipeline.forEach(ReferencePipeline.java:596)
[10Aug2026 03:03:02.132] [Worker-Main-3/INFO] [STDERR/]: [com.nukateam.chassis_core.modules.config.utils.ConfigUtils:lambda$getConfigMap$2:74]: 	at TRANSFORMER/ntgl@3.1.2/com.nukateam.chassis_core.modules.config.utils.ConfigUtils.getConfigMap(ConfigUtils.java:34)
[10Aug2026 03:03:02.133] [Worker-Main-3/INFO] [STDERR/]: [com.nukateam.chassis_core.modules.config.utils.ConfigUtils:lambda$getConfigMap$2:74]: 	at TRANSFORMER/ntgl@3.1.2/com.nukateam.ntgl.modules.datapack.managers.NetworkEquipmentManager.prepare(NetworkEquipmentManager.java:46)
[10Aug2026 03:03:02.133] [Worker-Main-3/INFO] [STDERR/]: [com.nukateam.chassis_core.modules.config.utils.ConfigUtils:lambda$getConfigMap$2:74]: 	at TRANSFORMER/ntgl@3.1.2/com.nukateam.ntgl.modules.datapack.managers.NetworkEquipmentManager.m_5944_(NetworkEquipmentManager.java:29)
[10Aug2026 03:03:02.134] [Worker-Main-3/INFO] [STDERR/]: [com.nukateam.chassis_core.modules.config.utils.ConfigUtils:lambda$getConfigMap$2:74]: 	at TRANSFORMER/minecraft@1.20.1/net.minecraft.server.packs.resources.SimplePreparableReloadListener.m_10786_(SimplePreparableReloadListener.java:11)
[10Aug2026 03:03:02.138] [Worker-Main-3/INFO] [STDERR/]: [com.nukateam.chassis_core.modules.config.utils.ConfigUtils:lambda$getConfigMap$2:74]: 	at java.base/java.util.concurrent.CompletableFuture$AsyncSupply.run(CompletableFuture.java:1768)
[10Aug2026 03:03:02.138] [Worker-Main-3/INFO] [STDERR/]: [com.nukateam.chassis_core.modules.config.utils.ConfigUtils:lambda$getConfigMap$2:74]: 	at java.base/java.util.concurrent.CompletableFuture$AsyncSupply.exec(CompletableFuture.java:1760)
[10Aug2026 03:03:02.138] [Worker-Main-3/INFO] [STDERR/]: [com.nukateam.chassis_core.modules.config.utils.ConfigUtils:lambda$getConfigMap$2:74]: 	at java.base/java.util.concurrent.ForkJoinTask.doExec(ForkJoinTask.java:373)
[10Aug2026 03:03:02.138] [Worker-Main-3/INFO] [STDERR/]: [com.nukateam.chassis_core.modules.config.utils.ConfigUtils:lambda$getConfigMap$2:74]: 	at java.base/java.util.concurrent.ForkJoinPool$WorkQueue.topLevelExec(ForkJoinPool.java:1182)
[10Aug2026 03:03:02.138] [Worker-Main-3/INFO] [STDERR/]: [com.nukateam.chassis_core.modules.config.utils.ConfigUtils:lambda$getConfigMap$2:74]: 	at java.base/java.util.concurrent.ForkJoinPool.scan(ForkJoinPool.java:1655)
[10Aug2026 03:03:02.138] [Worker-Main-3/INFO] [STDERR/]: [com.nukateam.chassis_core.modules.config.utils.ConfigUtils:lambda$getConfigMap$2:74]: 	at java.base/java.util.concurrent.ForkJoinPool.runWorker(ForkJoinPool.java:1622)
[10Aug2026 03:03:02.138] [Worker-Main-3/INFO] [STDERR/]: [com.nukateam.chassis_core.modules.config.utils.ConfigUtils:lambda$getConfigMap$2:74]: 	at java.base/java.util.concurrent.ForkJoinWorkerThread.run(ForkJoinWorkerThread.java:165)
[10Aug2026 03:03:02.139] [Worker-Main-3/ERROR] [com.nukateam.ntgl.Ntgl/]: Missing required properties for ntgl:cc/equipment/t45/t45_helmet.json
[10Aug2026 03:03:02.139] [Worker-Main-3/INFO] [STDERR/]: [com.nukateam.chassis_core.modules.config.utils.ConfigUtils:lambda$getConfigMap$2:74]: java.io.InvalidObjectException: Missing required property: id
[10Aug2026 03:03:02.139] [Worker-Main-3/INFO] [STDERR/]: [com.nukateam.chassis_core.modules.config.utils.ConfigUtils:lambda$getConfigMap$2:74]: 	at TRANSFORMER/ntgl@3.1.2/com.nukateam.chassis_core.modules.config.annotation.Validator.isValidObject(Validator.java:30)
[10Aug2026 03:03:02.139] [Worker-Main-3/INFO] [STDERR/]: [com.nukateam.chassis_core.modules.config.utils.ConfigUtils:lambda$getConfigMap$2:74]: 	at TRANSFORMER/ntgl@3.1.2/com.nukateam.chassis_core.modules.config.utils.ConfigUtils.lambda$getConfigMap$2(ConfigUtils.java:64)
[10Aug2026 03:03:02.139] [Worker-Main-3/INFO] [STDERR/]: [com.nukateam.chassis_core.modules.config.utils.ConfigUtils:lambda$getConfigMap$2:74]: 	at java.base/java.util.Optional.ifPresent(Optional.java:178)
[10Aug2026 03:03:02.139] [Worker-Main-3/INFO] [STDERR/]: [com.nukateam.chassis_core.modules.config.utils.ConfigUtils:lambda$getConfigMap$2:74]: 	at TRANSFORMER/ntgl@3.1.2/com.nukateam.chassis_core.modules.config.utils.ConfigUtils.lambda$getConfigMap$3(ConfigUtils.java:59)
[10Aug2026 03:03:02.140] [Worker-Main-3/INFO] [STDERR/]: [com.nukateam.chassis_core.modules.config.utils.ConfigUtils:lambda$getConfigMap$2:74]: 	at java.base/java.util.ArrayList.forEach(ArrayList.java:1511)
[10Aug2026 03:03:02.140] [Worker-Main-3/INFO] [STDERR/]: [com.nukateam.chassis_core.modules.config.utils.ConfigUtils:lambda$getConfigMap$2:74]: 	at TRANSFORMER/ntgl@3.1.2/com.nukateam.chassis_core.modules.config.utils.ConfigUtils.lambda$getConfigMap$4(ConfigUtils.java:46)
[10Aug2026 03:03:02.140] [Worker-Main-3/INFO] [STDERR/]: [com.nukateam.chassis_core.modules.config.utils.ConfigUtils:lambda$getConfigMap$2:74]: 	at java.base/java.util.stream.ForEachOps$ForEachOp$OfRef.accept(ForEachOps.java:183)
[10Aug2026 03:03:02.140] [Worker-Main-3/INFO] [STDERR/]: [com.nukateam.chassis_core.modules.config.utils.ConfigUtils:lambda$getConfigMap$2:74]: 	at java.base/java.util.stream.ReferencePipeline$2$1.accept(ReferencePipeline.java:179)
[10Aug2026 03:03:02.140] [Worker-Main-3/INFO] [STDERR/]: [com.nukateam.chassis_core.modules.config.utils.ConfigUtils:lambda$getConfigMap$2:74]: 	at java.base/java.util.Iterator.forEachRemaining(Iterator.java:133)
[10Aug2026 03:03:02.140] [Worker-Main-3/INFO] [STDERR/]: [com.nukateam.chassis_core.modules.config.utils.ConfigUtils:lambda$getConfigMap$2:74]: 	at java.base/java.util.Spliterators$IteratorSpliterator.forEachRemaining(Spliterators.java:1845)
[10Aug2026 03:03:02.140] [Worker-Main-3/INFO] [STDERR/]: [com.nukateam.chassis_core.modules.config.utils.ConfigUtils:lambda$getConfigMap$2:74]: 	at java.base/java.util.stream.AbstractPipeline.copyInto(AbstractPipeline.java:509)
[10Aug2026 03:03:02.140] [Worker-Main-3/INFO] [STDERR/]: [com.nukateam.chassis_core.modules.config.utils.ConfigUtils:lambda$getConfigMap$2:74]: 	at java.base/java.util.stream.AbstractPipeline.wrapAndCopyInto(AbstractPipeline.java:499)
[10Aug2026 03:03:02.140] [Worker-Main-3/INFO] [STDERR/]: [com.nukateam.chassis_core.modules.config.utils.ConfigUtils:lambda$getConfigMap$2:74]: 	at java.base/java.util.stream.ForEachOps$ForEachOp.evaluateSequential(ForEachOps.java:150)
[10Aug2026 03:03:02.140] [Worker-Main-3/INFO] [STDERR/]: [com.nukateam.chassis_core.modules.config.utils.ConfigUtils:lambda$getConfigMap$2:74]: 	at java.base/java.util.stream.ForEachOps$ForEachOp$OfRef.evaluateSequential(ForEachOps.java:173)
[10Aug2026 03:03:02.141] [Worker-Main-3/INFO] [STDERR/]: [com.nukateam.chassis_core.modules.config.utils.ConfigUtils:lambda$getConfigMap$2:74]: 	at java.base/java.util.stream.AbstractPipeline.evaluate(AbstractPipeline.java:234)
[10Aug2026 03:03:02.141] [Worker-Main-3/INFO] [STDERR/]: [com.nukateam.chassis_core.modules.config.utils.ConfigUtils:lambda$getConfigMap$2:74]: 	at java.base/java.util.stream.ReferencePipeline.forEach(ReferencePipeline.java:596)
[10Aug2026 03:03:02.142] [Worker-Main-3/INFO] [STDERR/]: [com.nukateam.chassis_core.modules.config.utils.ConfigUtils:lambda$getConfigMap$2:74]: 	at TRANSFORMER/ntgl@3.1.2/com.nukateam.chassis_core.modules.config.utils.ConfigUtils.getConfigMap(ConfigUtils.java:34)
[10Aug2026 03:03:02.142] [Worker-Main-3/INFO] [STDERR/]: [com.nukateam.chassis_core.modules.config.utils.ConfigUtils:lambda$getConfigMap$2:74]: 	at TRANSFORMER/ntgl@3.1.2/com.nukateam.ntgl.modules.datapack.managers.NetworkEquipmentManager.prepare(NetworkEquipmentManager.java:46)
[10Aug2026 03:03:02.142] [Worker-Main-3/INFO] [STDERR/]: [com.nukateam.chassis_core.modules.config.utils.ConfigUtils:lambda$getConfigMap$2:74]: 	at TRANSFORMER/ntgl@3.1.2/com.nukateam.ntgl.modules.datapack.managers.NetworkEquipmentManager.m_5944_(NetworkEquipmentManager.java:29)
[10Aug2026 03:03:02.142] [Worker-Main-3/INFO] [STDERR/]: [com.nukateam.chassis_core.modules.config.utils.ConfigUtils:lambda$getConfigMap$2:74]: 	at TRANSFORMER/minecraft@1.20.1/net.minecraft.server.packs.resources.SimplePreparableReloadListener.m_10786_(SimplePreparableReloadListener.java:11)
[10Aug2026 03:03:02.143] [Worker-Main-3/INFO] [STDERR/]: [com.nukateam.chassis_core.modules.config.utils.ConfigUtils:lambda$getConfigMap$2:74]: 	at java.base/java.util.concurrent.CompletableFuture$AsyncSupply.run(CompletableFuture.java:1768)
[10Aug2026 03:03:02.143] [Worker-Main-3/INFO] [STDERR/]: [com.nukateam.chassis_core.modules.config.utils.ConfigUtils:lambda$getConfigMap$2:74]: 	at java.base/java.util.concurrent.CompletableFuture$AsyncSupply.exec(CompletableFuture.java:1760)
[10Aug2026 03:03:02.143] [Worker-Main-3/INFO] [STDERR/]: [com.nukateam.chassis_core.modules.config.utils.ConfigUtils:lambda$getConfigMap$2:74]: 	at java.base/java.util.concurrent.ForkJoinTask.doExec(ForkJoinTask.java:373)
[10Aug2026 03:03:02.143] [Worker-Main-3/INFO] [STDERR/]: [com.nukateam.chassis_core.modules.config.utils.ConfigUtils:lambda$getConfigMap$2:74]: 	at java.base/java.util.concurrent.ForkJoinPool$WorkQueue.topLevelExec(ForkJoinPool.java:1182)
[10Aug2026 03:03:02.144] [Worker-Main-3/INFO] [STDERR/]: [com.nukateam.chassis_core.modules.config.utils.ConfigUtils:lambda$getConfigMap$2:74]: 	at java.base/java.util.concurrent.ForkJoinPool.scan(ForkJoinPool.java:1655)
[10Aug2026 03:03:02.144] [Worker-Main-3/INFO] [STDERR/]: [com.nukateam.chassis_core.modules.config.utils.ConfigUtils:lambda$getConfigMap$2:74]: 	at java.base/java.util.concurrent.ForkJoinPool.runWorker(ForkJoinPool.java:1622)
[10Aug2026 03:03:02.144] [Worker-Main-3/INFO] [STDERR/]: [com.nukateam.chassis_core.modules.config.utils.ConfigUtils:lambda$getConfigMap$2:74]: 	at java.base/java.util.concurrent.ForkJoinWorkerThread.run(ForkJoinWorkerThread.java:165)
[10Aug2026 03:03:02.144] [Worker-Main-3/ERROR] [com.nukateam.ntgl.Ntgl/]: Missing required properties for ntgl:cc/equipment/t45/t45_left_arm.json
[10Aug2026 03:03:02.144] [Worker-Main-3/INFO] [STDERR/]: [com.nukateam.chassis_core.modules.config.utils.ConfigUtils:lambda$getConfigMap$2:74]: java.io.InvalidObjectException: Missing required property: id
[10Aug2026 03:03:02.144] [Worker-Main-3/INFO] [STDERR/]: [com.nukateam.chassis_core.modules.config.utils.ConfigUtils:lambda$getConfigMap$2:74]: 	at TRANSFORMER/ntgl@3.1.2/com.nukateam.chassis_core.modules.config.annotation.Validator.isValidObject(Validator.java:30)
[10Aug2026 03:03:02.144] [Worker-Main-3/INFO] [STDERR/]: [com.nukateam.chassis_core.modules.config.utils.ConfigUtils:lambda$getConfigMap$2:74]: 	at TRANSFORMER/ntgl@3.1.2/com.nukateam.chassis_core.modules.config.utils.ConfigUtils.lambda$getConfigMap$2(ConfigUtils.java:64)
[10Aug2026 03:03:02.145] [Worker-Main-3/INFO] [STDERR/]: [com.nukateam.chassis_core.modules.config.utils.ConfigUtils:lambda$getConfigMap$2:74]: 	at java.base/java.util.Optional.ifPresent(Optional.java:178)
[10Aug2026 03:03:02.145] [Worker-Main-3/INFO] [STDERR/]: [com.nukateam.chassis_core.modules.config.utils.ConfigUtils:lambda$getConfigMap$2:74]: 	at TRANSFORMER/ntgl@3.1.2/com.nukateam.chassis_core.modules.config.utils.ConfigUtils.lambda$getConfigMap$3(ConfigUtils.java:59)
[10Aug2026 03:03:02.145] [Worker-Main-3/INFO] [STDERR/]: [com.nukateam.chassis_core.modules.config.utils.ConfigUtils:lambda$getConfigMap$2:74]: 	at java.base/java.util.ArrayList.forEach(ArrayList.java:1511)
[10Aug2026 03:03:02.146] [Worker-Main-3/INFO] [STDERR/]: [com.nukateam.chassis_core.modules.config.utils.ConfigUtils:lambda$getConfigMap$2:74]: 	at TRANSFORMER/ntgl@3.1.2/com.nukateam.chassis_core.modules.config.utils.ConfigUtils.lambda$getConfigMap$4(ConfigUtils.java:46)
[10Aug2026 03:03:02.146] [Worker-Main-3/INFO] [STDERR/]: [com.nukateam.chassis_core.modules.config.utils.ConfigUtils:lambda$getConfigMap$2:74]: 	at java.base/java.util.stream.ForEachOps$ForEachOp$OfRef.accept(ForEachOps.java:183)
[10Aug2026 03:03:02.146] [Worker-Main-3/INFO] [STDERR/]: [com.nukateam.chassis_core.modules.config.utils.ConfigUtils:lambda$getConfigMap$2:74]: 	at java.base/java.util.stream.ReferencePipeline$2$1.accept(ReferencePipeline.java:179)
[10Aug2026 03:03:02.146] [Worker-Main-3/INFO] [STDERR/]: [com.nukateam.chassis_core.modules.config.utils.ConfigUtils:lambda$getConfigMap$2:74]: 	at java.base/java.util.Iterator.forEachRemaining(Iterator.java:133)
[10Aug2026 03:03:02.147] [Worker-Main-3/INFO] [STDERR/]: [com.nukateam.chassis_core.modules.config.utils.ConfigUtils:lambda$getConfigMap$2:74]: 	at java.base/java.util.Spliterators$IteratorSpliterator.forEachRemaining(Spliterators.java:1845)
[10Aug2026 03:03:02.147] [Worker-Main-3/INFO] [STDERR/]: [com.nukateam.chassis_core.modules.config.utils.ConfigUtils:lambda$getConfigMap$2:74]: 	at java.base/java.util.stream.AbstractPipeline.copyInto(AbstractPipeline.java:509)
[10Aug2026 03:03:02.147] [Worker-Main-3/INFO] [STDERR/]: [com.nukateam.chassis_core.modules.config.utils.ConfigUtils:lambda$getConfigMap$2:74]: 	at java.base/java.util.stream.AbstractPipeline.wrapAndCopyInto(AbstractPipeline.java:499)
[10Aug2026 03:03:02.148] [Worker-Main-3/INFO] [STDERR/]: [com.nukateam.chassis_core.modules.config.utils.ConfigUtils:lambda$getConfigMap$2:74]: 	at java.base/java.util.stream.ForEachOps$ForEachOp.evaluateSequential(ForEachOps.java:150)
[10Aug2026 03:03:02.149] [Worker-Main-3/INFO] [STDERR/]: [com.nukateam.chassis_core.modules.config.utils.ConfigUtils:lambda$getConfigMap$2:74]: 	at java.base/java.util.stream.ForEachOps$ForEachOp$OfRef.evaluateSequential(ForEachOps.java:173)
[10Aug2026 03:03:02.149] [Worker-Main-3/INFO] [STDERR/]: [com.nukateam.chassis_core.modules.config.utils.ConfigUtils:lambda$getConfigMap$2:74]: 	at java.base/java.util.stream.AbstractPipeline.evaluate(AbstractPipeline.java:234)
[10Aug2026 03:03:02.149] [Worker-Main-3/INFO] [STDERR/]: [com.nukateam.chassis_core.modules.config.utils.ConfigUtils:lambda$getConfigMap$2:74]: 	at java.base/java.util.stream.ReferencePipeline.forEach(ReferencePipeline.java:596)
[10Aug2026 03:03:02.149] [Worker-Main-3/INFO] [STDERR/]: [com.nukateam.chassis_core.modules.config.utils.ConfigUtils:lambda$getConfigMap$2:74]: 	at TRANSFORMER/ntgl@3.1.2/com.nukateam.chassis_core.modules.config.utils.ConfigUtils.getConfigMap(ConfigUtils.java:34)
[10Aug2026 03:03:02.149] [Worker-Main-3/INFO] [STDERR/]: [com.nukateam.chassis_core.modules.config.utils.ConfigUtils:lambda$getConfigMap$2:74]: 	at TRANSFORMER/ntgl@3.1.2/com.nukateam.ntgl.modules.datapack.managers.NetworkEquipmentManager.prepare(NetworkEquipmentManager.java:46)
[10Aug2026 03:03:02.149] [Worker-Main-3/INFO] [STDERR/]: [com.nukateam.chassis_core.modules.config.utils.ConfigUtils:lambda$getConfigMap$2:74]: 	at TRANSFORMER/ntgl@3.1.2/com.nukateam.ntgl.modules.datapack.managers.NetworkEquipmentManager.m_5944_(NetworkEquipmentManager.java:29)
[10Aug2026 03:03:02.149] [Worker-Main-3/INFO] [STDERR/]: [com.nukateam.chassis_core.modules.config.utils.ConfigUtils:lambda$getConfigMap$2:74]: 	at TRANSFORMER/minecraft@1.20.1/net.minecraft.server.packs.resources.SimplePreparableReloadListener.m_10786_(SimplePreparableReloadListener.java:11)
[10Aug2026 03:03:02.150] [Worker-Main-3/INFO] [STDERR/]: [com.nukateam.chassis_core.modules.config.utils.ConfigUtils:lambda$getConfigMap$2:74]: 	at java.base/java.util.concurrent.CompletableFuture$AsyncSupply.run(CompletableFuture.java:1768)
[10Aug2026 03:03:02.150] [Worker-Main-3/INFO] [STDERR/]: [com.nukateam.chassis_core.modules.config.utils.ConfigUtils:lambda$getConfigMap$2:74]: 	at java.base/java.util.concurrent.CompletableFuture$AsyncSupply.exec(CompletableFuture.java:1760)
[10Aug2026 03:03:02.150] [Worker-Main-3/INFO] [STDERR/]: [com.nukateam.chassis_core.modules.config.utils.ConfigUtils:lambda$getConfigMap$2:74]: 	at java.base/java.util.concurrent.ForkJoinTask.doExec(ForkJoinTask.java:373)
[10Aug2026 03:03:02.151] [Worker-Main-3/INFO] [STDERR/]: [com.nukateam.chassis_core.modules.config.utils.ConfigUtils:lambda$getConfigMap$2:74]: 	at java.base/java.util.concurrent.ForkJoinPool$WorkQueue.topLevelExec(ForkJoinPool.java:1182)
[10Aug2026 03:03:02.151] [Worker-Main-3/INFO] [STDERR/]: [com.nukateam.chassis_core.modules.config.utils.ConfigUtils:lambda$getConfigMap$2:74]: 	at java.base/java.util.concurrent.ForkJoinPool.scan(ForkJoinPool.java:1655)
[10Aug2026 03:03:02.151] [Worker-Main-3/INFO] [STDERR/]: [com.nukateam.chassis_core.modules.config.utils.ConfigUtils:lambda$getConfigMap$2:74]: 	at java.base/java.util.concurrent.ForkJoinPool.runWorker(ForkJoinPool.java:1622)
[10Aug2026 03:03:02.151] [Worker-Main-3/INFO] [STDERR/]: [com.nukateam.chassis_core.modules.config.utils.ConfigUtils:lambda$getConfigMap$2:74]: 	at java.base/java.util.concurrent.ForkJoinWorkerThread.run(ForkJoinWorkerThread.java:165)
[10Aug2026 03:03:02.151] [Worker-Main-3/ERROR] [com.nukateam.ntgl.Ntgl/]: Missing required properties for ntgl:cc/equipment/t45/t45_left_leg.json
[10Aug2026 03:03:02.151] [Worker-Main-3/INFO] [STDERR/]: [com.nukateam.chassis_core.modules.config.utils.ConfigUtils:lambda$getConfigMap$2:74]: java.io.InvalidObjectException: Missing required property: id
[10Aug2026 03:03:02.152] [Worker-Main-3/INFO] [STDERR/]: [com.nukateam.chassis_core.modules.config.utils.ConfigUtils:lambda$getConfigMap$2:74]: 	at TRANSFORMER/ntgl@3.1.2/com.nukateam.chassis_core.modules.config.annotation.Validator.isValidObject(Validator.java:30)
[10Aug2026 03:03:02.152] [Worker-Main-3/INFO] [STDERR/]: [com.nukateam.chassis_core.modules.config.utils.ConfigUtils:lambda$getConfigMap$2:74]: 	at TRANSFORMER/ntgl@3.1.2/com.nukateam.chassis_core.modules.config.utils.ConfigUtils.lambda$getConfigMap$2(ConfigUtils.java:64)
[10Aug2026 03:03:02.152] [Worker-Main-3/INFO] [STDERR/]: [com.nukateam.chassis_core.modules.config.utils.ConfigUtils:lambda$getConfigMap$2:74]: 	at java.base/java.util.Optional.ifPresent(Optional.java:178)
[10Aug2026 03:03:02.153] [Worker-Main-3/INFO] [STDERR/]: [com.nukateam.chassis_core.modules.config.utils.ConfigUtils:lambda$getConfigMap$2:74]: 	at TRANSFORMER/ntgl@3.1.2/com.nukateam.chassis_core.modules.config.utils.ConfigUtils.lambda$getConfigMap$3(ConfigUtils.java:59)
[10Aug2026 03:03:02.153] [Worker-Main-3/INFO] [STDERR/]: [com.nukateam.chassis_core.modules.config.utils.ConfigUtils:lambda$getConfigMap$2:74]: 	at java.base/java.util.ArrayList.forEach(ArrayList.java:1511)
[10Aug2026 03:03:02.153] [Worker-Main-3/INFO] [STDERR/]: [com.nukateam.chassis_core.modules.config.utils.ConfigUtils:lambda$getConfigMap$2:74]: 	at TRANSFORMER/ntgl@3.1.2/com.nukateam.chassis_core.modules.config.utils.ConfigUtils.lambda$getConfigMap$4(ConfigUtils.java:46)
[10Aug2026 03:03:02.153] [Worker-Main-3/INFO] [STDERR/]: [com.nukateam.chassis_core.modules.config.utils.ConfigUtils:lambda$getConfigMap$2:74]: 	at java.base/java.util.stream.ForEachOps$ForEachOp$OfRef.accept(ForEachOps.java:183)
[10Aug2026 03:03:02.153] [Worker-Main-3/INFO] [STDERR/]: [com.nukateam.chassis_core.modules.config.utils.ConfigUtils:lambda$getConfigMap$2:74]: 	at java.base/java.util.stream.ReferencePipeline$2$1.accept(ReferencePipeline.java:179)
[10Aug2026 03:03:02.153] [Worker-Main-3/INFO] [STDERR/]: [com.nukateam.chassis_core.modules.config.utils.ConfigUtils:lambda$getConfigMap$2:74]: 	at java.base/java.util.Iterator.forEachRemaining(Iterator.java:133)
[10Aug2026 03:03:02.153] [Worker-Main-3/INFO] [STDERR/]: [com.nukateam.chassis_core.modules.config.utils.ConfigUtils:lambda$getConfigMap$2:74]: 	at java.base/java.util.Spliterators$IteratorSpliterator.forEachRemaining(Spliterators.java:1845)
[10Aug2026 03:03:02.153] [Worker-Main-3/INFO] [STDERR/]: [com.nukateam.chassis_core.modules.config.utils.ConfigUtils:lambda$getConfigMap$2:74]: 	at java.base/java.util.stream.AbstractPipeline.copyInto(AbstractPipeline.java:509)
[10Aug2026 03:03:02.154] [Worker-Main-3/INFO] [STDERR/]: [com.nukateam.chassis_core.modules.config.utils.ConfigUtils:lambda$getConfigMap$2:74]: 	at java.base/java.util.stream.AbstractPipeline.wrapAndCopyInto(AbstractPipeline.java:499)
[10Aug2026 03:03:02.154] [Worker-Main-3/INFO] [STDERR/]: [com.nukateam.chassis_core.modules.config.utils.ConfigUtils:lambda$getConfigMap$2:74]: 	at java.base/java.util.stream.ForEachOps$ForEachOp.evaluateSequential(ForEachOps.java:150)
[10Aug2026 03:03:02.154] [Worker-Main-3/INFO] [STDERR/]: [com.nukateam.chassis_core.modules.config.utils.ConfigUtils:lambda$getConfigMap$2:74]: 	at java.base/java.util.stream.ForEachOps$ForEachOp$OfRef.evaluateSequential(ForEachOps.java:173)
[10Aug2026 03:03:02.154] [Worker-Main-3/INFO] [STDERR/]: [com.nukateam.chassis_core.modules.config.utils.ConfigUtils:lambda$getConfigMap$2:74]: 	at java.base/java.util.stream.AbstractPipeline.evaluate(AbstractPipeline.java:234)
[10Aug2026 03:03:02.154] [Worker-Main-3/INFO] [STDERR/]: [com.nukateam.chassis_core.modules.config.utils.ConfigUtils:lambda$getConfigMap$2:74]: 	at java.base/java.util.stream.ReferencePipeline.forEach(ReferencePipeline.java:596)
[10Aug2026 03:03:02.154] [Worker-Main-3/INFO] [STDERR/]: [com.nukateam.chassis_core.modules.config.utils.ConfigUtils:lambda$getConfigMap$2:74]: 	at TRANSFORMER/ntgl@3.1.2/com.nukateam.chassis_core.modules.config.utils.ConfigUtils.getConfigMap(ConfigUtils.java:34)
[10Aug2026 03:03:02.154] [Worker-Main-3/INFO] [STDERR/]: [com.nukateam.chassis_core.modules.config.utils.ConfigUtils:lambda$getConfigMap$2:74]: 	at TRANSFORMER/ntgl@3.1.2/com.nukateam.ntgl.modules.datapack.managers.NetworkEquipmentManager.prepare(NetworkEquipmentManager.java:46)
[10Aug2026 03:03:02.154] [Worker-Main-3/INFO] [STDERR/]: [com.nukateam.chassis_core.modules.config.utils.ConfigUtils:lambda$getConfigMap$2:74]: 	at TRANSFORMER/ntgl@3.1.2/com.nukateam.ntgl.modules.datapack.managers.NetworkEquipmentManager.m_5944_(NetworkEquipmentManager.java:29)
[10Aug2026 03:03:02.154] [Worker-Main-3/INFO] [STDERR/]: [com.nukateam.chassis_core.modules.config.utils.ConfigUtils:lambda$getConfigMap$2:74]: 	at TRANSFORMER/minecraft@1.20.1/net.minecraft.server.packs.resources.SimplePreparableReloadListener.m_10786_(SimplePreparableReloadListener.java:11)
[10Aug2026 03:03:02.154] [Worker-Main-3/INFO] [STDERR/]: [com.nukateam.chassis_core.modules.config.utils.ConfigUtils:lambda$getConfigMap$2:74]: 	at java.base/java.util.concurrent.CompletableFuture$AsyncSupply.run(CompletableFuture.java:1768)
[10Aug2026 03:03:02.155] [Worker-Main-3/INFO] [STDERR/]: [com.nukateam.chassis_core.modules.config.utils.ConfigUtils:lambda$getConfigMap$2:74]: 	at java.base/java.util.concurrent.CompletableFuture$AsyncSupply.exec(CompletableFuture.java:1760)
[10Aug2026 03:03:02.155] [Worker-Main-3/INFO] [STDERR/]: [com.nukateam.chassis_core.modules.config.utils.ConfigUtils:lambda$getConfigMap$2:74]: 	at java.base/java.util.concurrent.ForkJoinTask.doExec(ForkJoinTask.java:373)
[10Aug2026 03:03:02.155] [Worker-Main-3/INFO] [STDERR/]: [com.nukateam.chassis_core.modules.config.utils.ConfigUtils:lambda$getConfigMap$2:74]: 	at java.base/java.util.concurrent.ForkJoinPool$WorkQueue.topLevelExec(ForkJoinPool.java:1182)
[10Aug2026 03:03:02.156] [Worker-Main-3/INFO] [STDERR/]: [com.nukateam.chassis_core.modules.config.utils.ConfigUtils:lambda$getConfigMap$2:74]: 	at java.base/java.util.concurrent.ForkJoinPool.scan(ForkJoinPool.java:1655)
[10Aug2026 03:03:02.156] [Worker-Main-3/INFO] [STDERR/]: [com.nukateam.chassis_core.modules.config.utils.ConfigUtils:lambda$getConfigMap$2:74]: 	at java.base/java.util.concurrent.ForkJoinPool.runWorker(ForkJoinPool.java:1622)
[10Aug2026 03:03:02.156] [Worker-Main-3/INFO] [STDERR/]: [com.nukateam.chassis_core.modules.config.utils.ConfigUtils:lambda$getConfigMap$2:74]: 	at java.base/java.util.concurrent.ForkJoinWorkerThread.run(ForkJoinWorkerThread.java:165)
[10Aug2026 03:03:02.157] [Worker-Main-3/ERROR] [com.nukateam.ntgl.Ntgl/]: Missing required properties for ntgl:cc/equipment/t45/t45_right_arm.json
[10Aug2026 03:03:02.157] [Worker-Main-3/INFO] [STDERR/]: [com.nukateam.chassis_core.modules.config.utils.ConfigUtils:lambda$getConfigMap$2:74]: java.io.InvalidObjectException: Missing required property: id
[10Aug2026 03:03:02.157] [Worker-Main-3/INFO] [STDERR/]: [com.nukateam.chassis_core.modules.config.utils.ConfigUtils:lambda$getConfigMap$2:74]: 	at TRANSFORMER/ntgl@3.1.2/com.nukateam.chassis_core.modules.config.annotation.Validator.isValidObject(Validator.java:30)
[10Aug2026 03:03:02.157] [Worker-Main-3/INFO] [STDERR/]: [com.nukateam.chassis_core.modules.config.utils.ConfigUtils:lambda$getConfigMap$2:74]: 	at TRANSFORMER/ntgl@3.1.2/com.nukateam.chassis_core.modules.config.utils.ConfigUtils.lambda$getConfigMap$2(ConfigUtils.java:64)
[10Aug2026 03:03:02.157] [Worker-Main-3/INFO] [STDERR/]: [com.nukateam.chassis_core.modules.config.utils.ConfigUtils:lambda$getConfigMap$2:74]: 	at java.base/java.util.Optional.ifPresent(Optional.java:178)
[10Aug2026 03:03:02.157] [Worker-Main-3/INFO] [STDERR/]: [com.nukateam.chassis_core.modules.config.utils.ConfigUtils:lambda$getConfigMap$2:74]: 	at TRANSFORMER/ntgl@3.1.2/com.nukateam.chassis_core.modules.config.utils.ConfigUtils.lambda$getConfigMap$3(ConfigUtils.java:59)
[10Aug2026 03:03:02.157] [Worker-Main-3/INFO] [STDERR/]: [com.nukateam.chassis_core.modules.config.utils.ConfigUtils:lambda$getConfigMap$2:74]: 	at java.base/java.util.ArrayList.forEach(ArrayList.java:1511)
[10Aug2026 03:03:02.157] [Worker-Main-3/INFO] [STDERR/]: [com.nukateam.chassis_core.modules.config.utils.ConfigUtils:lambda$getConfigMap$2:74]: 	at TRANSFORMER/ntgl@3.1.2/com.nukateam.chassis_core.modules.config.utils.ConfigUtils.lambda$getConfigMap$4(ConfigUtils.java:46)
[10Aug2026 03:03:02.158] [Worker-Main-3/INFO] [STDERR/]: [com.nukateam.chassis_core.modules.config.utils.ConfigUtils:lambda$getConfigMap$2:74]: 	at java.base/java.util.stream.ForEachOps$ForEachOp$OfRef.accept(ForEachOps.java:183)
[10Aug2026 03:03:02.158] [Worker-Main-3/INFO] [STDERR/]: [com.nukateam.chassis_core.modules.config.utils.ConfigUtils:lambda$getConfigMap$2:74]: 	at java.base/java.util.stream.ReferencePipeline$2$1.accept(ReferencePipeline.java:179)
[10Aug2026 03:03:02.158] [Worker-Main-3/INFO] [STDERR/]: [com.nukateam.chassis_core.modules.config.utils.ConfigUtils:lambda$getConfigMap$2:74]: 	at java.base/java.util.Iterator.forEachRemaining(Iterator.java:133)
[10Aug2026 03:03:02.158] [Worker-Main-3/INFO] [STDERR/]: [com.nukateam.chassis_core.modules.config.utils.ConfigUtils:lambda$getConfigMap$2:74]: 	at java.base/java.util.Spliterators$IteratorSpliterator.forEachRemaining(Spliterators.java:1845)
[10Aug2026 03:03:02.158] [Worker-Main-3/INFO] [STDERR/]: [com.nukateam.chassis_core.modules.config.utils.ConfigUtils:lambda$getConfigMap$2:74]: 	at java.base/java.util.stream.AbstractPipeline.copyInto(AbstractPipeline.java:509)
[10Aug2026 03:03:02.158] [Worker-Main-3/INFO] [STDERR/]: [com.nukateam.chassis_core.modules.config.utils.ConfigUtils:lambda$getConfigMap$2:74]: 	at java.base/java.util.stream.AbstractPipeline.wrapAndCopyInto(AbstractPipeline.java:499)
[10Aug2026 03:03:02.158] [Worker-Main-3/INFO] [STDERR/]: [com.nukateam.chassis_core.modules.config.utils.ConfigUtils:lambda$getConfigMap$2:74]: 	at java.base/java.util.stream.ForEachOps$ForEachOp.evaluateSequential(ForEachOps.java:150)
[10Aug2026 03:03:02.160] [Worker-Main-3/INFO] [STDERR/]: [com.nukateam.chassis_core.modules.config.utils.ConfigUtils:lambda$getConfigMap$2:74]: 	at java.base/java.util.stream.ForEachOps$ForEachOp$OfRef.evaluateSequential(ForEachOps.java:173)
[10Aug2026 03:03:02.160] [Worker-Main-3/INFO] [STDERR/]: [com.nukateam.chassis_core.modules.config.utils.ConfigUtils:lambda$getConfigMap$2:74]: 	at java.base/java.util.stream.AbstractPipeline.evaluate(AbstractPipeline.java:234)
[10Aug2026 03:03:02.160] [Worker-Main-3/INFO] [STDERR/]: [com.nukateam.chassis_core.modules.config.utils.ConfigUtils:lambda$getConfigMap$2:74]: 	at java.base/java.util.stream.ReferencePipeline.forEach(ReferencePipeline.java:596)
[10Aug2026 03:03:02.160] [Worker-Main-3/INFO] [STDERR/]: [com.nukateam.chassis_core.modules.config.utils.ConfigUtils:lambda$getConfigMap$2:74]: 	at TRANSFORMER/ntgl@3.1.2/com.nukateam.chassis_core.modules.config.utils.ConfigUtils.getConfigMap(ConfigUtils.java:34)
[10Aug2026 03:03:02.160] [Worker-Main-3/INFO] [STDERR/]: [com.nukateam.chassis_core.modules.config.utils.ConfigUtils:lambda$getConfigMap$2:74]: 	at TRANSFORMER/ntgl@3.1.2/com.nukateam.ntgl.modules.datapack.managers.NetworkEquipmentManager.prepare(NetworkEquipmentManager.java:46)
[10Aug2026 03:03:02.160] [Worker-Main-3/INFO] [STDERR/]: [com.nukateam.chassis_core.modules.config.utils.ConfigUtils:lambda$getConfigMap$2:74]: 	at TRANSFORMER/ntgl@3.1.2/com.nukateam.ntgl.modules.datapack.managers.NetworkEquipmentManager.m_5944_(NetworkEquipmentManager.java:29)
[10Aug2026 03:03:02.160] [Worker-Main-3/INFO] [STDERR/]: [com.nukateam.chassis_core.modules.config.utils.ConfigUtils:lambda$getConfigMap$2:74]: 	at TRANSFORMER/minecraft@1.20.1/net.minecraft.server.packs.resources.SimplePreparableReloadListener.m_10786_(SimplePreparableReloadListener.java:11)
[10Aug2026 03:03:02.160] [Worker-Main-3/INFO] [STDERR/]: [com.nukateam.chassis_core.modules.config.utils.ConfigUtils:lambda$getConfigMap$2:74]: 	at java.base/java.util.concurrent.CompletableFuture$AsyncSupply.run(CompletableFuture.java:1768)
[10Aug2026 03:03:02.160] [Worker-Main-3/INFO] [STDERR/]: [com.nukateam.chassis_core.modules.config.utils.ConfigUtils:lambda$getConfigMap$2:74]: 	at java.base/java.util.concurrent.CompletableFuture$AsyncSupply.exec(CompletableFuture.java:1760)
[10Aug2026 03:03:02.161] [Worker-Main-3/INFO] [STDERR/]: [com.nukateam.chassis_core.modules.config.utils.ConfigUtils:lambda$getConfigMap$2:74]: 	at java.base/java.util.concurrent.ForkJoinTask.doExec(ForkJoinTask.java:373)
[10Aug2026 03:03:02.161] [Worker-Main-3/INFO] [STDERR/]: [com.nukateam.chassis_core.modules.config.utils.ConfigUtils:lambda$getConfigMap$2:74]: 	at java.base/java.util.concurrent.ForkJoinPool$WorkQueue.topLevelExec(ForkJoinPool.java:1182)
[10Aug2026 03:03:02.161] [Worker-Main-3/INFO] [STDERR/]: [com.nukateam.chassis_core.modules.config.utils.ConfigUtils:lambda$getConfigMap$2:74]: 	at java.base/java.util.concurrent.ForkJoinPool.scan(ForkJoinPool.java:1655)
[10Aug2026 03:03:02.161] [Worker-Main-3/INFO] [STDERR/]: [com.nukateam.chassis_core.modules.config.utils.ConfigUtils:lambda$getConfigMap$2:74]: 	at java.base/java.util.concurrent.ForkJoinPool.runWorker(ForkJoinPool.java:1622)
[10Aug2026 03:03:02.161] [Worker-Main-3/INFO] [STDERR/]: [com.nukateam.chassis_core.modules.config.utils.ConfigUtils:lambda$getConfigMap$2:74]: 	at java.base/java.util.concurrent.ForkJoinWorkerThread.run(ForkJoinWorkerThread.java:165)
[10Aug2026 03:03:02.162] [Worker-Main-3/ERROR] [com.nukateam.ntgl.Ntgl/]: Missing required properties for ntgl:cc/equipment/t45/t45_right_leg.json
[10Aug2026 03:03:02.162] [Worker-Main-3/INFO] [STDERR/]: [com.nukateam.chassis_core.modules.config.utils.ConfigUtils:lambda$getConfigMap$2:74]: java.io.InvalidObjectException: Missing required property: id
[10Aug2026 03:03:02.162] [Worker-Main-3/INFO] [STDERR/]: [com.nukateam.chassis_core.modules.config.utils.ConfigUtils:lambda$getConfigMap$2:74]: 	at TRANSFORMER/ntgl@3.1.2/com.nukateam.chassis_core.modules.config.annotation.Validator.isValidObject(Validator.java:30)
[10Aug2026 03:03:02.162] [Worker-Main-3/INFO] [STDERR/]: [com.nukateam.chassis_core.modules.config.utils.ConfigUtils:lambda$getConfigMap$2:74]: 	at TRANSFORMER/ntgl@3.1.2/com.nukateam.chassis_core.modules.config.utils.ConfigUtils.lambda$getConfigMap$2(ConfigUtils.java:64)
[10Aug2026 03:03:02.162] [Worker-Main-3/INFO] [STDERR/]: [com.nukateam.chassis_core.modules.config.utils.ConfigUtils:lambda$getConfigMap$2:74]: 	at java.base/java.util.Optional.ifPresent(Optional.java:178)
[10Aug2026 03:03:02.162] [Worker-Main-3/INFO] [STDERR/]: [com.nukateam.chassis_core.modules.config.utils.ConfigUtils:lambda$getConfigMap$2:74]: 	at TRANSFORMER/ntgl@3.1.2/com.nukateam.chassis_core.modules.config.utils.ConfigUtils.lambda$getConfigMap$3(ConfigUtils.java:59)
[10Aug2026 03:03:02.162] [Worker-Main-3/INFO] [STDERR/]: [com.nukateam.chassis_core.modules.config.utils.ConfigUtils:lambda$getConfigMap$2:74]: 	at java.base/java.util.ArrayList.forEach(ArrayList.java:1511)
[10Aug2026 03:03:02.162] [Worker-Main-3/INFO] [STDERR/]: [com.nukateam.chassis_core.modules.config.utils.ConfigUtils:lambda$getConfigMap$2:74]: 	at TRANSFORMER/ntgl@3.1.2/com.nukateam.chassis_core.modules.config.utils.ConfigUtils.lambda$getConfigMap$4(ConfigUtils.java:46)
[10Aug2026 03:03:02.162] [Worker-Main-3/INFO] [STDERR/]: [com.nukateam.chassis_core.modules.config.utils.ConfigUtils:lambda$getConfigMap$2:74]: 	at java.base/java.util.stream.ForEachOps$ForEachOp$OfRef.accept(ForEachOps.java:183)
[10Aug2026 03:03:02.163] [Worker-Main-3/INFO] [STDERR/]: [com.nukateam.chassis_core.modules.config.utils.ConfigUtils:lambda$getConfigMap$2:74]: 	at java.base/java.util.stream.ReferencePipeline$2$1.accept(ReferencePipeline.java:179)
[10Aug2026 03:03:02.163] [Worker-Main-3/INFO] [STDERR/]: [com.nukateam.chassis_core.modules.config.utils.ConfigUtils:lambda$getConfigMap$2:74]: 	at java.base/java.util.Iterator.forEachRemaining(Iterator.java:133)
[10Aug2026 03:03:02.164] [Worker-Main-3/INFO] [STDERR/]: [com.nukateam.chassis_core.modules.config.utils.ConfigUtils:lambda$getConfigMap$2:74]: 	at java.base/java.util.Spliterators$IteratorSpliterator.forEachRemaining(Spliterators.java:1845)
[10Aug2026 03:03:02.164] [Worker-Main-3/INFO] [STDERR/]: [com.nukateam.chassis_core.modules.config.utils.ConfigUtils:lambda$getConfigMap$2:74]: 	at java.base/java.util.stream.AbstractPipeline.copyInto(AbstractPipeline.java:509)
[10Aug2026 03:03:02.164] [Worker-Main-3/INFO] [STDERR/]: [com.nukateam.chassis_core.modules.config.utils.ConfigUtils:lambda$getConfigMap$2:74]: 	at java.base/java.util.stream.AbstractPipeline.wrapAndCopyInto(AbstractPipeline.java:499)
[10Aug2026 03:03:02.164] [Worker-Main-3/INFO] [STDERR/]: [com.nukateam.chassis_core.modules.config.utils.ConfigUtils:lambda$getConfigMap$2:74]: 	at java.base/java.util.stream.ForEachOps$ForEachOp.evaluateSequential(ForEachOps.java:150)
[10Aug2026 03:03:02.165] [Worker-Main-3/INFO] [STDERR/]: [com.nukateam.chassis_core.modules.config.utils.ConfigUtils:lambda$getConfigMap$2:74]: 	at java.base/java.util.stream.ForEachOps$ForEachOp$OfRef.evaluateSequential(ForEachOps.java:173)
[10Aug2026 03:03:02.165] [Worker-Main-3/INFO] [STDERR/]: [com.nukateam.chassis_core.modules.config.utils.ConfigUtils:lambda$getConfigMap$2:74]: 	at java.base/java.util.stream.AbstractPipeline.evaluate(AbstractPipeline.java:234)
[10Aug2026 03:03:02.165] [Worker-Main-3/INFO] [STDERR/]: [com.nukateam.chassis_core.modules.config.utils.ConfigUtils:lambda$getConfigMap$2:74]: 	at java.base/java.util.stream.ReferencePipeline.forEach(ReferencePipeline.java:596)
[10Aug2026 03:03:02.165] [Worker-Main-3/INFO] [STDERR/]: [com.nukateam.chassis_core.modules.config.utils.ConfigUtils:lambda$getConfigMap$2:74]: 	at TRANSFORMER/ntgl@3.1.2/com.nukateam.chassis_core.modules.config.utils.ConfigUtils.getConfigMap(ConfigUtils.java:34)
[10Aug2026 03:03:02.165] [Worker-Main-3/INFO] [STDERR/]: [com.nukateam.chassis_core.modules.config.utils.ConfigUtils:lambda$getConfigMap$2:74]: 	at TRANSFORMER/ntgl@3.1.2/com.nukateam.ntgl.modules.datapack.managers.NetworkEquipmentManager.prepare(NetworkEquipmentManager.java:46)
[10Aug2026 03:03:02.165] [Worker-Main-3/INFO] [STDERR/]: [com.nukateam.chassis_core.modules.config.utils.ConfigUtils:lambda$getConfigMap$2:74]: 	at TRANSFORMER/ntgl@3.1.2/com.nukateam.ntgl.modules.datapack.managers.NetworkEquipmentManager.m_5944_(NetworkEquipmentManager.java:29)
[10Aug2026 03:03:02.165] [Worker-Main-3/INFO] [STDERR/]: [com.nukateam.chassis_core.modules.config.utils.ConfigUtils:lambda$getConfigMap$2:74]: 	at TRANSFORMER/minecraft@1.20.1/net.minecraft.server.packs.resources.SimplePreparableReloadListener.m_10786_(SimplePreparableReloadListener.java:11)
[10Aug2026 03:03:02.166] [Worker-Main-3/INFO] [STDERR/]: [com.nukateam.chassis_core.modules.config.utils.ConfigUtils:lambda$getConfigMap$2:74]: 	at java.base/java.util.concurrent.CompletableFuture$AsyncSupply.run(CompletableFuture.java:1768)
[10Aug2026 03:03:02.166] [Worker-Main-3/INFO] [STDERR/]: [com.nukateam.chassis_core.modules.config.utils.ConfigUtils:lambda$getConfigMap$2:74]: 	at java.base/java.util.concurrent.CompletableFuture$AsyncSupply.exec(CompletableFuture.java:1760)
[10Aug2026 03:03:02.166] [Worker-Main-3/INFO] [STDERR/]: [com.nukateam.chassis_core.modules.config.utils.ConfigUtils:lambda$getConfigMap$2:74]: 	at java.base/java.util.concurrent.ForkJoinTask.doExec(ForkJoinTask.java:373)
[10Aug2026 03:03:02.166] [Worker-Main-3/INFO] [STDERR/]: [com.nukateam.chassis_core.modules.config.utils.ConfigUtils:lambda$getConfigMap$2:74]: 	at java.base/java.util.concurrent.ForkJoinPool$WorkQueue.topLevelExec(ForkJoinPool.java:1182)
[10Aug2026 03:03:02.166] [Worker-Main-3/INFO] [STDERR/]: [com.nukateam.chassis_core.modules.config.utils.ConfigUtils:lambda$getConfigMap$2:74]: 	at java.base/java.util.concurrent.ForkJoinPool.scan(ForkJoinPool.java:1655)
[10Aug2026 03:03:02.166] [Worker-Main-3/INFO] [STDERR/]: [com.nukateam.chassis_core.modules.config.utils.ConfigUtils:lambda$getConfigMap$2:74]: 	at java.base/java.util.concurrent.ForkJoinPool.runWorker(ForkJoinPool.java:1622)
[10Aug2026 03:03:02.166] [Worker-Main-3/INFO] [STDERR/]: [com.nukateam.chassis_core.modules.config.utils.ConfigUtils:lambda$getConfigMap$2:74]: 	at java.base/java.util.concurrent.ForkJoinWorkerThread.run(ForkJoinWorkerThread.java:165)
[10Aug2026 03:03:02.214] [Worker-Main-2/ERROR] [net.minecraftforge.common.ForgeHooks/]: Couldn't parse element loot_tables:bygonenether:blocks/cracked_withered_blackstone_vertical_slab
com.google.gson.JsonSyntaxException: Expected name to be an item, was unknown string 'bygonenether:cracked_withered_blackstone_vertical_slab'
	at net.minecraft.util.GsonHelper.m_13866_(GsonHelper.java:145) ~[server-1.20.1-20230612.114412-srg.jar%23225!/:?]
	at java.util.Optional.orElseThrow(Optional.java:403) ~[?:?]
	at net.minecraft.util.GsonHelper.m_13874_(GsonHelper.java:145) ~[server-1.20.1-20230612.114412-srg.jar%23225!/:?]
	at net.minecraft.util.GsonHelper.m_13909_(GsonHelper.java:153) ~[server-1.20.1-20230612.114412-srg.jar%23225!/:?]
	at net.minecraft.world.level.storage.loot.entries.LootItem$Serializer.m_7267_(LootItem.java:55) ~[server-1.20.1-20230612.114412-srg.jar%23225!/:?]
	at net.minecraft.world.level.storage.loot.entries.LootItem$Serializer.m_7267_(LootItem.java:40) ~[server-1.20.1-20230612.114412-srg.jar%23225!/:?]
	at net.minecraft.world.level.storage.loot.entries.LootPoolSingletonContainer$Serializer.m_5921_(LootPoolSingletonContainer.java:151) ~[server-1.20.1-20230612.114412-srg.jar%23225!/:?]
	at net.minecraft.world.level.storage.loot.entries.LootPoolSingletonContainer$Serializer.m_5921_(LootPoolSingletonContainer.java:129) ~[server-1.20.1-20230612.114412-srg.jar%23225!/:?]
	at net.minecraft.world.level.storage.loot.entries.LootPoolEntryContainer$Serializer.m_7561_(LootPoolEntryContainer.java:86) ~[server-1.20.1-20230612.114412-srg.jar%23225!/:?]
	at net.minecraft.world.level.storage.loot.entries.LootPoolEntryContainer$Serializer.m_7561_(LootPoolEntryContainer.java:74) ~[server-1.20.1-20230612.114412-srg.jar%23225!/:?]
	at net.minecraft.world.level.storage.loot.GsonAdapterFactory$JsonAdapter.deserialize(GsonAdapterFactory.java:102) ~[server-1.20.1-20230612.114412-srg.jar%23225!/:?]
	at com.google.gson.internal.bind.TreeTypeAdapter.read(TreeTypeAdapter.java:76) ~[gson-2.10.jar%2372!/:?]
	at com.google.gson.internal.bind.TypeAdapterRuntimeTypeWrapper.read(TypeAdapterRuntimeTypeWrapper.java:40) ~[gson-2.10.jar%2372!/:?]
	at com.google.gson.internal.bind.ArrayTypeAdapter.read(ArrayTypeAdapter.java:72) ~[gson-2.10.jar%2372!/:?]
	at com.google.gson.Gson.fromJson(Gson.java:1214) ~[gson-2.10.jar%2372!/:?]
	at com.google.gson.Gson.fromJson(Gson.java:1319) ~[gson-2.10.jar%2372!/:?]
	at com.google.gson.Gson.fromJson(Gson.java:1290) ~[gson-2.10.jar%2372!/:?]
	at com.google.gson.internal.bind.TreeTypeAdapter$GsonContextImpl.deserialize(TreeTypeAdapter.java:179) ~[gson-2.10.jar%2372!/:?]
	at net.minecraft.util.GsonHelper.m_13808_(GsonHelper.java:463) ~[server-1.20.1-20230612.114412-srg.jar%23225!/:?]
	at net.minecraft.util.GsonHelper.m_13836_(GsonHelper.java:471) ~[server-1.20.1-20230612.114412-srg.jar%23225!/:?]
	at net.minecraft.world.level.storage.loot.LootPool$Serializer.deserialize(LootPool.java:192) ~[server-1.20.1-20230612.114412-srg.jar%23225!/:?]
	at net.minecraft.world.level.storage.loot.LootPool$Serializer.deserialize(LootPool.java:189) ~[server-1.20.1-20230612.114412-srg.jar%23225!/:?]
	at com.google.gson.internal.bind.TreeTypeAdapter.read(TreeTypeAdapter.java:76) ~[gson-2.10.jar%2372!/:?]
	at com.google.gson.internal.bind.TypeAdapterRuntimeTypeWrapper.read(TypeAdapterRuntimeTypeWrapper.java:40) ~[gson-2.10.jar%2372!/:?]
	at com.google.gson.internal.bind.ArrayTypeAdapter.read(ArrayTypeAdapter.java:72) ~[gson-2.10.jar%2372!/:?]
	at com.google.gson.Gson.fromJson(Gson.java:1214) ~[gson-2.10.jar%2372!/:?]
	at com.google.gson.Gson.fromJson(Gson.java:1319) ~[gson-2.10.jar%2372!/:?]
	at com.google.gson.Gson.fromJson(Gson.java:1290) ~[gson-2.10.jar%2372!/:?]
	at com.google.gson.internal.bind.TreeTypeAdapter$GsonContextImpl.deserialize(TreeTypeAdapter.java:179) ~[gson-2.10.jar%2372!/:?]
	at net.minecraft.util.GsonHelper.m_13808_(GsonHelper.java:463) ~[server-1.20.1-20230612.114412-srg.jar%23225!/:?]
	at net.minecraft.util.GsonHelper.m_13845_(GsonHelper.java:481) ~[server-1.20.1-20230612.114412-srg.jar%23225!/:?]
	at net.minecraft.world.level.storage.loot.LootTable$Serializer.deserialize(LootTable.java:294) ~[server-1.20.1-20230612.114412-srg.jar%23225!/:?]
	at net.minecraft.world.level.storage.loot.LootTable$Serializer.deserialize(LootTable.java:291) ~[server-1.20.1-20230612.114412-srg.jar%23225!/:?]
	at com.google.gson.internal.bind.TreeTypeAdapter.read(TreeTypeAdapter.java:76) ~[gson-2.10.jar%2372!/:?]
	at com.google.gson.Gson.fromJson(Gson.java:1214) ~[gson-2.10.jar%2372!/:?]
	at com.google.gson.Gson.fromJson(Gson.java:1319) ~[gson-2.10.jar%2372!/:?]
	at com.google.gson.Gson.fromJson(Gson.java:1261) ~[gson-2.10.jar%2372!/:?]
	at net.minecraftforge.common.ForgeHooks.loadLootTable(ForgeHooks.java:871) ~[forge-1.20.1-47.3.7-universal.jar%23230!/:?]
	at net.minecraftforge.common.ForgeHooks.lambda$getLootTableDeserializer$3(ForgeHooks.java:848) ~[forge-1.20.1-47.3.7-universal.jar%23230!/:?]
	at net.minecraft.world.level.storage.loot.LootDataType.deserialize(LootDataType.java:45) ~[server-1.20.1-20230612.114412-srg.jar%23225!/:?]
	at net.minecraft.world.level.storage.loot.LootDataManager.lambda$scheduleElementParse$4(LootDataManager.java:56) ~[server-1.20.1-20230612.114412-srg.jar%23225!/:?]
	at java.util.HashMap.forEach(HashMap.java:1421) ~[?:?]
	at net.minecraft.world.level.storage.loot.LootDataManager.m_278660_(LootDataManager.java:55) ~[server-1.20.1-20230612.114412-srg.jar%23225!/:?]
	at java.util.concurrent.CompletableFuture$AsyncRun.run(CompletableFuture.java:1804) ~[?:?]
	at java.util.concurrent.CompletableFuture$AsyncRun.exec(CompletableFuture.java:1796) ~[?:?]
	at java.util.concurrent.ForkJoinTask.doExec(ForkJoinTask.java:373) ~[?:?]
	at java.util.concurrent.ForkJoinPool$WorkQueue.topLevelExec(ForkJoinPool.java:1182) ~[?:?]
	at java.util.concurrent.ForkJoinPool.scan(ForkJoinPool.java:1655) ~[?:?]
	at java.util.concurrent.ForkJoinPool.runWorker(ForkJoinPool.java:1622) ~[?:?]
	at java.util.concurrent.ForkJoinWorkerThread.run(ForkJoinWorkerThread.java:165) ~[?:?]
[10Aug2026 03:03:02.274] [Worker-Main-2/DEBUG] [tombstone/]: Updating LootTables
[10Aug2026 03:03:02.282] [Worker-Main-2/ERROR] [net.minecraftforge.common.ForgeHooks/]: Couldn't parse element loot_tables:bygonenether:blocks/warped_nether_brick_vertical_slab
java.lang.IllegalArgumentException: Can't find block bygonenether:warped_nether_brick_vertical_slab
	at net.minecraft.world.level.storage.loot.predicates.LootItemBlockStatePropertyCondition$Serializer.m_81802_(LootItemBlockStatePropertyCondition.java:79) ~[server-1.20.1-20230612.114412-srg.jar%23225!/:?]
	at java.util.Optional.orElseThrow(Optional.java:403) ~[?:?]
	at net.minecraft.world.level.storage.loot.predicates.LootItemBlockStatePropertyCondition$Serializer.m_7561_(LootItemBlockStatePropertyCondition.java:79) ~[server-1.20.1-20230612.114412-srg.jar%23225!/:?]
	at net.minecraft.world.level.storage.loot.predicates.LootItemBlockStatePropertyCondition$Serializer.m_7561_(LootItemBlockStatePropertyCondition.java:68) ~[server-1.20.1-20230612.114412-srg.jar%23225!/:?]
	at net.minecraft.world.level.storage.loot.GsonAdapterFactory$JsonAdapter.deserialize(GsonAdapterFactory.java:102) ~[server-1.20.1-20230612.114412-srg.jar%23225!/:?]
	at com.google.gson.internal.bind.TreeTypeAdapter.read(TreeTypeAdapter.java:76) ~[gson-2.10.jar%2372!/:?]
	at com.google.gson.internal.bind.TypeAdapterRuntimeTypeWrapper.read(TypeAdapterRuntimeTypeWrapper.java:40) ~[gson-2.10.jar%2372!/:?]
	at com.google.gson.internal.bind.ArrayTypeAdapter.read(ArrayTypeAdapter.java:72) ~[gson-2.10.jar%2372!/:?]
	at com.google.gson.Gson.fromJson(Gson.java:1214) ~[gson-2.10.jar%2372!/:?]
	at com.google.gson.Gson.fromJson(Gson.java:1319) ~[gson-2.10.jar%2372!/:?]
	at com.google.gson.Gson.fromJson(Gson.java:1290) ~[gson-2.10.jar%2372!/:?]
	at com.google.gson.internal.bind.TreeTypeAdapter$GsonContextImpl.deserialize(TreeTypeAdapter.java:179) ~[gson-2.10.jar%2372!/:?]
	at net.minecraft.util.GsonHelper.m_13808_(GsonHelper.java:463) ~[server-1.20.1-20230612.114412-srg.jar%23225!/:?]
	at net.minecraft.util.GsonHelper.m_13845_(GsonHelper.java:481) ~[server-1.20.1-20230612.114412-srg.jar%23225!/:?]
	at net.minecraft.world.level.storage.loot.functions.LootItemConditionalFunction$Serializer.m_7561_(LootItemConditionalFunction.java:98) ~[server-1.20.1-20230612.114412-srg.jar%23225!/:?]
	at net.minecraft.world.level.storage.loot.functions.LootItemConditionalFunction$Serializer.m_7561_(LootItemConditionalFunction.java:88) ~[server-1.20.1-20230612.114412-srg.jar%23225!/:?]
	at net.minecraft.world.level.storage.loot.GsonAdapterFactory$JsonAdapter.deserialize(GsonAdapterFactory.java:102) ~[server-1.20.1-20230612.114412-srg.jar%23225!/:?]
	at com.google.gson.internal.bind.TreeTypeAdapter.read(TreeTypeAdapter.java:76) ~[gson-2.10.jar%2372!/:?]
	at com.google.gson.internal.bind.TypeAdapterRuntimeTypeWrapper.read(TypeAdapterRuntimeTypeWrapper.java:40) ~[gson-2.10.jar%2372!/:?]
	at com.google.gson.internal.bind.ArrayTypeAdapter.read(ArrayTypeAdapter.java:72) ~[gson-2.10.jar%2372!/:?]
	at com.google.gson.Gson.fromJson(Gson.java:1214) ~[gson-2.10.jar%2372!/:?]
	at com.google.gson.Gson.fromJson(Gson.java:1319) ~[gson-2.10.jar%2372!/:?]
	at com.google.gson.Gson.fromJson(Gson.java:1290) ~[gson-2.10.jar%2372!/:?]
	at com.google.gson.internal.bind.TreeTypeAdapter$GsonContextImpl.deserialize(TreeTypeAdapter.java:179) ~[gson-2.10.jar%2372!/:?]
	at net.minecraft.util.GsonHelper.m_13808_(GsonHelper.java:463) ~[server-1.20.1-20230612.114412-srg.jar%23225!/:?]
	at net.minecraft.util.GsonHelper.m_13845_(GsonHelper.java:481) ~[server-1.20.1-20230612.114412-srg.jar%23225!/:?]
	at net.minecraft.world.level.storage.loot.entries.LootPoolSingletonContainer$Serializer.m_5921_(LootPoolSingletonContainer.java:149) ~[server-1.20.1-20230612.114412-srg.jar%23225!/:?]
	at net.minecraft.world.level.storage.loot.entries.LootPoolSingletonContainer$Serializer.m_5921_(LootPoolSingletonContainer.java:129) ~[server-1.20.1-20230612.114412-srg.jar%23225!/:?]
	at net.minecraft.world.level.storage.loot.entries.LootPoolEntryContainer$Serializer.m_7561_(LootPoolEntryContainer.java:86) ~[server-1.20.1-20230612.114412-srg.jar%23225!/:?]
	at net.minecraft.world.level.storage.loot.entries.LootPoolEntryContainer$Serializer.m_7561_(LootPoolEntryContainer.java:74) ~[server-1.20.1-20230612.114412-srg.jar%23225!/:?]
	at net.minecraft.world.level.storage.loot.GsonAdapterFactory$JsonAdapter.deserialize(GsonAdapterFactory.java:102) ~[server-1.20.1-20230612.114412-srg.jar%23225!/:?]
	at com.google.gson.internal.bind.TreeTypeAdapter.read(TreeTypeAdapter.java:76) ~[gson-2.10.jar%2372!/:?]
	at com.google.gson.internal.bind.TypeAdapterRuntimeTypeWrapper.read(TypeAdapterRuntimeTypeWrapper.java:40) ~[gson-2.10.jar%2372!/:?]
	at com.google.gson.internal.bind.ArrayTypeAdapter.read(ArrayTypeAdapter.java:72) ~[gson-2.10.jar%2372!/:?]
	at com.google.gson.Gson.fromJson(Gson.java:1214) ~[gson-2.10.jar%2372!/:?]
	at com.google.gson.Gson.fromJson(Gson.java:1319) ~[gson-2.10.jar%2372!/:?]
	at com.google.gson.Gson.fromJson(Gson.java:1290) ~[gson-2.10.jar%2372!/:?]
	at com.google.gson.internal.bind.TreeTypeAdapter$GsonContextImpl.deserialize(TreeTypeAdapter.java:179) ~[gson-2.10.jar%2372!/:?]
	at net.minecraft.util.GsonHelper.m_13808_(GsonHelper.java:463) ~[server-1.20.1-20230612.114412-srg.jar%23225!/:?]
	at net.minecraft.util.GsonHelper.m_13836_(GsonHelper.java:471) ~[server-1.20.1-20230612.114412-srg.jar%23225!/:?]
	at net.minecraft.world.level.storage.loot.LootPool$Serializer.deserialize(LootPool.java:192) ~[server-1.20.1-20230612.114412-srg.jar%23225!/:?]
	at net.minecraft.world.level.storage.loot.LootPool$Serializer.deserialize(LootPool.java:189) ~[server-1.20.1-20230612.114412-srg.jar%23225!/:?]
	at com.google.gson.internal.bind.TreeTypeAdapter.read(TreeTypeAdapter.java:76) ~[gson-2.10.jar%2372!/:?]
	at com.google.gson.internal.bind.TypeAdapterRuntimeTypeWrapper.read(TypeAdapterRuntimeTypeWrapper.java:40) ~[gson-2.10.jar%2372!/:?]
	at com.google.gson.internal.bind.ArrayTypeAdapter.read(ArrayTypeAdapter.java:72) ~[gson-2.10.jar%2372!/:?]
	at com.google.gson.Gson.fromJson(Gson.java:1214) ~[gson-2.10.jar%2372!/:?]
	at com.google.gson.Gson.fromJson(Gson.java:1319) ~[gson-2.10.jar%2372!/:?]
	at com.google.gson.Gson.fromJson(Gson.java:1290) ~[gson-2.10.jar%2372!/:?]
	at com.google.gson.internal.bind.TreeTypeAdapter$GsonContextImpl.deserialize(TreeTypeAdapter.java:179) ~[gson-2.10.jar%2372!/:?]
	at net.minecraft.util.GsonHelper.m_13808_(GsonHelper.java:463) ~[server-1.20.1-20230612.114412-srg.jar%23225!/:?]
	at net.minecraft.util.GsonHelper.m_13845_(GsonHelper.java:481) ~[server-1.20.1-20230612.114412-srg.jar%23225!/:?]
	at net.minecraft.world.level.storage.loot.LootTable$Serializer.deserialize(LootTable.java:294) ~[server-1.20.1-20230612.114412-srg.jar%23225!/:?]
	at net.minecraft.world.level.storage.loot.LootTable$Serializer.deserialize(LootTable.java:291) ~[server-1.20.1-20230612.114412-srg.jar%23225!/:?]
	at com.google.gson.internal.bind.TreeTypeAdapter.read(TreeTypeAdapter.java:76) ~[gson-2.10.jar%2372!/:?]
	at com.google.gson.Gson.fromJson(Gson.java:1214) ~[gson-2.10.jar%2372!/:?]
	at com.google.gson.Gson.fromJson(Gson.java:1319) ~[gson-2.10.jar%2372!/:?]
	at com.google.gson.Gson.fromJson(Gson.java:1261) ~[gson-2.10.jar%2372!/:?]
	at net.minecraftforge.common.ForgeHooks.loadLootTable(ForgeHooks.java:871) ~[forge-1.20.1-47.3.7-universal.jar%23230!/:?]
	at net.minecraftforge.common.ForgeHooks.lambda$getLootTableDeserializer$3(ForgeHooks.java:848) ~[forge-1.20.1-47.3.7-universal.jar%23230!/:?]
	at net.minecraft.world.level.storage.loot.LootDataType.deserialize(LootDataType.java:45) ~[server-1.20.1-20230612.114412-srg.jar%23225!/:?]
	at net.minecraft.world.level.storage.loot.LootDataManager.lambda$scheduleElementParse$4(LootDataManager.java:56) ~[server-1.20.1-20230612.114412-srg.jar%23225!/:?]
	at java.util.HashMap.forEach(HashMap.java:1421) ~[?:?]
	at net.minecraft.world.level.storage.loot.LootDataManager.m_278660_(LootDataManager.java:55) ~[server-1.20.1-20230612.114412-srg.jar%23225!/:?]
	at java.util.concurrent.CompletableFuture$AsyncRun.run(CompletableFuture.java:1804) ~[?:?]
	at java.util.concurrent.CompletableFuture$AsyncRun.exec(CompletableFuture.java:1796) ~[?:?]
	at java.util.concurrent.ForkJoinTask.doExec(ForkJoinTask.java:373) ~[?:?]
	at java.util.concurrent.ForkJoinPool$WorkQueue.topLevelExec(ForkJoinPool.java:1182) ~[?:?]
	at java.util.concurrent.ForkJoinPool.scan(ForkJoinPool.java:1655) ~[?:?]
	at java.util.concurrent.ForkJoinPool.runWorker(ForkJoinPool.java:1622) ~[?:?]
	at java.util.concurrent.ForkJoinWorkerThread.run(ForkJoinWorkerThread.java:165) ~[?:?]
[10Aug2026 03:03:02.307] [main/INFO] [com.teamabnormals.blueprint.core.Blueprint/]: Loot Modification Manager has loaded 1 modifier groups
[10Aug2026 03:03:02.361] [main/WARN] [net.minecraft.world.level.storage.loot.LootDataManager/]: Found loot table element validation problem in {loot_tables:alexsmobs:gameplay/seal_reward}.pools[0].entries[0]->{minecraft:gameplay/fishing/junk}.pools[1].condition[1]: Parameters [<parameter minecraft:origin>] are not provided in this context
[10Aug2026 03:03:02.383] [main/DEBUG] [mixin/]: Mixing AccessorSmithingTrimRecipe from patchouli_xplat.mixins.json into net.minecraft.world.item.crafting.SmithingTrimRecipe
[10Aug2026 03:03:02.383] [main/DEBUG] [mixin/]: Mixing AccessorSmithingTrimRecipe from polymorph.mixins.json into net.minecraft.world.item.crafting.SmithingTrimRecipe
[10Aug2026 03:03:02.384] [main/DEBUG] [mixin/]: Unexpected: Registered method getBase()Lnet/minecraft/world/item/crafting/Ingredient; in net.minecraft.world.item.crafting.SmithingTrimRecipe was not merged
[10Aug2026 03:03:02.384] [main/DEBUG] [mixin/]: Unexpected: Registered method getAddition()Lnet/minecraft/world/item/crafting/Ingredient; in net.minecraft.world.item.crafting.SmithingTrimRecipe was not merged
[10Aug2026 03:03:02.384] [main/DEBUG] [mixin/]: Unexpected: Registered method getTemplate()Lnet/minecraft/world/item/crafting/Ingredient; in net.minecraft.world.item.crafting.SmithingTrimRecipe was not merged
[10Aug2026 03:03:02.388] [main/INFO] [net.minecraft.world.item.crafting.RecipeManager/]: Skipping loading recipe endergetic:poise_slab_from_poise_stems_sawing as it's serializer returned null
[10Aug2026 03:03:02.390] [main/INFO] [net.minecraft.world.item.crafting.RecipeManager/]: Skipping loading recipe endergetic:poise_fence_from_poise_planks_sawing as it's serializer returned null
[10Aug2026 03:03:02.398] [main/INFO] [net.minecraft.world.item.crafting.RecipeManager/]: Skipping loading recipe supplementaries:inspirations/blackboard_clear as it's serializer returned null
[10Aug2026 03:03:02.399] [main/INFO] [net.minecraft.world.item.crafting.RecipeManager/]: Skipping loading recipe endergetic:poise_beehive as it's serializer returned null
[10Aug2026 03:03:02.401] [main/INFO] [net.minecraft.world.item.crafting.RecipeManager/]: Skipping loading recipe endergetic:cracked_purpur_block_from_baking as it's serializer returned null
[10Aug2026 03:03:02.402] [main/INFO] [net.minecraft.world.item.crafting.RecipeManager/]: Skipping loading recipe endergetic:poise_button_from_poise_stems_sawing as it's serializer returned null
[10Aug2026 03:03:02.416] [main/INFO] [net.minecraft.world.item.crafting.RecipeManager/]: Skipping loading recipe endergetic:poise_trapdoor_from_poise_stems_sawing as it's serializer returned null
[10Aug2026 03:03:02.428] [main/INFO] [net.minecraft.world.item.crafting.RecipeManager/]: Skipping loading recipe endergetic:poise_furnace_boat as it's serializer returned null
[10Aug2026 03:03:02.432] [main/INFO] [net.minecraft.world.item.crafting.RecipeManager/]: Skipping loading recipe supplementaries:inspirations/flag_dye as it's serializer returned null
[10Aug2026 03:03:02.432] [main/INFO] [net.minecraft.world.item.crafting.RecipeManager/]: Skipping loading recipe endergetic:poise_slab_from_poise_planks_sawing as it's serializer returned null
[10Aug2026 03:03:02.435] [main/INFO] [net.minecraft.world.item.crafting.RecipeManager/]: Skipping loading recipe endergetic:chiseled_poise_bookshelf as it's serializer returned null
[10Aug2026 03:03:02.436] [main/INFO] [net.minecraft.world.item.crafting.RecipeManager/]: Skipping loading recipe endergetic:poise_planks_from_poise_stems_sawing as it's serializer returned null
[10Aug2026 03:03:02.445] [main/INFO] [net.minecraft.world.item.crafting.RecipeManager/]: Skipping loading recipe endergetic:eumus_brick_from_baking as it's serializer returned null
[10Aug2026 03:03:02.466] [main/INFO] [net.minecraft.world.item.crafting.RecipeManager/]: Skipping loading recipe endergetic:poise_fence_gate_from_poise_stems_sawing as it's serializer returned null
[10Aug2026 03:03:02.468] [main/INFO] [net.minecraft.world.item.crafting.RecipeManager/]: Skipping loading recipe endergetic:poise_ladder as it's serializer returned null
[10Aug2026 03:03:02.468] [main/INFO] [net.minecraft.world.item.crafting.RecipeManager/]: Skipping loading recipe endergetic:poise_door_from_poise_stems_sawing as it's serializer returned null
[10Aug2026 03:03:02.469] [main/INFO] [net.minecraft.world.item.crafting.RecipeManager/]: Skipping loading recipe endergetic:trapped_poise_chest as it's serializer returned null
[10Aug2026 03:03:02.471] [main/INFO] [net.minecraft.world.item.crafting.RecipeManager/]: Skipping loading recipe supplementaries:inspirations/flag_clear as it's serializer returned null
[10Aug2026 03:03:02.472] [main/INFO] [net.minecraft.world.item.crafting.RecipeManager/]: Skipping loading recipe endergetic:cracked_eumus_bricks_from_baking as it's serializer returned null
[10Aug2026 03:03:02.474] [main/INFO] [net.minecraft.world.item.crafting.RecipeManager/]: Skipping loading recipe endergetic:poise_boards as it's serializer returned null
[10Aug2026 03:03:02.483] [main/INFO] [net.minecraft.world.item.crafting.RecipeManager/]: Skipping loading recipe endergetic:poise_sign_from_poise_stems_sawing as it's serializer returned null
[10Aug2026 03:03:02.483] [main/INFO] [net.minecraft.world.item.crafting.RecipeManager/]: Skipping loading recipe endergetic:poise_boards_from_poise_stems_sawing as it's serializer returned null
[10Aug2026 03:03:02.485] [main/ERROR] [net.minecraft.world.item.crafting.RecipeManager/]: Parsing error loading recipe supplementaries:slice_map: com.google.gson.JsonSyntaxException: Missing tag, expected to find a string
[10Aug2026 03:03:02.486] [main/INFO] [net.minecraft.world.item.crafting.RecipeManager/]: Skipping loading recipe endergetic:poise_stairs_from_poise_stems_sawing as it's serializer returned null
[10Aug2026 03:03:02.488] [main/INFO] [net.minecraft.world.item.crafting.RecipeManager/]: Skipping loading recipe endergetic:poise_button_from_poise_planks_sawing as it's serializer returned null
[10Aug2026 03:03:02.490] [main/INFO] [net.minecraft.world.item.crafting.RecipeManager/]: Skipping loading recipe endergetic:poise_bookshelf as it's serializer returned null
[10Aug2026 03:03:02.491] [main/INFO] [net.minecraft.world.item.crafting.RecipeManager/]: Skipping loading recipe endergetic:poise_boards_from_poise_planks_sawing as it's serializer returned null
[10Aug2026 03:03:02.497] [main/INFO] [net.minecraft.world.item.crafting.RecipeManager/]: Skipping loading recipe endergetic:poise_pressure_plate_from_poise_stems_sawing as it's serializer returned null
[10Aug2026 03:03:02.499] [main/INFO] [net.minecraft.world.item.crafting.RecipeManager/]: Skipping loading recipe endergetic:poise_fence_from_poise_stems_sawing as it's serializer returned null
[10Aug2026 03:03:02.500] [main/INFO] [net.minecraft.world.item.crafting.RecipeManager/]: Skipping loading recipe endergetic:large_poise_boat as it's serializer returned null
[10Aug2026 03:03:02.503] [main/INFO] [net.minecraft.world.item.crafting.RecipeManager/]: Skipping loading recipe endergetic:poise_stairs_from_poise_planks_sawing as it's serializer returned null
[10Aug2026 03:03:02.504] [main/INFO] [net.minecraft.world.item.crafting.RecipeManager/]: Skipping loading recipe endergetic:poise_ladder_from_poise_planks_sawing as it's serializer returned null
[10Aug2026 03:03:02.505] [main/INFO] [net.minecraft.world.item.crafting.RecipeManager/]: Skipping loading recipe endergetic:cracked_end_stone_bricks_from_baking as it's serializer returned null
[10Aug2026 03:03:02.507] [main/INFO] [net.minecraft.world.item.crafting.RecipeManager/]: Skipping loading recipe endergetic:poise_ladder_from_poise_stems_sawing as it's serializer returned null
[10Aug2026 03:03:02.508] [main/INFO] [net.minecraft.world.item.crafting.RecipeManager/]: Skipping loading recipe endergetic:poise_chest as it's serializer returned null
[10Aug2026 03:03:02.510] [main/INFO] [net.minecraft.world.item.crafting.RecipeManager/]: Loaded 19 recipes
[10Aug2026 03:03:02.516] [main/INFO] [com.teamabnormals.blueprint.core.Blueprint/]: Advancement Modification Manager has loaded 5 modifier groups
[10Aug2026 03:03:02.579] [main/ERROR] [net.minecraft.server.ServerAdvancementManager/]: Parsing error loading custom advancement supplementaries:recipes/planter_rich: Unknown item id 'farmersdelight:rich_soil'
[10Aug2026 03:03:02.712] [main/INFO] [net.minecraft.advancements.AdvancementList/]: Loaded 4161 advancements
[10Aug2026 03:03:02.720] [main/INFO] [placebo/]: Registered 0 additional recipes.
[10Aug2026 03:03:02.725] [main/DEBUG] [sophisticatedbackpacks/]: Started loading registry data from sophisticatedbackpacks:compat/woot/block_tools 
[10Aug2026 03:03:02.726] [main/DEBUG] [sophisticatedbackpacks/]: Started loading registry data from sophisticatedbackpacks:compat/fluxnetworks/block_tools 
[10Aug2026 03:03:02.726] [main/DEBUG] [sophisticatedbackpacks/]: Started loading registry data from sophisticatedbackpacks:compat/mob_grinding_utils/entity_tools 
[10Aug2026 03:03:02.726] [main/DEBUG] [sophisticatedbackpacks/]: Started loading registry data from sophisticatedbackpacks:compat/astralsorcery/block_tools 
[10Aug2026 03:03:02.726] [main/DEBUG] [sophisticatedbackpacks/]: Started loading registry data from sophisticatedbackpacks:compat/immersivepetroleum/block_tools 
[10Aug2026 03:03:02.726] [main/DEBUG] [sophisticatedbackpacks/]: Started loading registry data from sophisticatedbackpacks:compat/immersiveengineering/block_tools 
[10Aug2026 03:03:02.726] [main/DEBUG] [sophisticatedbackpacks/]: Started loading registry data from sophisticatedbackpacks:compat/pedestals/block_tools 
[10Aug2026 03:03:02.726] [main/DEBUG] [sophisticatedbackpacks/]: Started loading registry data from sophisticatedbackpacks:compat/platforms/block_tools 
[10Aug2026 03:03:02.726] [main/DEBUG] [sophisticatedbackpacks/]: Started loading registry data from sophisticatedbackpacks:compat/rftoolsutility/entity_tools 
[10Aug2026 03:03:02.726] [main/DEBUG] [sophisticatedbackpacks/]: Started loading registry data from sophisticatedbackpacks:compat/compactmachines/block_tools 
[10Aug2026 03:03:02.726] [main/DEBUG] [sophisticatedbackpacks/]: Started loading registry data from sophisticatedbackpacks:compat/mcwwindows/block_tools 
[10Aug2026 03:03:02.726] [main/DEBUG] [sophisticatedbackpacks/]: Started loading registry data from sophisticatedbackpacks:compat/integrateddynamics/block_tools 
[10Aug2026 03:03:02.727] [main/DEBUG] [sophisticatedbackpacks/]: Started loading registry data from sophisticatedbackpacks:entity_tools 
[10Aug2026 03:03:02.729] [main/DEBUG] [sophisticatedbackpacks/]: Finished loading registry data for sophisticatedbackpacks:entity_tools
[10Aug2026 03:03:02.729] [main/DEBUG] [sophisticatedbackpacks/]: Started loading registry data from sophisticatedbackpacks:compat/mekanism/block_tools 
[10Aug2026 03:03:02.729] [main/DEBUG] [sophisticatedbackpacks/]: Started loading registry data from sophisticatedbackpacks:compat/powah/block_tools 
[10Aug2026 03:03:02.729] [main/DEBUG] [sophisticatedbackpacks/]: Started loading registry data from sophisticatedbackpacks:compat/apotheosis/entity_tools 
[10Aug2026 03:03:02.729] [main/DEBUG] [sophisticatedbackpacks/]: Started loading registry data from sophisticatedbackpacks:compat/bloodmagic/block_tools 
[10Aug2026 03:03:02.729] [main/DEBUG] [sophisticatedbackpacks/]: Started loading registry data from sophisticatedbackpacks:compat/immersiveposts/block_tools 
[10Aug2026 03:03:02.729] [main/DEBUG] [sophisticatedbackpacks/]: Started loading registry data from sophisticatedbackpacks:compat/rats/entity_tools 
[10Aug2026 03:03:02.730] [main/DEBUG] [sophisticatedbackpacks/]: Started loading registry data from sophisticatedbackpacks:compat/framedcompactdrawers/block_tools 
[10Aug2026 03:03:02.730] [main/DEBUG] [sophisticatedbackpacks/]: Started loading registry data from sophisticatedbackpacks:compat/iceandfire/entity_tools 
[10Aug2026 03:03:02.730] [main/DEBUG] [sophisticatedbackpacks/]: Finished loading registry data for sophisticatedbackpacks:compat/iceandfire/entity_tools
[10Aug2026 03:03:02.730] [main/DEBUG] [sophisticatedbackpacks/]: Started loading registry data from sophisticatedbackpacks:compat/storagedrawers/block_tools 
[10Aug2026 03:03:02.730] [main/DEBUG] [sophisticatedbackpacks/]: Started loading registry data from sophisticatedbackpacks:compat/mcwroofs/block_tools 
[10Aug2026 03:03:02.730] [main/DEBUG] [sophisticatedbackpacks/]: Started loading registry data from sophisticatedbackpacks:compat/morphtool/block_tools 
[10Aug2026 03:03:02.730] [main/DEBUG] [sophisticatedbackpacks/]: Started loading registry data from sophisticatedbackpacks:compat/botania/block_tools 
[10Aug2026 03:03:02.730] [main/DEBUG] [sophisticatedbackpacks/]: Started loading registry data from sophisticatedbackpacks:compat/pneumaticraft/block_tools 
[10Aug2026 03:03:02.730] [main/DEBUG] [sophisticatedbackpacks/]: Started loading registry data from sophisticatedbackpacks:compat/shrink/entity_tools 
[10Aug2026 03:03:02.730] [main/DEBUG] [sophisticatedbackpacks/]: Started loading registry data from sophisticatedbackpacks:compat/blockcarpentry/block_tools 
[10Aug2026 03:03:02.730] [main/DEBUG] [sophisticatedbackpacks/]: Started loading registry data from sophisticatedbackpacks:compat/pipez/block_tools 
[10Aug2026 03:03:02.730] [main/DEBUG] [sophisticatedbackpacks/]: Started loading registry data from sophisticatedbackpacks:compat/transport/block_tools 
[10Aug2026 03:03:02.730] [main/DEBUG] [sophisticatedbackpacks/]: Started loading registry data from sophisticatedbackpacks:compat/thermal/block_tools 
[10Aug2026 03:03:02.730] [main/DEBUG] [sophisticatedbackpacks/]: Started loading registry data from sophisticatedbackpacks:block_tools 
[10Aug2026 03:03:02.730] [main/DEBUG] [sophisticatedbackpacks/]: Finished loading registry data for sophisticatedbackpacks:block_tools
[10Aug2026 03:03:02.730] [main/DEBUG] [sophisticatedbackpacks/]: Started loading registry data from sophisticatedbackpacks:compat/create/block_tools 
[10Aug2026 03:03:02.730] [main/DEBUG] [sophisticatedbackpacks/]: Started loading registry data from sophisticatedbackpacks:compat/farmersdelight/entity_tools 
[10Aug2026 03:03:02.730] [main/DEBUG] [sophisticatedbackpacks/]: Started loading registry data from sophisticatedbackpacks:compat/refinedstorage/block_tools 
[10Aug2026 03:03:02.730] [main/DEBUG] [sophisticatedbackpacks/]: Started loading registry data from sophisticatedbackpacks:compat/chiselsandbits/block_tools 
[10Aug2026 03:03:02.730] [main/DEBUG] [sophisticatedbackpacks/]: Started loading registry data from sophisticatedbackpacks:compat/farmersdelight/block_tools 
[10Aug2026 03:03:02.730] [main/DEBUG] [sophisticatedbackpacks/]: Started loading registry data from sophisticatedbackpacks:compat/resourcefulbees/entity_tools 
[10Aug2026 03:03:02.730] [main/DEBUG] [sophisticatedbackpacks/]: Started loading registry data from sophisticatedbackpacks:compat/tetra/swords 
[10Aug2026 03:03:02.730] [main/DEBUG] [sophisticatedbackpacks/]: Started loading registry data from sophisticatedbackpacks:swords 
[10Aug2026 03:03:02.730] [main/DEBUG] [sophisticatedbackpacks/]: Finished loading registry data for sophisticatedbackpacks:swords
[10Aug2026 03:03:02.730] [main/DEBUG] [sophisticatedbackpacks/]: Started loading registry data from sophisticatedbackpacks:compat/mythicbotany/block_tools 
[10Aug2026 03:03:02.730] [main/DEBUG] [sophisticatedbackpacks/]: Started loading registry data from sophisticatedbackpacks:compat/resourcefulbees/block_tools 
[10Aug2026 03:03:02.730] [main/DEBUG] [sophisticatedbackpacks/]: Started loading registry data from sophisticatedbackpacks:compat/syp/entity_tools 
[10Aug2026 03:03:02.730] [main/DEBUG] [sophisticatedbackpacks/]: Started loading registry data from sophisticatedbackpacks:compat/eidolon/block_tools 
[10Aug2026 03:03:02.730] [main/DEBUG] [sophisticatedbackpacks/]: Started loading registry data from sophisticatedbackpacks:compat/rftoolsbase/block_tools 
[10Aug2026 03:03:02.734] [main/INFO] [com.teamabnormals.blueprint.core.Blueprint/]: Chunk Generator Modification Manager has loaded 1 modifier groups
[10Aug2026 03:03:02.739] [main/WARN] [net.minecraftforge.common.loot.LootModifierManager/]: Could not decode GlobalLootModifier with json id bygonenether:soul_stone_from_block - error: Unknown registry key in ResourceKey[minecraft:root / forge:global_loot_modifier_serializers]: bygonenether:replace_item
[10Aug2026 03:03:02.739] [main/WARN] [net.minecraftforge.common.loot.LootModifierManager/]: Could not decode GlobalLootModifier with json id bygonenether:soul_stone_in_catacombs - error: Unknown registry key in ResourceKey[minecraft:root / forge:global_loot_modifier_serializers]: bygonenether:replace_item
[10Aug2026 03:03:02.749] [main/INFO] [Supplementaries/]: Loaded 27 flute songs
[10Aug2026 03:03:02.771] [main/INFO] [top.theillusivec4.curios.Curios/]: Loaded 16 curio slots
[10Aug2026 03:03:02.773] [main/INFO] [top.theillusivec4.curios.Curios/]: Loaded 11 curio entities
[10Aug2026 03:03:02.774] [main/INFO] [placebo/]: Registered 0 gear_sets.
[10Aug2026 03:03:02.838] [main/DEBUG] [mixin/]: Mixing TreasureMapForEmeraldsMixin from supplementaries.mixins.json into net.minecraft.world.entity.npc.VillagerTrades$TreasureMapForEmeralds
[10Aug2026 03:03:02.848] [main/INFO] [Moonlight/]: Applied 16 data villager trades
[10Aug2026 03:03:02.872] [main/INFO] [Supplementaries/]: Finished additional setup in 15 ms
[10Aug2026 03:03:02.889] [main/WARN] [ModernFix/]: Initial datapack load took 3.733 s
[10Aug2026 03:03:02.900] [main/DEBUG] [net.minecraftforge.common.ForgeHooks/WP]: Gathering id map for writing to world save world
[10Aug2026 03:03:02.960] [main/DEBUG] [net.minecraftforge.common.ForgeHooks/WP]: ID Map collection complete world
[10Aug2026 03:03:03.026] [main/DEBUG] [mixin/]: Mixing feature.mcfunction_profiling.ServerFunctionManagerMixin from modernfix-modernfix.mixins.json into net.minecraft.server.ServerFunctionManager
[10Aug2026 03:03:03.026] [main/DEBUG] [mixin/]: Renaming synthetic method lambda$mfix$getProfilingResults$2(Ljava/util/Map$Entry;)Ljava/time/Duration; to mdff13ee$lambda$mfix$getProfilingResults$2$0 in modernfix-modernfix.mixins.json:feature.mcfunction_profiling.ServerFunctionManagerMixin
[10Aug2026 03:03:03.026] [main/DEBUG] [mixin/]: Renaming synthetic method lambda$pruneUnusedWatches$1(Lcom/google/common/base/Stopwatch;)Z to mdff13ee$lambda$pruneUnusedWatches$1$1 in modernfix-modernfix.mixins.json:feature.mcfunction_profiling.ServerFunctionManagerMixin
[10Aug2026 03:03:03.026] [main/DEBUG] [mixin/]: Renaming synthetic method lambda$startWatch$0(Lnet/minecraft/resources/ResourceLocation;)Lcom/google/common/base/Stopwatch; to mdff13ee$lambda$startWatch$0$2 in modernfix-modernfix.mixins.json:feature.mcfunction_profiling.ServerFunctionManagerMixin
[10Aug2026 03:03:03.052] [Server thread/INFO] [net.minecraft.server.dedicated.DedicatedServer/]: Starting minecraft server version 1.20.1
[10Aug2026 03:03:03.052] [Server thread/INFO] [net.minecraft.server.dedicated.DedicatedServer/]: Loading properties
[10Aug2026 03:03:03.052] [Server thread/INFO] [net.minecraft.server.dedicated.DedicatedServer/]: Default game type: SURVIVAL
[10Aug2026 03:03:03.052] [Server thread/INFO] [net.minecraft.server.MinecraftServer/]: Generating keypair
[10Aug2026 03:03:03.279] [Server thread/INFO] [net.minecraft.server.dedicated.DedicatedServer/]: Starting Minecraft server on *:25565
[10Aug2026 03:03:03.280] [Server thread/DEBUG] [net.minecraftforge.network.DualStackUtils/]: Detected IPv6 address: "0:0:0:0:0:0:0:0"
[10Aug2026 03:03:03.290] [Server thread/DEBUG] [io.netty.util.internal.NativeLibraryLoader/]: -Dio.netty.native.workdir: /tmp (io.netty.tmpdir)
[10Aug2026 03:03:03.290] [Server thread/DEBUG] [io.netty.util.internal.NativeLibraryLoader/]: -Dio.netty.native.deleteLibAfterLoading: true
[10Aug2026 03:03:03.290] [Server thread/DEBUG] [io.netty.util.internal.NativeLibraryLoader/]: -Dio.netty.native.tryPatchShadedId: true
[10Aug2026 03:03:03.290] [Server thread/DEBUG] [io.netty.util.internal.NativeLibraryLoader/]: -Dio.netty.native.detectNativeLibraryDuplicates: true
[10Aug2026 03:03:03.298] [Server thread/DEBUG] [io.netty.util.internal.NativeLibraryLoader/]: Successfully loaded the library /tmp/libnetty_transport_native_epoll_x86_6411095249432665040423.so
[10Aug2026 03:03:03.302] [Server thread/DEBUG] [io.netty.util.NetUtil/]: -Djava.net.preferIPv4Stack: false
[10Aug2026 03:03:03.302] [Server thread/DEBUG] [io.netty.util.NetUtil/]: -Djava.net.preferIPv6Addresses: true
[10Aug2026 03:03:03.305] [Server thread/DEBUG] [io.netty.util.NetUtilInitializations/]: Loopback interface: lo (lo, 0:0:0:0:0:0:0:1%lo)
[10Aug2026 03:03:03.305] [Server thread/DEBUG] [io.netty.util.NetUtil/]: /proc/sys/net/core/somaxconn: 4096
[10Aug2026 03:03:03.310] [Server thread/INFO] [net.minecraft.server.network.ServerConnectionListener/]: Using epoll channel type
[10Aug2026 03:03:03.325] [Server thread/DEBUG] [io.netty.channel.MultithreadEventLoopGroup/]: -Dio.netty.eventLoopThreads: 8
[10Aug2026 03:03:03.352] [Server thread/DEBUG] [io.netty.util.internal.PlatformDependent/]: org.jctools-core.MpscChunkedArrayQueue: available
[10Aug2026 03:03:03.364] [Server thread/DEBUG] [io.netty.channel.DefaultChannelId/]: -Dio.netty.processId: 3513 (auto-detected)
[10Aug2026 03:03:03.366] [Server thread/DEBUG] [io.netty.channel.DefaultChannelId/]: -Dio.netty.machineId: 7c:1e:52:ff:fe:ee:62:3e (auto-detected)
[10Aug2026 03:03:03.408] [Server thread/DEBUG] [io.netty.buffer.PooledByteBufAllocator/]: -Dio.netty.allocator.numHeapArenas: 8
[10Aug2026 03:03:03.408] [Server thread/DEBUG] [io.netty.buffer.PooledByteBufAllocator/]: -Dio.netty.allocator.numDirectArenas: 8
[10Aug2026 03:03:03.408] [Server thread/DEBUG] [io.netty.buffer.PooledByteBufAllocator/]: -Dio.netty.allocator.pageSize: 8192
[10Aug2026 03:03:03.408] [Server thread/DEBUG] [io.netty.buffer.PooledByteBufAllocator/]: -Dio.netty.allocator.maxOrder: 9
[10Aug2026 03:03:03.408] [Server thread/DEBUG] [io.netty.buffer.PooledByteBufAllocator/]: -Dio.netty.allocator.chunkSize: 4194304
[10Aug2026 03:03:03.408] [Server thread/DEBUG] [io.netty.buffer.PooledByteBufAllocator/]: -Dio.netty.allocator.smallCacheSize: 256
[10Aug2026 03:03:03.408] [Server thread/DEBUG] [io.netty.buffer.PooledByteBufAllocator/]: -Dio.netty.allocator.normalCacheSize: 64
[10Aug2026 03:03:03.409] [Server thread/DEBUG] [io.netty.buffer.PooledByteBufAllocator/]: -Dio.netty.allocator.maxCachedBufferCapacity: 32768
[10Aug2026 03:03:03.409] [Server thread/DEBUG] [io.netty.buffer.PooledByteBufAllocator/]: -Dio.netty.allocator.cacheTrimInterval: 8192
[10Aug2026 03:03:03.409] [Server thread/DEBUG] [io.netty.buffer.PooledByteBufAllocator/]: -Dio.netty.allocator.cacheTrimIntervalMillis: 0
[10Aug2026 03:03:03.409] [Server thread/DEBUG] [io.netty.buffer.PooledByteBufAllocator/]: -Dio.netty.allocator.useCacheForAllThreads: false
[10Aug2026 03:03:03.409] [Server thread/DEBUG] [io.netty.buffer.PooledByteBufAllocator/]: -Dio.netty.allocator.maxCachedByteBuffersPerChunk: 1023
[10Aug2026 03:03:03.420] [Server thread/DEBUG] [io.netty.buffer.ByteBufUtil/]: -Dio.netty.allocator.type: pooled
[10Aug2026 03:03:03.421] [Server thread/DEBUG] [io.netty.buffer.ByteBufUtil/]: -Dio.netty.threadLocalDirectBufferSize: 0
[10Aug2026 03:03:03.421] [Server thread/DEBUG] [io.netty.buffer.ByteBufUtil/]: -Dio.netty.maxThreadLocalCharBufferSize: 16384
[10Aug2026 03:03:03.429] [Server thread/WARN] [net.minecraft.server.dedicated.DedicatedServer/]: **** SERVER IS RUNNING IN OFFLINE/INSECURE MODE!
[10Aug2026 03:03:03.429] [Server thread/WARN] [net.minecraft.server.dedicated.DedicatedServer/]: The server will make no attempt to authenticate usernames. Beware.
[10Aug2026 03:03:03.429] [Server thread/WARN] [net.minecraft.server.dedicated.DedicatedServer/]: While this makes the game possible to play without internet access, it also opens up the ability for hackers to connect with any username they choose.
[10Aug2026 03:03:03.429] [Server thread/WARN] [net.minecraft.server.dedicated.DedicatedServer/]: To change this, set "online-mode" to "true" in the server.properties file.
[10Aug2026 03:03:03.442] [Server thread/DEBUG] [net.minecraftforge.fml.config.ConfigTracker/CONFIG]: Loading configs type SERVER
[10Aug2026 03:03:03.442] [Server thread/DEBUG] [net.minecraftforge.fml.config.ConfigFileTypeHandler/CONFIG]: Built TOML config for ./world/serverconfig/jei-server.toml
[10Aug2026 03:03:03.442] [Server thread/DEBUG] [net.minecraftforge.fml.config.ConfigFileTypeHandler/CONFIG]: Loaded TOML config file ./world/serverconfig/jei-server.toml
[10Aug2026 03:03:03.442] [Server thread/DEBUG] [net.minecraftforge.fml.config.ConfigFileTypeHandler/CONFIG]: Watching TOML config file ./world/serverconfig/jei-server.toml for changes
[10Aug2026 03:03:03.443] [Server thread/DEBUG] [net.minecraftforge.fml.config.ConfigFileTypeHandler/CONFIG]: Built TOML config for ./world/serverconfig/ntgl-server.toml
[10Aug2026 03:03:03.443] [Server thread/DEBUG] [net.minecraftforge.fml.config.ConfigFileTypeHandler/CONFIG]: Loaded TOML config file ./world/serverconfig/ntgl-server.toml
[10Aug2026 03:03:03.443] [Server thread/DEBUG] [net.minecraftforge.fml.config.ConfigFileTypeHandler/CONFIG]: Watching TOML config file ./world/serverconfig/ntgl-server.toml for changes
[10Aug2026 03:03:03.444] [Server thread/DEBUG] [net.minecraftforge.fml.config.ConfigFileTypeHandler/CONFIG]: Built TOML config for ./world/serverconfig/sophisticatedbackpacks-server.toml
[10Aug2026 03:03:03.445] [Server thread/DEBUG] [net.minecraftforge.fml.config.ConfigFileTypeHandler/CONFIG]: Loaded TOML config file ./world/serverconfig/sophisticatedbackpacks-server.toml
[10Aug2026 03:03:03.445] [Server thread/DEBUG] [net.minecraftforge.fml.config.ConfigFileTypeHandler/CONFIG]: Watching TOML config file ./world/serverconfig/sophisticatedbackpacks-server.toml for changes
[10Aug2026 03:03:03.449] [Server thread/DEBUG] [net.minecraftforge.fml.config.ConfigFileTypeHandler/CONFIG]: Built TOML config for ./world/serverconfig/forge-server.toml
[10Aug2026 03:03:03.449] [Server thread/DEBUG] [net.minecraftforge.fml.config.ConfigFileTypeHandler/CONFIG]: Loaded TOML config file ./world/serverconfig/forge-server.toml
[10Aug2026 03:03:03.449] [Server thread/DEBUG] [net.minecraftforge.fml.config.ConfigFileTypeHandler/CONFIG]: Watching TOML config file ./world/serverconfig/forge-server.toml for changes
[10Aug2026 03:03:03.450] [Server thread/DEBUG] [net.minecraftforge.common.ForgeConfig/FORGEMOD]: Loaded forge config file forge-server.toml
[10Aug2026 03:03:03.450] [Server thread/DEBUG] [net.minecraftforge.fml.config.ConfigFileTypeHandler/CONFIG]: Built TOML config for ./world/serverconfig/curios-server.toml
[10Aug2026 03:03:03.450] [Server thread/DEBUG] [net.minecraftforge.fml.config.ConfigFileTypeHandler/CONFIG]: Loaded TOML config file ./world/serverconfig/curios-server.toml
[10Aug2026 03:03:03.451] [Server thread/DEBUG] [net.minecraftforge.fml.config.ConfigFileTypeHandler/CONFIG]: Watching TOML config file ./world/serverconfig/curios-server.toml for changes
[10Aug2026 03:03:03.451] [Server thread/DEBUG] [net.minecraftforge.fml.config.ConfigFileTypeHandler/CONFIG]: Built TOML config for ./world/serverconfig/securitycraft-server.toml
[10Aug2026 03:03:03.451] [Server thread/DEBUG] [net.minecraftforge.fml.config.ConfigFileTypeHandler/CONFIG]: Loaded TOML config file ./world/serverconfig/securitycraft-server.toml
[10Aug2026 03:03:03.452] [Server thread/DEBUG] [net.minecraftforge.fml.config.ConfigFileTypeHandler/CONFIG]: Watching TOML config file ./world/serverconfig/securitycraft-server.toml for changes
[10Aug2026 03:03:03.453] [Server thread/DEBUG] [net.minecraftforge.fml.config.ConfigFileTypeHandler/CONFIG]: Built TOML config for /workspaces/papuproyecto/servidor_minecraft/config/tombstone-server.toml
[10Aug2026 03:03:03.454] [Server thread/DEBUG] [net.minecraftforge.fml.config.ConfigFileTypeHandler/CONFIG]: Loaded TOML config file /workspaces/papuproyecto/servidor_minecraft/config/tombstone-server.toml
[10Aug2026 03:03:03.454] [Server thread/DEBUG] [net.minecraftforge.fml.config.ConfigFileTypeHandler/CONFIG]: Watching TOML config file /workspaces/papuproyecto/servidor_minecraft/config/tombstone-server.toml for changes
[10Aug2026 03:03:03.456] [Server thread/DEBUG] [mixin/]: Mixing accessor.BiomeSpecialEffectsBuilderForgeAccessor from puzzleslib.forge.mixins.json into net.minecraft.world.level.biome.BiomeSpecialEffects$Builder
[10Aug2026 03:03:03.476] [Server thread/DEBUG] [com.github.alexthe666.iceandfire.IceAndFire/]: Added the following features to the biome [biomesoplenty:auroral_garden]: 
	- iceandfire:frost_lily
	- iceandfire:silver_ore
	- iceandfire:sapphire_ore
	- iceandfire:ice_dragon_roost
	- iceandfire:ice_dragon_cave
	- iceandfire:spawn_dragon_skeleton_ice
[10Aug2026 03:03:03.478] [Server thread/DEBUG] [com.github.alexthe666.iceandfire.IceAndFire/]: Added the following features to the biome [minecraft:badlands]: 
	- iceandfire:silver_ore
	- iceandfire:lightning_dragon_roost
	- iceandfire:lightning_dragon_cave
[10Aug2026 03:03:03.481] [Server thread/DEBUG] [com.github.alexthe666.iceandfire.IceAndFire/]: Added the following features to the biome [minecraft:bamboo_jungle]: 
	- iceandfire:fire_lily
	- iceandfire:silver_ore
	- iceandfire:lightning_dragon_roost
	- iceandfire:lightning_dragon_cave
	- iceandfire:myrmex_hive_jungle
[10Aug2026 03:03:03.483] [Server thread/DEBUG] [com.github.alexthe666.iceandfire.IceAndFire/]: Added the following features to the biome [biomesoplenty:bayou]: 
	- iceandfire:fire_lily
	- iceandfire:silver_ore
	- iceandfire:fire_dragon_roost
	- iceandfire:fire_dragon_cave
	- iceandfire:hydra_cave
	- iceandfire:spawn_stymphalian_bird
[10Aug2026 03:03:03.484] [Server thread/DEBUG] [com.github.alexthe666.iceandfire.IceAndFire/]: Added the following features to the biome [minecraft:beach]: 
	- iceandfire:silver_ore
	- iceandfire:cyclops_cave
[10Aug2026 03:03:03.485] [Server thread/DEBUG] [com.github.alexthe666.iceandfire.IceAndFire/]: Added the following features to the biome [minecraft:birch_forest]: 
	- iceandfire:silver_ore
[10Aug2026 03:03:03.486] [Server thread/DEBUG] [com.github.alexthe666.iceandfire.IceAndFire/]: Added the following features to the biome [biomesoplenty:bog]: 
	- iceandfire:silver_ore
	- iceandfire:ice_dragon_roost
	- iceandfire:ice_dragon_cave
	- iceandfire:hydra_cave
	- iceandfire:spawn_stymphalian_bird
[10Aug2026 03:03:03.488] [Server thread/DEBUG] [com.github.alexthe666.iceandfire.IceAndFire/]: Added the following features to the biome [minecraft:cherry_grove]: 
	- iceandfire:silver_ore
[10Aug2026 03:03:03.489] [Server thread/DEBUG] [com.github.alexthe666.iceandfire.IceAndFire/]: Added the following features to the biome [biomesoplenty:clover_patch]: 
	- iceandfire:silver_ore
	- iceandfire:spawn_wandering_cyclops
[10Aug2026 03:03:03.490] [Server thread/DEBUG] [com.github.alexthe666.iceandfire.IceAndFire/]: Added the following features to the biome [biomesoplenty:cold_desert]: 
	- iceandfire:frost_lily
	- iceandfire:silver_ore
	- iceandfire:sapphire_ore
	- iceandfire:ice_dragon_roost
	- iceandfire:ice_dragon_cave
	- iceandfire:spawn_dragon_skeleton_ice
[10Aug2026 03:03:03.491] [Server thread/DEBUG] [com.github.alexthe666.iceandfire.IceAndFire/]: Added the following features to the biome [minecraft:cold_ocean]: 
	- iceandfire:silver_ore
	- iceandfire:ice_dragon_roost
	- iceandfire:ice_dragon_cave
	- iceandfire:siren_island
	- iceandfire:spawn_hippocampus
	- iceandfire:spawn_sea_serpent
[10Aug2026 03:03:03.492] [Server thread/DEBUG] [com.github.alexthe666.iceandfire.IceAndFire/]: Added the following features to the biome [biomesoplenty:coniferous_forest]: 
	- iceandfire:silver_ore
[10Aug2026 03:03:03.493] [Server thread/DEBUG] [com.github.alexthe666.iceandfire.IceAndFire/]: Added the following features to the biome [biomesoplenty:crag]: 
	- iceandfire:silver_ore
[10Aug2026 03:03:03.496] [Server thread/DEBUG] [com.github.alexthe666.iceandfire.IceAndFire/]: Added the following features to the biome [minecraft:dark_forest]: 
	- iceandfire:silver_ore
	- iceandfire:pixie_village
[10Aug2026 03:03:03.496] [Server thread/DEBUG] [com.github.alexthe666.iceandfire.IceAndFire/]: Added the following features to the biome [biomesoplenty:dead_forest]: 
	- iceandfire:silver_ore
	- iceandfire:ice_dragon_roost
	- iceandfire:ice_dragon_cave
[10Aug2026 03:03:03.498] [Server thread/DEBUG] [com.github.alexthe666.iceandfire.IceAndFire/]: Added the following features to the biome [minecraft:deep_cold_ocean]: 
	- iceandfire:silver_ore
	- iceandfire:ice_dragon_roost
	- iceandfire:ice_dragon_cave
	- iceandfire:siren_island
	- iceandfire:spawn_hippocampus
	- iceandfire:spawn_sea_serpent
[10Aug2026 03:03:03.499] [Server thread/DEBUG] [com.github.alexthe666.iceandfire.IceAndFire/]: Added the following features to the biome [minecraft:deep_dark]: 
	- iceandfire:silver_ore
[10Aug2026 03:03:03.500] [Server thread/DEBUG] [com.github.alexthe666.iceandfire.IceAndFire/]: Added the following features to the biome [minecraft:deep_frozen_ocean]: 
	- iceandfire:silver_ore
	- iceandfire:ice_dragon_roost
	- iceandfire:ice_dragon_cave
	- iceandfire:siren_island
	- iceandfire:spawn_hippocampus
	- iceandfire:spawn_sea_serpent
[10Aug2026 03:03:03.501] [Server thread/DEBUG] [com.github.alexthe666.iceandfire.IceAndFire/]: Added the following features to the biome [minecraft:deep_lukewarm_ocean]: 
	- iceandfire:silver_ore
	- iceandfire:siren_island
	- iceandfire:spawn_hippocampus
	- iceandfire:spawn_sea_serpent
[10Aug2026 03:03:03.502] [Server thread/DEBUG] [com.github.alexthe666.iceandfire.IceAndFire/]: Added the following features to the biome [minecraft:deep_ocean]: 
	- iceandfire:silver_ore
	- iceandfire:siren_island
	- iceandfire:spawn_hippocampus
	- iceandfire:spawn_sea_serpent
[10Aug2026 03:03:03.504] [Server thread/DEBUG] [com.github.alexthe666.iceandfire.IceAndFire/]: Added the following features to the biome [minecraft:desert]: 
	- iceandfire:fire_lily
	- iceandfire:silver_ore
	- iceandfire:fire_dragon_roost
	- iceandfire:fire_dragon_cave
	- iceandfire:myrmex_hive_desert
	- iceandfire:spawn_death_worm
	- iceandfire:spawn_dragon_skeleton_fire
[10Aug2026 03:03:03.505] [Server thread/DEBUG] [com.github.alexthe666.iceandfire.IceAndFire/]: Added the following features to the biome [minecraft:dripstone_caves]: 
	- iceandfire:silver_ore
[10Aug2026 03:03:03.506] [Server thread/DEBUG] [com.github.alexthe666.iceandfire.IceAndFire/]: Added the following features to the biome [biomesoplenty:dryland]: 
	- iceandfire:fire_lily
	- iceandfire:silver_ore
	- iceandfire:fire_dragon_roost
	- iceandfire:fire_dragon_cave
	- iceandfire:myrmex_hive_desert
	- iceandfire:spawn_death_worm
	- iceandfire:spawn_dragon_skeleton_fire
[10Aug2026 03:03:03.507] [Server thread/DEBUG] [com.github.alexthe666.iceandfire.IceAndFire/]: Added the following features to the biome [biomesoplenty:dune_beach]: 
	- iceandfire:silver_ore
	- iceandfire:cyclops_cave
[10Aug2026 03:03:03.509] [Server thread/DEBUG] [com.github.alexthe666.iceandfire.IceAndFire/]: Added the following features to the biome [minecraft:eroded_badlands]: 
	- iceandfire:fire_lily
	- iceandfire:silver_ore
	- iceandfire:lightning_dragon_roost
	- iceandfire:lightning_dragon_cave
[10Aug2026 03:03:03.511] [Server thread/DEBUG] [com.github.alexthe666.iceandfire.IceAndFire/]: Added the following features to the biome [biomesoplenty:field]: 
	- iceandfire:silver_ore
[10Aug2026 03:03:03.511] [Server thread/DEBUG] [com.github.alexthe666.iceandfire.IceAndFire/]: Added the following features to the biome [biomesoplenty:fir_clearing]: 
	- iceandfire:silver_ore
[10Aug2026 03:03:03.513] [Server thread/DEBUG] [com.github.alexthe666.iceandfire.IceAndFire/]: Added the following features to the biome [biomesoplenty:floodplain]: 
	- iceandfire:fire_lily
	- iceandfire:silver_ore
	- iceandfire:lightning_dragon_roost
	- iceandfire:lightning_dragon_cave
	- iceandfire:hydra_cave
	- iceandfire:myrmex_hive_jungle
	- iceandfire:spawn_stymphalian_bird
[10Aug2026 03:03:03.514] [Server thread/DEBUG] [com.github.alexthe666.iceandfire.IceAndFire/]: Added the following features to the biome [minecraft:flower_forest]: 
	- iceandfire:silver_ore
[10Aug2026 03:03:03.514] [Server thread/DEBUG] [com.github.alexthe666.iceandfire.IceAndFire/]: Added the following features to the biome [minecraft:forest]: 
	- iceandfire:silver_ore
[10Aug2026 03:03:03.515] [Server thread/DEBUG] [com.github.alexthe666.iceandfire.IceAndFire/]: Added the following features to the biome [biomesoplenty:forested_field]: 
	- iceandfire:silver_ore
[10Aug2026 03:03:03.516] [Server thread/DEBUG] [com.github.alexthe666.iceandfire.IceAndFire/]: Added the following features to the biome [minecraft:frozen_ocean]: 
	- iceandfire:frost_lily
	- iceandfire:silver_ore
	- iceandfire:sapphire_ore
	- iceandfire:ice_dragon_roost
	- iceandfire:ice_dragon_cave
	- iceandfire:siren_island
	- iceandfire:spawn_dragon_skeleton_ice
	- iceandfire:spawn_hippocampus
	- iceandfire:spawn_sea_serpent
[10Aug2026 03:03:03.517] [Server thread/DEBUG] [com.github.alexthe666.iceandfire.IceAndFire/]: Added the following features to the biome [minecraft:frozen_peaks]: 
	- iceandfire:frost_lily
	- iceandfire:silver_ore
	- iceandfire:sapphire_ore
	- iceandfire:ice_dragon_roost
	- iceandfire:ice_dragon_cave
	- iceandfire:spawn_dragon_skeleton_ice
[10Aug2026 03:03:03.518] [Server thread/DEBUG] [com.github.alexthe666.iceandfire.IceAndFire/]: Added the following features to the biome [minecraft:frozen_river]: 
	- iceandfire:frost_lily
	- iceandfire:silver_ore
	- iceandfire:sapphire_ore
	- iceandfire:ice_dragon_roost
	- iceandfire:ice_dragon_cave
	- iceandfire:spawn_dragon_skeleton_ice
[10Aug2026 03:03:03.519] [Server thread/DEBUG] [com.github.alexthe666.iceandfire.IceAndFire/]: Added the following features to the biome [biomesoplenty:fungal_jungle]: 
	- iceandfire:fire_lily
	- iceandfire:silver_ore
	- iceandfire:lightning_dragon_roost
	- iceandfire:lightning_dragon_cave
	- iceandfire:pixie_village
	- iceandfire:myrmex_hive_jungle
[10Aug2026 03:03:03.520] [Server thread/DEBUG] [com.github.alexthe666.iceandfire.IceAndFire/]: Added the following features to the biome [biomesoplenty:glowing_grotto]: 
	- iceandfire:silver_ore
[10Aug2026 03:03:03.521] [Server thread/DEBUG] [com.github.alexthe666.iceandfire.IceAndFire/]: Added the following features to the biome [biomesoplenty:grassland]: 
	- iceandfire:silver_ore
	- iceandfire:spawn_wandering_cyclops
[10Aug2026 03:03:03.521] [Server thread/DEBUG] [com.github.alexthe666.iceandfire.IceAndFire/]: Added the following features to the biome [minecraft:grove]: 
	- iceandfire:frost_lily
	- iceandfire:silver_ore
	- iceandfire:sapphire_ore
	- iceandfire:ice_dragon_roost
	- iceandfire:ice_dragon_cave
	- iceandfire:spawn_dragon_skeleton_ice
[10Aug2026 03:03:03.522] [Server thread/DEBUG] [com.github.alexthe666.iceandfire.IceAndFire/]: Added the following features to the biome [biomesoplenty:highland]: 
	- iceandfire:silver_ore
	- iceandfire:fire_dragon_roost
	- iceandfire:fire_dragon_cave
	- iceandfire:spawn_wandering_cyclops
[10Aug2026 03:03:03.523] [Server thread/DEBUG] [com.github.alexthe666.iceandfire.IceAndFire/]: Added the following features to the biome [minecraft:ice_spikes]: 
	- iceandfire:frost_lily
	- iceandfire:silver_ore
	- iceandfire:sapphire_ore
	- iceandfire:ice_dragon_roost
	- iceandfire:ice_dragon_cave
	- iceandfire:spawn_dragon_skeleton_ice
[10Aug2026 03:03:03.524] [Server thread/DEBUG] [com.github.alexthe666.iceandfire.IceAndFire/]: Added the following features to the biome [biomesoplenty:jade_cliffs]: 
	- iceandfire:silver_ore
	- iceandfire:pixie_village
[10Aug2026 03:03:03.525] [Server thread/DEBUG] [com.github.alexthe666.iceandfire.IceAndFire/]: Added the following features to the biome [minecraft:jagged_peaks]: 
	- iceandfire:frost_lily
	- iceandfire:silver_ore
	- iceandfire:sapphire_ore
	- iceandfire:ice_dragon_roost
	- iceandfire:ice_dragon_cave
	- iceandfire:spawn_dragon_skeleton_ice
[10Aug2026 03:03:03.525] [Server thread/DEBUG] [com.github.alexthe666.iceandfire.IceAndFire/]: Added the following features to the biome [minecraft:jungle]: 
	- iceandfire:fire_lily
	- iceandfire:silver_ore
	- iceandfire:lightning_dragon_roost
	- iceandfire:lightning_dragon_cave
	- iceandfire:myrmex_hive_jungle
[10Aug2026 03:03:03.526] [Server thread/DEBUG] [com.github.alexthe666.iceandfire.IceAndFire/]: Added the following features to the biome [biomesoplenty:lavender_field]: 
	- iceandfire:silver_ore
	- iceandfire:fire_dragon_roost
	- iceandfire:fire_dragon_cave
	- iceandfire:spawn_wandering_cyclops
[10Aug2026 03:03:03.527] [Server thread/DEBUG] [com.github.alexthe666.iceandfire.IceAndFire/]: Added the following features to the biome [biomesoplenty:lavender_forest]: 
	- iceandfire:silver_ore
[10Aug2026 03:03:03.527] [Server thread/DEBUG] [com.github.alexthe666.iceandfire.IceAndFire/]: Added the following features to the biome [minecraft:lukewarm_ocean]: 
	- iceandfire:silver_ore
	- iceandfire:siren_island
	- iceandfire:spawn_hippocampus
	- iceandfire:spawn_sea_serpent
[10Aug2026 03:03:03.528] [Server thread/DEBUG] [com.github.alexthe666.iceandfire.IceAndFire/]: Added the following features to the biome [minecraft:lush_caves]: 
	- iceandfire:silver_ore
[10Aug2026 03:03:03.529] [Server thread/DEBUG] [com.github.alexthe666.iceandfire.IceAndFire/]: Added the following features to the biome [biomesoplenty:lush_desert]: 
	- iceandfire:fire_lily
	- iceandfire:silver_ore
	- iceandfire:fire_dragon_roost
	- iceandfire:fire_dragon_cave
[10Aug2026 03:03:03.530] [Server thread/DEBUG] [com.github.alexthe666.iceandfire.IceAndFire/]: Added the following features to the biome [biomesoplenty:lush_savanna]: 
	- iceandfire:fire_lily
	- iceandfire:lightning_lily
	- iceandfire:silver_ore
	- iceandfire:lightning_dragon_roost
	- iceandfire:lightning_dragon_cave
	- iceandfire:spawn_wandering_cyclops
	- iceandfire:spawn_dragon_skeleton_lightning
[10Aug2026 03:03:03.531] [Server thread/DEBUG] [com.github.alexthe666.iceandfire.IceAndFire/]: Added the following features to the biome [minecraft:mangrove_swamp]: 
	- iceandfire:fire_lily
	- iceandfire:silver_ore
	- iceandfire:fire_dragon_roost
	- iceandfire:fire_dragon_cave
	- iceandfire:hydra_cave
	- iceandfire:spawn_stymphalian_bird
[10Aug2026 03:03:03.532] [Server thread/DEBUG] [com.github.alexthe666.iceandfire.IceAndFire/]: Added the following features to the biome [biomesoplenty:maple_woods]: 
	- iceandfire:silver_ore
	- iceandfire:ice_dragon_roost
	- iceandfire:ice_dragon_cave
[10Aug2026 03:03:03.532] [Server thread/DEBUG] [com.github.alexthe666.iceandfire.IceAndFire/]: Added the following features to the biome [biomesoplenty:marsh]: 
	- iceandfire:silver_ore
	- iceandfire:hydra_cave
	- iceandfire:spawn_stymphalian_bird
[10Aug2026 03:03:03.533] [Server thread/DEBUG] [com.github.alexthe666.iceandfire.IceAndFire/]: Added the following features to the biome [minecraft:meadow]: 
	- iceandfire:silver_ore
	- iceandfire:fire_dragon_roost
	- iceandfire:fire_dragon_cave
	- iceandfire:spawn_wandering_cyclops
[10Aug2026 03:03:03.534] [Server thread/DEBUG] [com.github.alexthe666.iceandfire.IceAndFire/]: Added the following features to the biome [biomesoplenty:mediterranean_forest]: 
	- iceandfire:silver_ore
[10Aug2026 03:03:03.534] [Server thread/DEBUG] [com.github.alexthe666.iceandfire.IceAndFire/]: Added the following features to the biome [biomesoplenty:moor]: 
	- iceandfire:silver_ore
	- iceandfire:hydra_cave
	- iceandfire:spawn_stymphalian_bird
[10Aug2026 03:03:03.535] [Server thread/DEBUG] [com.github.alexthe666.iceandfire.IceAndFire/]: Added the following features to the biome [minecraft:mushroom_fields]: 
	- iceandfire:silver_ore
[10Aug2026 03:03:03.536] [Server thread/DEBUG] [com.github.alexthe666.iceandfire.IceAndFire/]: Added the following features to the biome [biomesoplenty:muskeg]: 
	- iceandfire:silver_ore
	- iceandfire:ice_dragon_roost
	- iceandfire:ice_dragon_cave
	- iceandfire:hydra_cave
	- iceandfire:spawn_stymphalian_bird
[10Aug2026 03:03:03.536] [Server thread/DEBUG] [com.github.alexthe666.iceandfire.IceAndFire/]: Added the following features to the biome [biomesoplenty:mystic_grove]: 
	- iceandfire:silver_ore
	- iceandfire:pixie_village
[10Aug2026 03:03:03.538] [Server thread/DEBUG] [com.github.alexthe666.iceandfire.IceAndFire/]: Added the following features to the biome [minecraft:ocean]: 
	- iceandfire:silver_ore
	- iceandfire:siren_island
	- iceandfire:spawn_hippocampus
	- iceandfire:spawn_sea_serpent
[10Aug2026 03:03:03.538] [Server thread/DEBUG] [com.github.alexthe666.iceandfire.IceAndFire/]: Added the following features to the biome [minecraft:old_growth_birch_forest]: 
	- iceandfire:silver_ore
	- iceandfire:pixie_village
[10Aug2026 03:03:03.539] [Server thread/DEBUG] [com.github.alexthe666.iceandfire.IceAndFire/]: Added the following features to the biome [biomesoplenty:old_growth_dead_forest]: 
	- iceandfire:silver_ore
	- iceandfire:ice_dragon_roost
	- iceandfire:ice_dragon_cave
[10Aug2026 03:03:03.540] [Server thread/DEBUG] [com.github.alexthe666.iceandfire.IceAndFire/]: Added the following features to the biome [minecraft:old_growth_pine_taiga]: 
	- iceandfire:silver_ore
	- iceandfire:ice_dragon_roost
	- iceandfire:ice_dragon_cave
[10Aug2026 03:03:03.541] [Server thread/DEBUG] [com.github.alexthe666.iceandfire.IceAndFire/]: Added the following features to the biome [minecraft:old_growth_spruce_taiga]: 
	- iceandfire:silver_ore
[10Aug2026 03:03:03.541] [Server thread/DEBUG] [com.github.alexthe666.iceandfire.IceAndFire/]: Added the following features to the biome [biomesoplenty:old_growth_woodland]: 
	- iceandfire:silver_ore
[10Aug2026 03:03:03.542] [Server thread/DEBUG] [com.github.alexthe666.iceandfire.IceAndFire/]: Added the following features to the biome [biomesoplenty:ominous_woods]: 
	- iceandfire:silver_ore
	- iceandfire:ice_dragon_roost
	- iceandfire:ice_dragon_cave
[10Aug2026 03:03:03.543] [Server thread/DEBUG] [com.github.alexthe666.iceandfire.IceAndFire/]: Added the following features to the biome [biomesoplenty:orchard]: 
	- iceandfire:silver_ore
	- iceandfire:spawn_wandering_cyclops
[10Aug2026 03:03:03.543] [Server thread/DEBUG] [com.github.alexthe666.iceandfire.IceAndFire/]: Added the following features to the biome [biomesoplenty:origin_valley]: 
	- iceandfire:silver_ore
[10Aug2026 03:03:03.544] [Server thread/DEBUG] [com.github.alexthe666.iceandfire.IceAndFire/]: Added the following features to the biome [biomesoplenty:pasture]: 
	- iceandfire:silver_ore
	- iceandfire:fire_dragon_roost
	- iceandfire:fire_dragon_cave
	- iceandfire:spawn_wandering_cyclops
[10Aug2026 03:03:03.545] [Server thread/DEBUG] [com.github.alexthe666.iceandfire.IceAndFire/]: Added the following features to the biome [minecraft:plains]: 
	- iceandfire:silver_ore
	- iceandfire:fire_dragon_roost
	- iceandfire:fire_dragon_cave
	- iceandfire:spawn_wandering_cyclops
[10Aug2026 03:03:03.546] [Server thread/DEBUG] [com.github.alexthe666.iceandfire.IceAndFire/]: Added the following features to the biome [biomesoplenty:prairie]: 
	- iceandfire:silver_ore
	- iceandfire:fire_dragon_roost
	- iceandfire:fire_dragon_cave
	- iceandfire:spawn_wandering_cyclops
[10Aug2026 03:03:03.547] [Server thread/DEBUG] [com.github.alexthe666.iceandfire.IceAndFire/]: Added the following features to the biome [biomesoplenty:pumpkin_patch]: 
	- iceandfire:silver_ore
[10Aug2026 03:03:03.548] [Server thread/DEBUG] [com.github.alexthe666.iceandfire.IceAndFire/]: Added the following features to the biome [biomesoplenty:rainforest]: 
	- iceandfire:fire_lily
	- iceandfire:silver_ore
	- iceandfire:lightning_dragon_roost
	- iceandfire:lightning_dragon_cave
	- iceandfire:myrmex_hive_jungle
[10Aug2026 03:03:03.548] [Server thread/DEBUG] [com.github.alexthe666.iceandfire.IceAndFire/]: Added the following features to the biome [biomesoplenty:redwood_forest]: 
	- iceandfire:silver_ore
	- iceandfire:pixie_village
[10Aug2026 03:03:03.549] [Server thread/DEBUG] [com.github.alexthe666.iceandfire.IceAndFire/]: Added the following features to the biome [minecraft:river]: 
	- iceandfire:silver_ore
[10Aug2026 03:03:03.550] [Server thread/DEBUG] [com.github.alexthe666.iceandfire.IceAndFire/]: Added the following features to the biome [biomesoplenty:rocky_rainforest]: 
	- iceandfire:fire_lily
	- iceandfire:silver_ore
	- iceandfire:lightning_dragon_roost
	- iceandfire:lightning_dragon_cave
	- iceandfire:myrmex_hive_jungle
[10Aug2026 03:03:03.551] [Server thread/DEBUG] [com.github.alexthe666.iceandfire.IceAndFire/]: Added the following features to the biome [biomesoplenty:rocky_shrubland]: 
	- iceandfire:silver_ore
	- iceandfire:fire_dragon_roost
	- iceandfire:fire_dragon_cave
	- iceandfire:spawn_wandering_cyclops
[10Aug2026 03:03:03.551] [Server thread/DEBUG] [com.github.alexthe666.iceandfire.IceAndFire/]: Added the following features to the biome [minecraft:savanna]: 
	- iceandfire:fire_lily
	- iceandfire:lightning_lily
	- iceandfire:silver_ore
	- iceandfire:lightning_dragon_roost
	- iceandfire:lightning_dragon_cave
	- iceandfire:spawn_dragon_skeleton_lightning
[10Aug2026 03:03:03.552] [Server thread/DEBUG] [com.github.alexthe666.iceandfire.IceAndFire/]: Added the following features to the biome [minecraft:savanna_plateau]: 
	- iceandfire:fire_lily
	- iceandfire:lightning_lily
	- iceandfire:silver_ore
	- iceandfire:lightning_dragon_roost
	- iceandfire:lightning_dragon_cave
	- iceandfire:spawn_dragon_skeleton_lightning
[10Aug2026 03:03:03.553] [Server thread/DEBUG] [com.github.alexthe666.iceandfire.IceAndFire/]: Added the following features to the biome [biomesoplenty:scrubland]: 
	- iceandfire:lightning_lily
	- iceandfire:silver_ore
	- iceandfire:lightning_dragon_roost
	- iceandfire:lightning_dragon_cave
	- iceandfire:spawn_dragon_skeleton_lightning
[10Aug2026 03:03:03.553] [Server thread/DEBUG] [com.github.alexthe666.iceandfire.IceAndFire/]: Added the following features to the biome [biomesoplenty:seasonal_forest]: 
	- iceandfire:silver_ore
[10Aug2026 03:03:03.554] [Server thread/DEBUG] [com.github.alexthe666.iceandfire.IceAndFire/]: Added the following features to the biome [biomesoplenty:seasonal_orchard]: 
	- iceandfire:silver_ore
[10Aug2026 03:03:03.555] [Server thread/DEBUG] [com.github.alexthe666.iceandfire.IceAndFire/]: Added the following features to the biome [biomesoplenty:shrubland]: 
	- iceandfire:fire_lily
	- iceandfire:silver_ore
	- iceandfire:fire_dragon_roost
	- iceandfire:fire_dragon_cave
	- iceandfire:spawn_wandering_cyclops
[10Aug2026 03:03:03.556] [Server thread/DEBUG] [com.github.alexthe666.iceandfire.IceAndFire/]: Added the following features to the biome [biomesoplenty:snowblossom_grove]: 
	- iceandfire:frost_lily
	- iceandfire:silver_ore
	- iceandfire:sapphire_ore
	- iceandfire:ice_dragon_roost
	- iceandfire:ice_dragon_cave
	- iceandfire:pixie_village
	- iceandfire:spawn_dragon_skeleton_ice
[10Aug2026 03:03:03.556] [Server thread/DEBUG] [com.github.alexthe666.iceandfire.IceAndFire/]: Added the following features to the biome [minecraft:snowy_beach]: 
	- iceandfire:frost_lily
	- iceandfire:silver_ore
	- iceandfire:sapphire_ore
	- iceandfire:ice_dragon_roost
	- iceandfire:ice_dragon_cave
	- iceandfire:cyclops_cave
	- iceandfire:spawn_dragon_skeleton_ice
[10Aug2026 03:03:03.557] [Server thread/DEBUG] [com.github.alexthe666.iceandfire.IceAndFire/]: Added the following features to the biome [biomesoplenty:snowy_coniferous_forest]: 
	- iceandfire:frost_lily
	- iceandfire:silver_ore
	- iceandfire:sapphire_ore
	- iceandfire:ice_dragon_roost
	- iceandfire:ice_dragon_cave
	- iceandfire:spawn_dragon_skeleton_ice
[10Aug2026 03:03:03.558] [Server thread/DEBUG] [com.github.alexthe666.iceandfire.IceAndFire/]: Added the following features to the biome [biomesoplenty:snowy_fir_clearing]: 
	- iceandfire:frost_lily
	- iceandfire:silver_ore
	- iceandfire:sapphire_ore
	- iceandfire:ice_dragon_roost
	- iceandfire:ice_dragon_cave
	- iceandfire:spawn_dragon_skeleton_ice
[10Aug2026 03:03:03.559] [Server thread/DEBUG] [com.github.alexthe666.iceandfire.IceAndFire/]: Added the following features to the biome [biomesoplenty:snowy_maple_woods]: 
	- iceandfire:frost_lily
	- iceandfire:silver_ore
	- iceandfire:sapphire_ore
	- iceandfire:ice_dragon_roost
	- iceandfire:ice_dragon_cave
	- iceandfire:spawn_dragon_skeleton_ice
[10Aug2026 03:03:03.560] [Server thread/DEBUG] [com.github.alexthe666.iceandfire.IceAndFire/]: Added the following features to the biome [minecraft:snowy_plains]: 
	- iceandfire:frost_lily
	- iceandfire:silver_ore
	- iceandfire:sapphire_ore
	- iceandfire:ice_dragon_roost
	- iceandfire:ice_dragon_cave
	- iceandfire:spawn_wandering_cyclops
	- iceandfire:spawn_dragon_skeleton_ice
[10Aug2026 03:03:03.560] [Server thread/DEBUG] [com.github.alexthe666.iceandfire.IceAndFire/]: Added the following features to the biome [minecraft:snowy_slopes]: 
	- iceandfire:frost_lily
	- iceandfire:silver_ore
	- iceandfire:sapphire_ore
	- iceandfire:ice_dragon_roost
	- iceandfire:ice_dragon_cave
	- iceandfire:spawn_dragon_skeleton_ice
[10Aug2026 03:03:03.561] [Server thread/DEBUG] [com.github.alexthe666.iceandfire.IceAndFire/]: Added the following features to the biome [minecraft:snowy_taiga]: 
	- iceandfire:frost_lily
	- iceandfire:silver_ore
	- iceandfire:sapphire_ore
	- iceandfire:ice_dragon_roost
	- iceandfire:ice_dragon_cave
	- iceandfire:spawn_dragon_skeleton_ice
[10Aug2026 03:03:03.563] [Server thread/DEBUG] [com.github.alexthe666.iceandfire.IceAndFire/]: Added the following features to the biome [minecraft:sparse_jungle]: 
	- iceandfire:fire_lily
	- iceandfire:silver_ore
	- iceandfire:lightning_dragon_roost
	- iceandfire:lightning_dragon_cave
	- iceandfire:myrmex_hive_jungle
[10Aug2026 03:03:03.563] [Server thread/DEBUG] [com.github.alexthe666.iceandfire.IceAndFire/]: Added the following features to the biome [biomesoplenty:spider_nest]: 
	- iceandfire:silver_ore
[10Aug2026 03:03:03.564] [Server thread/DEBUG] [com.github.alexthe666.iceandfire.IceAndFire/]: Added the following features to the biome [minecraft:stony_peaks]: 
	- iceandfire:fire_lily
	- iceandfire:silver_ore
	- iceandfire:fire_dragon_roost
	- iceandfire:fire_dragon_cave
[10Aug2026 03:03:03.564] [Server thread/DEBUG] [com.github.alexthe666.iceandfire.IceAndFire/]: Added the following features to the biome [minecraft:stony_shore]: 
	- iceandfire:silver_ore
[10Aug2026 03:03:03.565] [Server thread/DEBUG] [com.github.alexthe666.iceandfire.IceAndFire/]: Added the following features to the biome [minecraft:sunflower_plains]: 
	- iceandfire:silver_ore
	- iceandfire:fire_dragon_roost
	- iceandfire:fire_dragon_cave
	- iceandfire:spawn_wandering_cyclops
[10Aug2026 03:03:03.566] [Server thread/DEBUG] [com.github.alexthe666.iceandfire.IceAndFire/]: Added the following features to the biome [minecraft:swamp]: 
	- iceandfire:silver_ore
	- iceandfire:hydra_cave
	- iceandfire:spawn_stymphalian_bird
[10Aug2026 03:03:03.566] [Server thread/DEBUG] [com.github.alexthe666.iceandfire.IceAndFire/]: Added the following features to the biome [minecraft:taiga]: 
	- iceandfire:silver_ore
	- iceandfire:ice_dragon_roost
	- iceandfire:ice_dragon_cave
[10Aug2026 03:03:03.569] [Server thread/DEBUG] [com.github.alexthe666.iceandfire.IceAndFire/]: Added the following features to the biome [biomesoplenty:tropics]: 
	- iceandfire:fire_lily
	- iceandfire:silver_ore
	- iceandfire:fire_dragon_roost
	- iceandfire:fire_dragon_cave
[10Aug2026 03:03:03.570] [Server thread/DEBUG] [com.github.alexthe666.iceandfire.IceAndFire/]: Added the following features to the biome [biomesoplenty:tundra]: 
	- iceandfire:silver_ore
	- iceandfire:ice_dragon_roost
	- iceandfire:ice_dragon_cave
	- iceandfire:spawn_wandering_cyclops
[10Aug2026 03:03:03.572] [Server thread/DEBUG] [com.github.alexthe666.iceandfire.IceAndFire/]: Added the following features to the biome [biomesoplenty:volcanic_plains]: 
	- iceandfire:fire_lily
	- iceandfire:silver_ore
	- iceandfire:fire_dragon_roost
	- iceandfire:fire_dragon_cave
[10Aug2026 03:03:03.573] [Server thread/DEBUG] [com.github.alexthe666.iceandfire.IceAndFire/]: Added the following features to the biome [biomesoplenty:volcano]: 
	- iceandfire:fire_lily
	- iceandfire:silver_ore
	- iceandfire:fire_dragon_roost
	- iceandfire:fire_dragon_cave
[10Aug2026 03:03:03.574] [Server thread/DEBUG] [com.github.alexthe666.iceandfire.IceAndFire/]: Added the following features to the biome [minecraft:warm_ocean]: 
	- iceandfire:fire_lily
	- iceandfire:silver_ore
	- iceandfire:fire_dragon_roost
	- iceandfire:fire_dragon_cave
	- iceandfire:siren_island
	- iceandfire:spawn_hippocampus
	- iceandfire:spawn_sea_serpent
[10Aug2026 03:03:03.576] [Server thread/DEBUG] [com.github.alexthe666.iceandfire.IceAndFire/]: Added the following features to the biome [biomesoplenty:wasteland]: 
	- iceandfire:fire_lily
	- iceandfire:silver_ore
	- iceandfire:fire_dragon_roost
	- iceandfire:fire_dragon_cave
[10Aug2026 03:03:03.577] [Server thread/DEBUG] [com.github.alexthe666.iceandfire.IceAndFire/]: Added the following features to the biome [biomesoplenty:wasteland_steppe]: 
	- iceandfire:fire_lily
	- iceandfire:silver_ore
	- iceandfire:fire_dragon_roost
	- iceandfire:fire_dragon_cave
[10Aug2026 03:03:03.578] [Server thread/DEBUG] [com.github.alexthe666.iceandfire.IceAndFire/]: Added the following features to the biome [biomesoplenty:wetland]: 
	- iceandfire:silver_ore
	- iceandfire:hydra_cave
	- iceandfire:spawn_stymphalian_bird
[10Aug2026 03:03:03.579] [Server thread/DEBUG] [com.github.alexthe666.iceandfire.IceAndFire/]: Added the following features to the biome [minecraft:windswept_forest]: 
	- iceandfire:silver_ore
[10Aug2026 03:03:03.580] [Server thread/DEBUG] [com.github.alexthe666.iceandfire.IceAndFire/]: Added the following features to the biome [minecraft:windswept_gravelly_hills]: 
	- iceandfire:silver_ore
[10Aug2026 03:03:03.581] [Server thread/DEBUG] [com.github.alexthe666.iceandfire.IceAndFire/]: Added the following features to the biome [minecraft:windswept_hills]: 
	- iceandfire:silver_ore
[10Aug2026 03:03:03.582] [Server thread/DEBUG] [com.github.alexthe666.iceandfire.IceAndFire/]: Added the following features to the biome [minecraft:windswept_savanna]: 
	- iceandfire:fire_lily
	- iceandfire:lightning_lily
	- iceandfire:silver_ore
	- iceandfire:lightning_dragon_roost
	- iceandfire:lightning_dragon_cave
	- iceandfire:spawn_dragon_skeleton_lightning
[10Aug2026 03:03:03.584] [Server thread/DEBUG] [com.github.alexthe666.iceandfire.IceAndFire/]: Added the following features to the biome [minecraft:wooded_badlands]: 
	- iceandfire:silver_ore
	- iceandfire:lightning_dragon_roost
	- iceandfire:lightning_dragon_cave
[10Aug2026 03:03:03.585] [Server thread/DEBUG] [com.github.alexthe666.iceandfire.IceAndFire/]: Added the following features to the biome [biomesoplenty:woodland]: 
	- iceandfire:silver_ore
[10Aug2026 03:03:03.603] [Server thread/DEBUG] [SpectreLib/]: Loaded com.illusivesoulworks.spectrelib.platform.ForgeConfigHelper@3d9c2479 for service interface com.illusivesoulworks.spectrelib.platform.services.IConfigHelper
[10Aug2026 03:03:03.604] [Server thread/DEBUG] [SpectreLib/CONFIG]: Loading server configs from ./world/serverconfig on server
[10Aug2026 03:03:03.606] [Server thread/INFO] [Framework/]: Loading server configs...
[10Aug2026 03:03:03.613] [Server thread/DEBUG] [Framework/]: Started watching config: /workspaces/papuproyecto/servidor_minecraft/config/refurbished_furniture.server.toml
[10Aug2026 03:03:03.631] [Server thread/INFO] [terrablender/]: Initialized TerraBlender biomes for level stem minecraft:the_nether
[10Aug2026 03:03:04.375] [Server thread/INFO] [terrablender/]: Initialized TerraBlender biomes for level stem minecraft:overworld
[10Aug2026 03:03:04.376] [Server thread/INFO] [net.minecraft.server.dedicated.DedicatedServer/]: Preparing level "world"
[10Aug2026 03:03:04.380] [Server thread/DEBUG] [mixin/]: Mixing perf.optimize_surface_rules.BiomeManagerAccessor from modernfix-modernfix.mixins.json into net.minecraft.world.level.biome.BiomeManager
[10Aug2026 03:03:04.390] [Server thread/DEBUG] [mixin/]: Mixing feature.branding.BrandingControlMixin from modernfix-modernfix.mixins.json into net.minecraftforge.internal.BrandingControl
[10Aug2026 03:03:04.396] [Server thread/DEBUG] [net.minecraftforge.coremod.transformer.CoreModBaseTransformer/COREMOD]: Transforming net/minecraft/world/level/levelgen/PhantomSpawner
[10Aug2026 03:03:04.405] [Server thread/DEBUG] [net.minecraftforge.coremod.transformer.CoreModBaseTransformer/COREMOD]: Transforming net/minecraft/world/level/levelgen/PatrolSpawner
[10Aug2026 03:03:04.410] [Server thread/DEBUG] [net.minecraftforge.coremod.transformer.CoreModBaseTransformer/COREMOD]: Transforming net/minecraft/world/entity/npc/CatSpawner
[10Aug2026 03:03:04.414] [Server thread/DEBUG] [net.minecraftforge.coremod.transformer.CoreModBaseTransformer/COREMOD]: Transforming net/minecraft/world/entity/ai/village/VillageSiege
[10Aug2026 03:03:04.421] [Server thread/DEBUG] [mixin/]: Mixing RedMerchantSpawnerMixin from supplementaries-common.mixins.json into net.minecraft.world.entity.npc.WanderingTraderSpawner
[10Aug2026 03:03:04.421] [Server thread/DEBUG] [mixin/]: Renaming synthetic method lambda$spawn$1(Lnet/minecraft/core/BlockPos;)Z to mdff13ee$lambda$spawn$1$0 in supplementaries-common.mixins.json:RedMerchantSpawnerMixin
[10Aug2026 03:03:04.421] [Server thread/DEBUG] [mixin/]: Renaming synthetic method lambda$spawn$0(Lnet/minecraft/core/Holder;)Z to mdff13ee$lambda$spawn$0$1 in supplementaries-common.mixins.json:RedMerchantSpawnerMixin
[10Aug2026 03:03:04.434] [Server thread/DEBUG] [mixin/]: Mixing ChunkLoadDebug from cupboard.mixins.json into net.minecraft.server.level.ServerChunkCache
[10Aug2026 03:03:04.434] [Server thread/DEBUG] [mixin/]: Mixing bugfix.chunk_deadlock.ServerChunkCache_CurrentLoadingMixin from modernfix-modernfix.mixins.json into net.minecraft.server.level.ServerChunkCache
[10Aug2026 03:03:04.499] [Server thread/DEBUG] [mixin/]: Mixing perf.ticking_chunk_alloc.ChunkHolderMixin from modernfix-modernfix.mixins.json into net.minecraft.server.level.ChunkHolder
[10Aug2026 03:03:04.500] [Server thread/DEBUG] [mixin/]: Mixing perf.release_protochunks.ChunkHolderMixin from modernfix-modernfix.mixins.json into net.minecraft.server.level.ChunkHolder
[10Aug2026 03:03:04.501] [Server thread/DEBUG] [mixin/]: Renaming synthetic method lambda$mfix$markAsNeedingProtoChunkDrop$0(Lorg/embeddedt/modernfix/duck/release_protochunks/ISuspendedHolderTrackingChunkMap;Lnet/minecraft/world/level/chunk/ChunkAccess;Ljava/lang/Throwable;)V to mdff13ee$lambda$mfix$markAsNeedingProtoChunkDrop$0$0 in modernfix-modernfix.mixins.json:perf.release_protochunks.ChunkHolderMixin
[10Aug2026 03:03:04.514] [Server thread/DEBUG] [mixin/]: Mixing bugfix.chunk_deadlock.ChunkMapLoadMixin from modernfix-modernfix.mixins.json into net.minecraft.server.level.ChunkMap
[10Aug2026 03:03:04.515] [Server thread/DEBUG] [mixin/]: Renaming synthetic method lambda$createSurrogateFuture$1(Ljava/util/concurrent/CompletableFuture;Lcom/mojang/datafixers/util/Either;Ljava/lang/Throwable;)V to mdff13ee$lambda$createSurrogateFuture$1$0 in modernfix-modernfix.mixins.json:bugfix.chunk_deadlock.ChunkMapLoadMixin
[10Aug2026 03:03:04.515] [Server thread/DEBUG] [mixin/]: Renaming synthetic method lambda$createSurrogateFuture$0(Ljava/util/concurrent/CompletableFuture;Ljava/util/function/Function;Lcom/mojang/datafixers/util/Either;)Lcom/mojang/datafixers/util/Either; to mdff13ee$lambda$createSurrogateFuture$0$1 in modernfix-modernfix.mixins.json:bugfix.chunk_deadlock.ChunkMapLoadMixin
[10Aug2026 03:03:04.517] [Server thread/DEBUG] [mixin/]: Mixing bugfix.paper_chunk_patches.ChunkMapMixin from modernfix-modernfix.mixins.json into net.minecraft.server.level.ChunkMap
[10Aug2026 03:03:04.517] [Server thread/DEBUG] [mixin/]: Renaming synthetic method lambda$mfix$avoidSchedulingGenerationPrematurely$0(Lnet/minecraft/server/level/ChunkMap;Lnet/minecraft/server/level/ChunkHolder;Lnet/minecraft/world/level/chunk/ChunkStatus;Lcom/mojang/datafixers/util/Either;)Ljava/util/concurrent/CompletionStage; to mdff13ee$lambda$mfix$avoidSchedulingGenerationPrematurely$0$2 in modernfix-modernfix.mixins.json:bugfix.paper_chunk_patches.ChunkMapMixin
[10Aug2026 03:03:04.518] [Server thread/DEBUG] [mixin/]: Mixing perf.release_protochunks.ChunkMapMixin from modernfix-modernfix.mixins.json into net.minecraft.server.level.ChunkMap
[10Aug2026 03:03:04.518] [Server thread/DEBUG] [mixin/]: Renaming synthetic method lambda$decrementGenRefCountsOnComplete$0(ILnet/minecraft/world/level/ChunkPos;Lcom/mojang/datafixers/util/Either;Ljava/lang/Throwable;)V to mdff13ee$lambda$decrementGenRefCountsOnComplete$0$3 in modernfix-modernfix.mixins.json:perf.release_protochunks.ChunkMapMixin
[10Aug2026 03:03:04.525] [Server thread/DEBUG] [mixin/]: Mixing camera.ChunkMapMixin from securitycraft.mixins.json into net.minecraft.server.level.ChunkMap
[10Aug2026 03:03:04.573] [Server thread/DEBUG] [mixin/]: Mixing perf.optimize_surface_rules.SurfaceSystemMixin from modernfix-modernfix.mixins.json into net.minecraft.world.level.levelgen.SurfaceSystem
[10Aug2026 03:03:04.713] [Server thread/DEBUG] [mixin/]: Mixing perf.cache_strongholds.ChunkGeneratorMixin from modernfix-modernfix.mixins.json into net.minecraft.world.level.chunk.ChunkGeneratorStructureState
[10Aug2026 03:03:04.714] [Server thread/DEBUG] [mixin/]: Renaming synthetic method lambda$modernfix$cacheRingPositions$0(Lnet/minecraft/server/MinecraftServer;Ljava/lang/String;Ljava/util/List;)Ljava/util/List; to mdff13ee$lambda$modernfix$cacheRingPositions$0$0 in modernfix-modernfix.mixins.json:perf.cache_strongholds.ChunkGeneratorMixin
[10Aug2026 03:03:04.791] [Server thread/DEBUG] [ModernFix/]: Using cached stronghold positions for 9b7eaf794ef47cdb9a0d1f9dff6321ce0300022e32ca7a2251a1f49e3226669a
[10Aug2026 03:03:04.792] [Server thread/DEBUG] [mixin/]: Mixing portal.PortalForcerMixin from securitycraft.mixins.json into net.minecraft.world.level.portal.PortalForcer
[10Aug2026 03:03:04.798] [Server thread/DEBUG] [mixin/]: Mixing perf.faster_structure_location.StructureCheckMixin from modernfix-modernfix.mixins.json into net.minecraft.world.level.levelgen.structure.StructureCheck
[10Aug2026 03:03:04.804] [Server thread/DEBUG] [mixin/]: Mixing accessor.StructureManagerAccessor from cataclysm.mixins.json into net.minecraft.world.level.StructureManager
[10Aug2026 03:03:04.830] [Server thread/DEBUG] [ModernFix/]: Generating capability dispatcher #1 for types: [com.teamabnormals.blueprint.common.capability.chunkloading.ChunkLoaderCapability$Provider -> indeterminate (bytecode analysis disabled)]
[10Aug2026 03:03:04.877] [Server thread/DEBUG] [ModernFix/]: Generating capability dispatcher #2 for types: [com.github.alexthe666.iceandfire.entity.props.EntityDataProvider -> indeterminate (bytecode analysis disabled), com.github.L_Ender.cataclysm.capabilities.HookCapability$HookCapabilityImp$HookProvider -> indeterminate (bytecode analysis disabled), com.github.L_Ender.cataclysm.capabilities.ChargeCapability$ChargeCapabilityImp$ChargeProvider -> indeterminate (bytecode analysis disabled), com.github.L_Ender.cataclysm.capabilities.RenderRushCapability$RenderRushCapabilityImp$RenderRushProvider -> indeterminate (bytecode analysis disabled), com.github.L_Ender.cataclysm.capabilities.TidalTentacleCapability$TentacleCapabilityImp$TentacleProvider -> indeterminate (bytecode analysis disabled), com.github.L_Ender.cataclysm.capabilities.ParryCapability$ParryCapabilityImp$ParryProvider -> indeterminate (bytecode analysis disabled), top.theillusivec4.curios.common.capability.CurioInventoryCapability$Provider -> indeterminate (bytecode analysis disabled)]
[10Aug2026 03:03:05.100] [Server thread/DEBUG] [mixin/]: Mixing chassis.common.MixinProjectileUtil from ntgl.mixin.json into net.minecraft.world.entity.projectile.ProjectileUtil
[10Aug2026 03:03:05.100] [Server thread/DEBUG] [mixin/]: ntgl.mixin.json:chassis.common.MixinProjectileUtil: Class version 61 required is higher than the class version supported by the current version of Mixin (JAVA_8 supports class version 52)
[10Aug2026 03:03:05.100] [Server thread/DEBUG] [mixin/]: Renaming synthetic method lambda$getEntityHitResult$0(Lnet/minecraft/world/entity/Entity;Ljava/util/function/Predicate;Lnet/minecraft/world/entity/Entity;)Z to mdff13ee$lambda$getEntityHitResult$0$0 in ntgl.mixin.json:chassis.common.MixinProjectileUtil
[10Aug2026 03:03:05.106] [Server thread/DEBUG] [mixin/]: Mixing ModifyPiglinAi from bygonenether.mixins.json into net.minecraft.world.entity.monster.piglin.PiglinAi
[10Aug2026 03:03:05.106] [Server thread/DEBUG] [mixin/]: Renaming synthetic method lambda$bygonenether_angerNearbyPiglins$1(Lnet/minecraft/world/entity/player/Player;Lnet/minecraft/world/entity/monster/piglin/PiglinBrute;)V to mdff13ee$lambda$bygonenether_angerNearbyPiglins$1$0 in bygonenether.mixins.json:ModifyPiglinAi
[10Aug2026 03:03:05.106] [Server thread/DEBUG] [mixin/]: Renaming synthetic method lambda$bygonenether_angerNearbyPiglins$0(ZLnet/minecraft/world/entity/player/Player;Lnet/minecraft/world/entity/monster/piglin/PiglinBrute;)Z to mdff13ee$lambda$bygonenether_angerNearbyPiglins$0$1 in bygonenether.mixins.json:ModifyPiglinAi
[10Aug2026 03:03:05.110] [Server thread/DEBUG] [mixin/]: Mixing MixinPiglinAi from curios.mixins.json into net.minecraft.world.entity.monster.piglin.PiglinAi
[10Aug2026 03:03:05.349] [Server thread/DEBUG] [mixin/]: Mixing ntgl.common.SittingPhaseMixin from ntgl.mixin.json into net.minecraft.world.entity.boss.enderdragon.phases.AbstractDragonSittingPhase
[10Aug2026 03:03:05.350] [Server thread/DEBUG] [mixin/]: ntgl.mixin.json:ntgl.common.SittingPhaseMixin: Class version 61 required is higher than the class version supported by the current version of Mixin (JAVA_8 supports class version 52)
[10Aug2026 03:03:05.360] [Server thread/DEBUG] [ModernFix/]: Generating capability dispatcher #3 for types: [com.github.alexthe666.iceandfire.entity.props.EntityDataProvider -> indeterminate (bytecode analysis disabled), ovh.corail.tombstone.capability.FriendlyAnimalProvider -> indeterminate (bytecode analysis disabled), com.github.L_Ender.cataclysm.capabilities.HookCapability$HookCapabilityImp$HookProvider -> indeterminate (bytecode analysis disabled), com.github.L_Ender.cataclysm.capabilities.ChargeCapability$ChargeCapabilityImp$ChargeProvider -> indeterminate (bytecode analysis disabled), com.github.L_Ender.cataclysm.capabilities.RenderRushCapability$RenderRushCapabilityImp$RenderRushProvider -> indeterminate (bytecode analysis disabled), com.github.L_Ender.cataclysm.capabilities.TidalTentacleCapability$TentacleCapabilityImp$TentacleProvider -> indeterminate (bytecode analysis disabled), com.github.L_Ender.cataclysm.capabilities.ParryCapability$ParryCapabilityImp$ParryProvider -> indeterminate (bytecode analysis disabled), top.theillusivec4.curios.common.capability.CurioInventoryCapability$Provider -> indeterminate (bytecode analysis disabled)]
[10Aug2026 03:03:05.390] [Server thread/DEBUG] [ModernFix/]: Generating capability dispatcher #4 for types: [com.github.alexthe666.iceandfire.entity.props.EntityDataProvider -> indeterminate (bytecode analysis disabled), ovh.corail.tombstone.capability.ProtectedEntityProvider -> indeterminate (bytecode analysis disabled), com.github.L_Ender.cataclysm.capabilities.HookCapability$HookCapabilityImp$HookProvider -> indeterminate (bytecode analysis disabled), com.github.L_Ender.cataclysm.capabilities.ChargeCapability$ChargeCapabilityImp$ChargeProvider -> indeterminate (bytecode analysis disabled), com.github.L_Ender.cataclysm.capabilities.RenderRushCapability$RenderRushCapabilityImp$RenderRushProvider -> indeterminate (bytecode analysis disabled), com.github.L_Ender.cataclysm.capabilities.TidalTentacleCapability$TentacleCapabilityImp$TentacleProvider -> indeterminate (bytecode analysis disabled), com.github.L_Ender.cataclysm.capabilities.ParryCapability$ParryCapabilityImp$ParryProvider -> indeterminate (bytecode analysis disabled), top.theillusivec4.curios.common.capability.CurioInventoryCapability$Provider -> indeterminate (bytecode analysis disabled)]
[10Aug2026 03:03:05.399] [Server thread/DEBUG] [mixin/]: Mixing ModifyPiglinBruteAi from bygonenether.mixins.json into net.minecraft.world.entity.monster.piglin.PiglinBruteAi
[10Aug2026 03:03:05.494] [Server thread/DEBUG] [mixin/]: Mixing PacketDistributorHackMixin from moonlight.mixins.json into net.minecraftforge.network.PacketDistributor
[10Aug2026 03:03:05.509] [Server thread/DEBUG] [io.netty.buffer.AbstractByteBuf/]: -Dio.netty.buffer.checkAccessible: true
[10Aug2026 03:03:05.509] [Server thread/DEBUG] [io.netty.buffer.AbstractByteBuf/]: -Dio.netty.buffer.checkBounds: true
[10Aug2026 03:03:05.510] [Server thread/DEBUG] [io.netty.util.ResourceLeakDetectorFactory/]: Loaded default ResourceLeakDetector: io.netty.util.ResourceLeakDetector@7f167bf2
[10Aug2026 03:03:05.521] [Server thread/DEBUG] [ModernFix/]: Generating capability dispatcher #5 for types: [com.mrcrayfish.framework.entity.sync.ForgeSyncedEntityDataHandler$Provider -> indeterminate (bytecode analysis disabled)]
[10Aug2026 03:03:05.530] [Server thread/DEBUG] [ModernFix/]: Generating capability dispatcher #6 for types: [net.blay09.mods.balm.forge.capability.ForgeBalmCapabilities$BlockEntityCapabilityProvider -> indeterminate (bytecode analysis disabled), net.blay09.mods.balm.forge.capability.ForgeBalmCapabilities$BlockEntityCapabilityProvider -> indeterminate (bytecode analysis disabled), net.blay09.mods.balm.forge.capability.ForgeBalmCapabilities$BlockEntityCapabilityProvider -> indeterminate (bytecode analysis disabled)]
[10Aug2026 03:03:05.535] [Server thread/DEBUG] [ModernFix/]: Generating capability dispatcher #7 for types: [com.github.alexthe666.iceandfire.entity.props.EntityDataProvider -> indeterminate (bytecode analysis disabled), ovh.corail.tombstone.capability.ProtectedEntityProvider -> indeterminate (bytecode analysis disabled), ovh.corail.tombstone.capability.SpellCasterProvider -> indeterminate (bytecode analysis disabled), com.github.L_Ender.cataclysm.capabilities.HookCapability$HookCapabilityImp$HookProvider -> indeterminate (bytecode analysis disabled), com.github.L_Ender.cataclysm.capabilities.ChargeCapability$ChargeCapabilityImp$ChargeProvider -> indeterminate (bytecode analysis disabled), com.github.L_Ender.cataclysm.capabilities.RenderRushCapability$RenderRushCapabilityImp$RenderRushProvider -> indeterminate (bytecode analysis disabled), com.github.L_Ender.cataclysm.capabilities.TidalTentacleCapability$TentacleCapabilityImp$TentacleProvider -> indeterminate (bytecode analysis disabled), com.github.L_Ender.cataclysm.capabilities.ParryCapability$ParryCapabilityImp$ParryProvider -> indeterminate (bytecode analysis disabled), top.theillusivec4.curios.common.capability.CurioInventoryCapability$Provider -> indeterminate (bytecode analysis disabled)]
[10Aug2026 03:03:05.565] [Server thread/WARN] [com.structureessentials.StructureEssentials/]: Non-unique structure_set salt:0 potentially creating overlapping structures detected. Structure sets: [minecraft:mineshafts, minecraft:strongholds, minecraft:buried_treasures]
[10Aug2026 03:03:05.565] [Server thread/WARN] [com.structureessentials.StructureEssentials/]: Non-unique structure_set salt:10387313 potentially creating overlapping structures detected. Structure sets: [minecraft:ocean_monuments, minecraft:end_cities]
[10Aug2026 03:03:05.566] [Server thread/WARN] [com.structureessentials.StructureEssentials/]: Non-unique structure_set salt:10387312 potentially creating overlapping structures detected. Structure sets: [minecraft:villages, nova_structures:villages_jungle, nova_structures:villages_swamp]
[10Aug2026 03:03:05.566] [Server thread/WARN] [com.structureessentials.StructureEssentials/]: Non-unique structure_set salt:4533232 potentially creating overlapping structures detected. Structure sets: [nova_structures:illager_camp, nova_structures:nether_camps]
[10Aug2026 03:03:05.567] [Server thread/WARN] [com.structureessentials.StructureEssentials/]: Non-unique structure_set salt:2 potentially creating overlapping structures detected. Structure sets: [alexscaves:ocean_trench, alexscaves:acid_pit]
[10Aug2026 03:03:05.567] [Server thread/WARN] [com.structureessentials.StructureEssentials/]: Non-unique structure_set salt:239021 potentially creating overlapping structures detected. Structure sets: [nova_structures:desert_ruins, nova_structures:jungle_ruins]
[10Aug2026 03:03:05.568] [Server thread/WARN] [com.structureessentials.StructureEssentials/]: Non-unique structure_set salt:3 potentially creating overlapping structures detected. Structure sets: [alexscaves:cake_cave, alexscaves:ferrocave]
[10Aug2026 03:03:05.568] [Server thread/WARN] [com.structureessentials.StructureEssentials/]: Non-unique structure_set salt:783 potentially creating overlapping structures detected. Structure sets: [nova_structures:taverns, nova_structures:badlands_miner_outpost]
[10Aug2026 03:03:05.569] [Server thread/INFO] [net.minecraft.server.MinecraftServer/]: Preparing start region for dimension minecraft:overworld
[10Aug2026 03:03:05.571] [Server thread/DEBUG] [mixin/]: Mixing bugfix.paper_chunk_patches.SortedArraySetMixin from modernfix-modernfix.mixins.json into net.minecraft.util.SortedArraySet
[10Aug2026 03:03:05.768] [Server thread/DEBUG] [mixin/]: Mixing MixinChunkSerializer from architectury.mixins.json into net.minecraft.world.level.chunk.storage.ChunkSerializer
[10Aug2026 03:03:05.778] [Server thread/DEBUG] [mixin/]: Mixing perf.compact_imposterprotochunks.ImposterProtoChunkMixin from modernfix-modernfix.mixins.json into net.minecraft.world.level.chunk.ImposterProtoChunk
[10Aug2026 03:03:05.779] [Server thread/DEBUG] [mixin/]: Mixing perf.release_protochunks.ImposterProtoChunkMixin from modernfix-modernfix.mixins.json into net.minecraft.world.level.chunk.ImposterProtoChunk
[10Aug2026 03:03:05.789] [Server thread/DEBUG] [mixin/]: Mixing core.PalettedContainerMixin from modernfix-modernfix.mixins.json into net.minecraft.world.level.chunk.PalettedContainer
[10Aug2026 03:03:05.789] [Server thread/DEBUG] [mixin/]: Mixing perf.compact_bit_storage.PalettedContainerMixin from modernfix-modernfix.mixins.json into net.minecraft.world.level.chunk.PalettedContainer
[10Aug2026 03:03:05.809] [Server thread/DEBUG] [mixin/]: Mixing ThreadingDetectorMixin from cupboard.mixins.json into net.minecraft.util.ThreadingDetector
[10Aug2026 03:03:06.626] [Server thread/DEBUG] [mixin/]: Mixing StructureStartTimingMixin from structureessentials.mixins.json into net.minecraft.world.level.levelgen.structure.StructureStart
[10Aug2026 03:03:06.627] [Server thread/DEBUG] [mixin/]: Mixing StructureStartMixin from blueprint.mixins.json into net.minecraft.world.level.levelgen.structure.StructureStart
[10Aug2026 03:03:06.627] [Server thread/DEBUG] [mixin/]: Renaming synthetic method lambda$new$0(Lnet/minecraft/world/level/WorldGenLevel;)[Lcom/teamabnormals/blueprint/common/world/modification/structure/StructureRepaletterEntry; to mdff13ee$lambda$new$0$0 in blueprint.mixins.json:StructureStartMixin
[10Aug2026 03:03:06.635] [Server thread/DEBUG] [mixin/]: Mixing accessor.BoundingBoxAccessor from cataclysm.mixins.json into net.minecraft.world.level.levelgen.structure.BoundingBox
[10Aug2026 03:03:06.638] [Server thread/DEBUG] [mixin/]: Mixing MineshaftPiecesMixin from supplementaries-common.mixins.json into net.minecraft.world.level.levelgen.structure.structures.MineshaftPieces
[10Aug2026 03:03:06.666] [Server thread/DEBUG] [net.minecraftforge.coremod.transformer.CoreModBaseTransformer/COREMOD]: Transforming net/minecraft/world/level/levelgen/structure/templatesystem/StructureTemplate
[10Aug2026 03:03:06.691] [Server thread/DEBUG] [mixin/]: Mixing StructureTemplateMixin from blueprint.mixins.json into net.minecraft.world.level.levelgen.structure.templatesystem.StructureTemplate
[10Aug2026 03:03:06.692] [Server thread/DEBUG] [mixin/]: Mixing StructureTemplateMixin from cataclysm.mixins.json into net.minecraft.world.level.levelgen.structure.templatesystem.StructureTemplate
[10Aug2026 03:03:06.692] [Server thread/DEBUG] [mixin/]: Renaming synthetic method lambda$repurposedstructures_preventAutoWaterlogging$0(Lnet/minecraft/world/level/levelgen/structure/templatesystem/StructureProcessor;)Z to mdff13ee$lambda$repurposedstructures_preventAutoWaterlogging$0$0 in cataclysm.mixins.json:StructureTemplateMixin
[10Aug2026 03:03:06.702] [Server thread/DEBUG] [mixin/]: Mixing BlockInfoMixin from structureessentials.mixins.json into net.minecraft.world.level.levelgen.structure.templatesystem.StructureTemplate$StructureBlockInfo
[10Aug2026 03:03:06.711] [Server thread/DEBUG] [mixin/]: Mixing perf.cache_blockstate_cache_arrays.AbstractBlockStateCacheMixin from modernfix-modernfix.mixins.json into net.minecraft.world.level.block.state.BlockBehaviour$BlockStateBase$Cache
[10Aug2026 03:03:06.712] [Server thread/DEBUG] [mixin/]: Mixing BlockStateCacheMixin from ferritecore.blockstatecache.mixin.json into net.minecraft.world.level.block.state.BlockBehaviour$BlockStateBase$Cache
[10Aug2026 03:03:06.735] [Server thread/DEBUG] [mixin/]: Mixing SubShapeAccess from ferritecore.blockstatecache.mixin.json into net.minecraft.world.phys.shapes.SubShape
[10Aug2026 03:03:06.874] [Server thread/DEBUG] [ModernFix/]: Using cached upgraded version of alexscaves:underground_cabin_0
[10Aug2026 03:03:07.017] [Server thread/DEBUG] [ModernFix/]: Using cached upgraded version of iceandfire:gorgon_temple/building
[10Aug2026 03:03:07.043] [Server thread/DEBUG] [ModernFix/]: Using cached upgraded version of iceandfire:gorgon_temple/basement
[10Aug2026 03:03:07.056] [Server thread/DEBUG] [ModernFix/]: Using cached upgraded version of iceandfire:gorgon_temple/gorgon
[10Aug2026 03:03:07.212] [Server thread/DEBUG] [ModernFix/]: Using cached upgraded version of nova_structures:wild_ruin/wild_ruin_8b
[10Aug2026 03:03:07.448] [Server thread/INFO] [net.minecraft.server.level.progress.LoggerChunkProgressListener/]: Preparing spawn area: 0%
[10Aug2026 03:03:07.449] [Server thread/INFO] [net.minecraft.server.level.progress.LoggerChunkProgressListener/]: Preparing spawn area: 0%
[10Aug2026 03:03:07.449] [Server thread/INFO] [net.minecraft.server.level.progress.LoggerChunkProgressListener/]: Preparing spawn area: 0%
[10Aug2026 03:03:07.449] [Server thread/INFO] [net.minecraft.server.level.progress.LoggerChunkProgressListener/]: Preparing spawn area: 0%
[10Aug2026 03:03:07.472] [Worker-Main-1/DEBUG] [mixin/]: Mixing perf.worldgen_allocation.NoiseChunkMixin from modernfix-modernfix.mixins.json into net.minecraft.world.level.levelgen.NoiseChunk
[10Aug2026 03:03:07.571] [Server thread/INFO] [net.minecraft.server.level.progress.LoggerChunkProgressListener/]: Preparing spawn area: 0%
[10Aug2026 03:03:07.579] [Worker-Main-1/DEBUG] [mixin/]: Mixing perf.worldgen_allocation.MaterialRuleListMixin from modernfix-modernfix.mixins.json into net.minecraft.world.level.levelgen.material.MaterialRuleList
[10Aug2026 03:03:08.110] [Worker-Main-1/INFO] [net.minecraft.server.level.progress.LoggerChunkProgressListener/]: Preparing spawn area: 95%
[10Aug2026 03:03:08.233] [Server thread/DEBUG] [ModernFix/]: Generating capability dispatcher #8 for types: [net.blay09.mods.balm.forge.capability.ForgeBalmCapabilities$BlockEntityCapabilityProvider -> indeterminate (bytecode analysis disabled), net.blay09.mods.balm.forge.capability.ForgeBalmCapabilities$BlockEntityCapabilityProvider -> indeterminate (bytecode analysis disabled), net.blay09.mods.balm.forge.capability.ForgeBalmCapabilities$BlockEntityCapabilityProvider -> indeterminate (bytecode analysis disabled), com.illusivesoulworks.polymorph.common.CommonEventsListener$BlockEntityRecipeDataProvider -> indeterminate (bytecode analysis disabled)]
[10Aug2026 03:03:08.598] [Server thread/INFO] [net.minecraft.server.level.progress.LoggerChunkProgressListener/]: Preparing spawn area: 95%
[10Aug2026 03:03:09.509] [Server thread/INFO] [net.minecraft.server.level.progress.LoggerChunkProgressListener/]: Preparing spawn area: 95%
[10Aug2026 03:03:09.586] [Server thread/INFO] [net.minecraft.server.level.progress.LoggerChunkProgressListener/]: Preparing spawn area: 95%
[10Aug2026 03:03:09.742] [Worker-Main-3/DEBUG] [mixin/]: Mixing gen.WorldGenRegionMixin from iceandfire.mixins.json into net.minecraft.server.level.WorldGenRegion
[10Aug2026 03:03:09.742] [Worker-Main-3/DEBUG] [mixin/]: Mixing WorldGenRegionAccessor from bygonenether.mixins.json into net.minecraft.server.level.WorldGenRegion
[10Aug2026 03:03:09.742] [Worker-Main-3/DEBUG] [mixin/]: Mixing accessor.WorldGenRegionAccessor from cataclysm.mixins.json into net.minecraft.server.level.WorldGenRegion
[10Aug2026 03:03:09.804] [Server thread/DEBUG] [ModernFix/]: Generating capability dispatcher #9 for types: [com.github.alexthe666.iceandfire.entity.props.EntityDataProvider -> indeterminate (bytecode analysis disabled), ovh.corail.tombstone.capability.ServantEntityProvider -> indeterminate (bytecode analysis disabled), ovh.corail.tombstone.capability.SpellCasterProvider -> indeterminate (bytecode analysis disabled), ovh.corail.tombstone.capability.EnhancedFamiliarProvider -> indeterminate (bytecode analysis disabled), com.github.L_Ender.cataclysm.capabilities.HookCapability$HookCapabilityImp$HookProvider -> indeterminate (bytecode analysis disabled), com.github.L_Ender.cataclysm.capabilities.ChargeCapability$ChargeCapabilityImp$ChargeProvider -> indeterminate (bytecode analysis disabled), com.github.L_Ender.cataclysm.capabilities.RenderRushCapability$RenderRushCapabilityImp$RenderRushProvider -> indeterminate (bytecode analysis disabled), com.github.L_Ender.cataclysm.capabilities.TidalTentacleCapability$TentacleCapabilityImp$TentacleProvider -> indeterminate (bytecode analysis disabled), com.github.L_Ender.cataclysm.capabilities.ParryCapability$ParryCapabilityImp$ParryProvider -> indeterminate (bytecode analysis disabled), top.theillusivec4.curios.common.capability.CurioInventoryCapability$Provider -> indeterminate (bytecode analysis disabled)]
[10Aug2026 03:03:09.930] [Server thread/DEBUG] [ModernFix/]: Generating capability dispatcher #10 for types: [com.github.alexthe666.iceandfire.entity.props.EntityDataProvider -> indeterminate (bytecode analysis disabled), ovh.corail.tombstone.capability.EnhancedFamiliarProvider -> indeterminate (bytecode analysis disabled), com.github.L_Ender.cataclysm.capabilities.HookCapability$HookCapabilityImp$HookProvider -> indeterminate (bytecode analysis disabled), com.github.L_Ender.cataclysm.capabilities.ChargeCapability$ChargeCapabilityImp$ChargeProvider -> indeterminate (bytecode analysis disabled), com.github.L_Ender.cataclysm.capabilities.RenderRushCapability$RenderRushCapabilityImp$RenderRushProvider -> indeterminate (bytecode analysis disabled), com.github.L_Ender.cataclysm.capabilities.TidalTentacleCapability$TentacleCapabilityImp$TentacleProvider -> indeterminate (bytecode analysis disabled), com.github.L_Ender.cataclysm.capabilities.ParryCapability$ParryCapabilityImp$ParryProvider -> indeterminate (bytecode analysis disabled), top.theillusivec4.curios.common.capability.CurioInventoryCapability$Provider -> indeterminate (bytecode analysis disabled)]
[10Aug2026 03:03:11.250] [Worker-Main-1/INFO] [net.minecraft.server.level.progress.LoggerChunkProgressListener/]: Preparing spawn area: 95%
[10Aug2026 03:03:11.250] [Worker-Main-3/DEBUG] [mixin/]: Mixing accessor.BeardifierAccessor from cataclysm.mixins.json into net.minecraft.world.level.levelgen.Beardifier
[10Aug2026 03:03:11.251] [Worker-Main-1/INFO] [net.minecraft.server.level.progress.LoggerChunkProgressListener/]: Preparing spawn area: 95%
[10Aug2026 03:03:11.252] [Worker-Main-1/INFO] [net.minecraft.server.level.progress.LoggerChunkProgressListener/]: Preparing spawn area: 95%
[10Aug2026 03:03:11.602] [Server thread/INFO] [net.minecraft.server.level.progress.LoggerChunkProgressListener/]: Preparing spawn area: 95%
[10Aug2026 03:03:12.159] [Worker-Main-1/INFO] [net.minecraft.server.level.progress.LoggerChunkProgressListener/]: Preparing spawn area: 95%
[10Aug2026 03:03:12.627] [Worker-Main-2/INFO] [net.minecraft.server.level.progress.LoggerChunkProgressListener/]: Preparing spawn area: 95%
[10Aug2026 03:03:12.785] [Worker-Main-1/DEBUG] [mixin/]: Mixing perf.worldgen_allocation.SurfaceRulesContextMixin from modernfix-modernfix.mixins.json into net.minecraft.world.level.levelgen.SurfaceRules$Context
[10Aug2026 03:03:12.786] [Worker-Main-1/DEBUG] [mixin/]: Mixing perf.optimize_surface_rules.SurfaceRulesContextMixin from modernfix-modernfix.mixins.json into net.minecraft.world.level.levelgen.SurfaceRules$Context
[10Aug2026 03:03:12.799] [Worker-Main-1/DEBUG] [mixin/]: Mixing perf.worldgen_allocation.SurfaceRulesMixin from modernfix-modernfix.mixins.json into net.minecraft.world.level.levelgen.SurfaceRules$VerticalGradientConditionSource$1VerticalGradientCondition
[10Aug2026 03:03:12.800] [Worker-Main-1/DEBUG] [mixin/]: Mixing perf.worldgen_allocation.SurfaceRulesMixin from modernfix-modernfix.mixins.json into net.minecraft.world.level.levelgen.SurfaceRules$StoneDepthCheck$1StoneDepthCondition
[10Aug2026 03:03:12.801] [Worker-Main-1/DEBUG] [mixin/]: Mixing perf.worldgen_allocation.SurfaceRulesMixin from modernfix-modernfix.mixins.json into net.minecraft.world.level.levelgen.SurfaceRules$YConditionSource$1YCondition
[10Aug2026 03:03:12.803] [Worker-Main-1/DEBUG] [mixin/]: Mixing perf.worldgen_allocation.SurfaceRulesMixin from modernfix-modernfix.mixins.json into net.minecraft.world.level.levelgen.SurfaceRules$WaterConditionSource$1WaterCondition
[10Aug2026 03:03:12.803] [Worker-Main-1/DEBUG] [mixin/]: Mixing perf.worldgen_allocation.SequenceRuleMixin from modernfix-modernfix.mixins.json into net.minecraft.world.level.levelgen.SurfaceRules$SequenceRule
[10Aug2026 03:03:12.807] [Worker-Main-1/DEBUG] [mixin/]: Mixing perf.worldgen_allocation.SurfaceRulesMixin from modernfix-modernfix.mixins.json into net.minecraft.world.level.levelgen.SurfaceRules$BiomeConditionSource$1BiomeCondition
[10Aug2026 03:03:13.078] [Worker-Main-3/INFO] [net.minecraft.server.level.progress.LoggerChunkProgressListener/]: Preparing spawn area: 95%
[10Aug2026 03:03:13.616] [Worker-Main-1/INFO] [net.minecraft.server.level.progress.LoggerChunkProgressListener/]: Preparing spawn area: 95%
[10Aug2026 03:03:13.676] [Server thread/ERROR] [net.minecraft.Util/]: POI data mismatch: already registered at BlockPos{x=-133, y=-32, z=77}
[10Aug2026 03:03:13.676] [Server thread/ERROR] [net.minecraft.Util/]: POI data mismatch: already registered at BlockPos{x=-131, y=-32, z=77}
[10Aug2026 03:03:14.077] [Worker-Main-2/INFO] [net.minecraft.server.level.progress.LoggerChunkProgressListener/]: Preparing spawn area: 99%
[10Aug2026 03:03:14.149] [Server thread/INFO] [net.minecraft.server.level.progress.LoggerChunkProgressListener/]: Time elapsed: 8579 ms
[10Aug2026 03:03:14.150] [Server thread/INFO] [net.minecraft.server.dedicated.DedicatedServer/]: Done (10.708s)! For help, type "help"
[10Aug2026 03:03:14.166] [Server thread/DEBUG] [net.minecraftforge.network.DualStackUtils/]: Detected IPv6 address: "0:0:0:0:0:0:0:0"
[10Aug2026 03:03:14.267] [Server thread/DEBUG] [net.minecraftforge.common.ForgeI18n/CORE]: Loading I18N data entries: 13078
[10Aug2026 03:03:14.270] [Server thread/INFO] [net.minecraftforge.server.permission.PermissionAPI/]: Successfully initialized permission handler forge:default_handler
[10Aug2026 03:03:14.320] [Server thread/INFO] [org.admany.quantified.core.common.gpu.backend.VulkanProbeScheduler/]: Triggering Vulkan probe due to: server-start
[10Aug2026 03:03:14.322] [Server thread/INFO] [org.admany.quantified.core.common.gpu.backend.VulkanProbeScheduler/]: Scheduling Vulkan probe attempt #3 (server-start) in 0 ms
[10Aug2026 03:03:14.322] [Quantified-Vulkan-Probe-Scheduler/INFO] [org.admany.quantified.core.common.gpu.backend.VulkanProbeScheduler/]: Running Vulkan probe attempt #3 (server-start)
[10Aug2026 03:03:14.323] [Quantified-Vulkan-Probe-Scheduler/INFO] [org.admany.quantified.core.common.gpu.backend.VulkanRuntime/]: [Vulkan][Probe 2] Reprobe requested on thread 'Quantified-Vulkan-Probe-Scheduler' (group=main')
[10Aug2026 03:03:14.324] [Quantified-Vulkan-Probe-Scheduler/INFO] [org.admany.quantified.core.common.gpu.backend.VulkanRuntime/]: [Vulkan][Probe 2] Probe start on thread 'Quantified-Vulkan-Probe-Scheduler' LWJGL-stack=64 MiB
[10Aug2026 03:03:14.325] [Quantified-Vulkan-Probe-Scheduler/INFO] [org.admany.quantified.core.common.gpu.backend.VulkanRuntime/]: [Vulkan][Probe 2] Environment: os=Linux 6.8.0-1052-azure, arch=amd64, java=17.0.19, vendor=Ubuntu, lwjgl.stack.bytes=67108864, quantified.lwjgl.stackSizeBytes=67108864, quantified.lwjgl.stackSizeKb=65536, quantified.gpuThreadStackBytes=<unset>, quantified.gpuThreadStackKb=<unset>, quantified.probeThreadStackBytes=<unset>, quantified.probeThreadStackKb=<unset>, org.lwjgl.system.stackSizeKb=65536
[10Aug2026 03:03:14.325] [Quantified-Vulkan-Probe-Scheduler/INFO] [org.admany.quantified.core.common.gpu.backend.VulkanRuntime/]: [Vulkan][Probe 2] Loader env: VK_ICD_FILENAMES=<unset>, VK_DRIVER_FILES=<unset>, VK_LAYER_PATH=<unset>, VK_INSTANCE_LAYERS=<unset>, VK_LOADER_DEBUG=<unset>, VK_LOADER_LAYERS_DISABLE=<unset>
[10Aug2026 03:03:14.340] [Server thread/INFO] [com.github.alexthe666.iceandfire.IceAndFire/]: {iceandfire:fire_dragon_roost=true, iceandfire:fire_lily=true, iceandfire:spawn_dragon_skeleton_fire=true, iceandfire:lightning_dragon_roost=true, iceandfire:spawn_dragon_skeleton_lightning=true, iceandfire:ice_dragon_roost=true, iceandfire:ice_dragon_cave=true, iceandfire:lightning_dragon_cave=true, iceandfire:cyclops_cave=true, iceandfire:spawn_wandering_cyclops=true, iceandfire:spawn_sea_serpent=true, iceandfire:frost_lily=true, iceandfire:hydra_cave=true, iceandfire:lightning_lily=true, iceandfire:pixie_village=true, iceandfire:myrmex_hive_jungle=true, iceandfire:myrmex_hive_desert=true, iceandfire:silver_ore=true, iceandfire:siren_island=true, iceandfire:spawn_dragon_skeleton_ice=true, iceandfire:spawn_stymphalian_bird=true, iceandfire:fire_dragon_cave=true, iceandfire:sapphire_ore=true, iceandfire:spawn_hippocampus=true, iceandfire:spawn_death_worm=true}
[10Aug2026 03:03:14.341] [Server thread/INFO] [com.github.alexthe666.iceandfire.IceAndFire/]: {TROLL_S=true, HIPPOGRYPH=true, AMPHITHERE=true, COCKATRICE=true, TROLL_M=true, DREAD_LICH=true, TROLL_F=true}
[10Aug2026 03:03:14.344] [Server thread/INFO] [patchouli/]: Sending reload packet to clients
[10Aug2026 03:03:14.346] [Server thread/WARN] [ModernFix/]: Dedicated server took 43.943 seconds to load
[10Aug2026 03:03:14.533] [Server thread/DEBUG] [net.minecraftforge.coremod.transformer.CoreModBaseTransformer/COREMOD]: Transforming net/minecraft/world/level/NaturalSpawner
[10Aug2026 03:03:14.569] [Server thread/DEBUG] [mixin/]: Mixing item.wearable.NaturalSpawnerMixin from mixins.artifacts.common.json into net.minecraft.world.level.NaturalSpawner
[10Aug2026 03:03:14.570] [Server thread/DEBUG] [mixin/]: Renaming synthetic method lambda$spawnCategoryForPosition$0(Lnet/minecraft/world/entity/Mob;Lnet/minecraft/world/item/ItemStack;)V to mdff13ee$lambda$spawnCategoryForPosition$0$0 in mixins.artifacts.common.json:item.wearable.NaturalSpawnerMixin
[10Aug2026 03:03:14.571] [Quantified-Vulkan-Probe-Scheduler/INFO] [org.admany.quantified.core.common.gpu.backend.VulkanRuntime/]: [Vulkan][Probe 2] Launching isolated Vulkan probe: /usr/lib/jvm/java-17-openjdk-amd64/bin/java -Xms16m -Xmx256m -XX:MaxDirectMemorySize=128m -Xss16m -Dorg.lwjgl.system.stackSize=16384 -Dquantified.lwjgl.stackSizeKb=16384 -Dquantified.lwjgl.stackSizeBytes=16777216 -Dorg.lwjgl.system.SharedLibraryExtractPath=/workspaces/papuproyecto/servidor_minecraft/config/QuantifiedAPI/cache/tools/vulkanProbe/natives -Dorg.lwjgl.librarypath=/workspaces/papuproyecto/servidor_minecraft/config/QuantifiedAPI/cache/tools/vulkanProbe/natives -cp /workspaces/papuproyecto/servidor_minecraft/config/QuantifiedAPI/cache/tools/vulkanProbe/quantified-vulkan-probe.jar:/workspaces/papuproyecto/servidor_minecraft/config/QuantifiedAPI/cache/tools/vulkanProbe/lib/lwjgl-3.3.3-natives-linux-arm64.jar:/workspaces/papuproyecto/servidor_minecraft/config/QuantifiedAPI/cache/tools/vulkanProbe/lib/lwjgl-3.3.3-natives-linux.jar:/workspaces/papuproyecto/servidor_minecraft/config/QuantifiedAPI/cache/tools/vulkanProbe/lib/lwjgl-3.3.3-natives-windows.jar:/workspaces/papuproyecto/servidor_minecraft/config/QuantifiedAPI/cache/tools/vulkanProbe/lib/lwjgl-3.3.3.jar:/workspaces/papuproyecto/servidor_minecraft/config/QuantifiedAPI/cache/tools/vulkanProbe/lib/lwjgl-vulkan-3.3.3.jar org.admany.quantified.vulkan.probe.VulkanProbeEntrypoint [VK_LOADER_LAYERS_DISABLE=~implicit~, VK_LOADER_DEBUG=error]
[10Aug2026 03:03:14.571] [Server thread/DEBUG] [mixin/]: Mixing NaturalSpawnerMixin from alexscaves.mixins.json into net.minecraft.world.level.NaturalSpawner
[10Aug2026 03:03:14.618] [Server thread/DEBUG] [mixin/]: Mixing camera.TrackedEntityMixin from securitycraft.mixins.json into net.minecraft.server.level.ChunkMap$TrackedEntity
[10Aug2026 03:03:14.621] [Server thread/DEBUG] [mixin/]: Mixing ServerEntityMixin from blueprint.mixins.json into net.minecraft.server.level.ServerEntity
[10Aug2026 03:03:14.622] [Server thread/DEBUG] [mixin/]: Mixing ServerEntityMixin from endergetic.mixins.json into net.minecraft.server.level.ServerEntity
[10Aug2026 03:03:14.622] [Server thread/DEBUG] [mixin/]: Renaming synthetic method lambda$updateBalloons$0()Lnet/minecraft/world/entity/Entity; to mdff13ee$lambda$updateBalloons$0$0 in endergetic.mixins.json:ServerEntityMixin
[10Aug2026 03:03:14.649] [Quantified-Vulkan-Probe-Stdout/INFO] [org.admany.quantified.core.common.gpu.backend.VulkanRuntime/]: [Vulkan][Probe 2] [Subprocess] [probe] [heartbeat] startup
[10Aug2026 03:03:14.651] [Quantified-Vulkan-Probe-Stdout/INFO] [org.admany.quantified.core.common.gpu.backend.VulkanRuntime/]: [Vulkan][Probe 2] [Subprocess] [probe] [heartbeat] pre-librarypath-config
[10Aug2026 03:03:14.682] [Quantified-Vulkan-Probe-Stdout/INFO] [org.admany.quantified.core.common.gpu.backend.VulkanRuntime/]: [Vulkan][Probe 2] [Subprocess] [probe] java=17.0.19, vendor=Ubuntu, os=Linux 6.8.0-1052-azure, arch=amd64
[10Aug2026 03:03:14.690] [Quantified-Vulkan-Probe-Stdout/INFO] [org.admany.quantified.core.common.gpu.backend.VulkanRuntime/]: [Vulkan][Probe 2] [Subprocess] [probe] org.lwjgl.system.stackSizeKb=16384, quantified.lwjgl.stackSizeBytes=16777216
[10Aug2026 03:03:14.691] [Quantified-Vulkan-Probe-Stdout/INFO] [org.admany.quantified.core.common.gpu.backend.VulkanRuntime/]: [Vulkan][Probe 2] [Subprocess] [probe] java.library.path=/tmp/_MEIuXk0Wj:/usr/java/packages/lib:/usr/lib/x86_64-linux-gnu/jni:/lib/x86_64-linux-gnu:/usr/lib/x86_64-linux-gnu:/usr/lib/jni:/lib:/usr/lib
[10Aug2026 03:03:14.692] [Quantified-Vulkan-Probe-Stdout/INFO] [org.admany.quantified.core.common.gpu.backend.VulkanRuntime/]: [Vulkan][Probe 2] [Subprocess] [probe] org.lwjgl.librarypath=/workspaces/papuproyecto/servidor_minecraft/config/QuantifiedAPI/cache/tools/vulkanProbe/natives
[10Aug2026 03:03:14.694] [Server thread/DEBUG] [artifacts.Artifacts/]: Loaded artifacts.forge.platform.ForgePlatformHelper@7e077151 for service interface artifacts.platform.PlatformHelper
[10Aug2026 03:03:14.692] [Quantified-Vulkan-Probe-Stdout/INFO] [org.admany.quantified.core.common.gpu.backend.VulkanRuntime/]: [Vulkan][Probe 2] [Subprocess] [probe] org.lwjgl.system.SharedLibraryExtractPath(original)=/workspaces/papuproyecto/servidor_minecraft/config/QuantifiedAPI/cache/tools/vulkanProbe/natives
[10Aug2026 03:03:14.694] [Quantified-Vulkan-Probe-Stdout/INFO] [org.admany.quantified.core.common.gpu.backend.VulkanRuntime/]: [Vulkan][Probe 2] [Subprocess] [probe] org.lwjgl.system.SharedLibraryExtractPath(effective)=/workspaces/papuproyecto/servidor_minecraft/config/QuantifiedAPI/cache/tools/vulkanProbe/natives
[10Aug2026 03:03:14.694] [Quantified-Vulkan-Probe-Stdout/INFO] [org.admany.quantified.core.common.gpu.backend.VulkanRuntime/]: [Vulkan][Probe 2] [Subprocess] [probe] [heartbeat] post-librarypath-config
[10Aug2026 03:03:14.704] [Quantified-Vulkan-Probe-Stdout/INFO] [org.admany.quantified.core.common.gpu.backend.VulkanRuntime/]: [Vulkan][Probe 2] [Subprocess] [probe] [heartbeat] pre-VK-init
[10Aug2026 03:03:14.710] [Server thread/DEBUG] [mixin/]: Mixing item.wearable.charmofsinking.EnchantmentHelperMixin from mixins.artifacts.common.json into net.minecraft.world.item.enchantment.EnchantmentHelper
[10Aug2026 03:03:14.711] [Server thread/DEBUG] [mixin/]: Mixing item.wearable.pendant.EnchantmentHelperMixin from mixins.artifacts.common.json into net.minecraft.world.item.enchantment.EnchantmentHelper
[10Aug2026 03:03:14.866] [Quantified-Vulkan-Probe-Stdout/INFO] [org.admany.quantified.core.common.gpu.backend.VulkanRuntime/]: [Vulkan][Probe 2] [Subprocess] [LWJGL] Failed to load a library. Possible solutions:
[10Aug2026 03:03:14.868] [Quantified-Vulkan-Probe-Stdout/INFO] [org.admany.quantified.core.common.gpu.backend.VulkanRuntime/]: [Vulkan][Probe 2] [Subprocess] 	a) Install the library or the driver that provides the library.
[10Aug2026 03:03:14.868] [Quantified-Vulkan-Probe-Stdout/INFO] [org.admany.quantified.core.common.gpu.backend.VulkanRuntime/]: [Vulkan][Probe 2] [Subprocess] 	b) Ensure that the library is accessible from the system library paths.
[10Aug2026 03:03:14.868] [Quantified-Vulkan-Probe-Stdout/INFO] [org.admany.quantified.core.common.gpu.backend.VulkanRuntime/]: [Vulkan][Probe 2] [Subprocess] [LWJGL] Enable debug mode with -Dorg.lwjgl.util.Debug=true for better diagnostics.
[10Aug2026 03:03:14.869] [Quantified-Vulkan-Probe-Stdout/INFO] [org.admany.quantified.core.common.gpu.backend.VulkanRuntime/]: [Vulkan][Probe 2] [Subprocess] [LWJGL] Enable the SharedLibraryLoader debug mode with -Dorg.lwjgl.util.DebugLoader=true for better diagnostics.
[10Aug2026 03:03:14.871] [Quantified-Vulkan-Probe-Stdout/INFO] [org.admany.quantified.core.common.gpu.backend.VulkanRuntime/]: [Vulkan][Probe 2] [Subprocess] [probe] VK bootstrap failure: java.lang.UnsatisfiedLinkError: Failed to locate library: libvulkan.so.1
[10Aug2026 03:03:14.871] [Quantified-Vulkan-Probe-Stdout/INFO] [org.admany.quantified.core.common.gpu.backend.VulkanRuntime/]: [Vulkan][Probe 2] [Subprocess] java.lang.UnsatisfiedLinkError: Failed to locate library: libvulkan.so.1
[10Aug2026 03:03:14.871] [Quantified-Vulkan-Probe-Stdout/INFO] [org.admany.quantified.core.common.gpu.backend.VulkanRuntime/]: [Vulkan][Probe 2] [Subprocess] 	at org.lwjgl.system.Library.loadNative(Library.java:346)
[10Aug2026 03:03:14.871] [Quantified-Vulkan-Probe-Stdout/INFO] [org.admany.quantified.core.common.gpu.backend.VulkanRuntime/]: [Vulkan][Probe 2] [Subprocess] 	at org.lwjgl.system.Library.loadNative(Library.java:236)
[10Aug2026 03:03:14.872] [Quantified-Vulkan-Probe-Stdout/INFO] [org.admany.quantified.core.common.gpu.backend.VulkanRuntime/]: [Vulkan][Probe 2] [Subprocess] 	at org.lwjgl.system.Library.loadNative(Library.java:217)
[10Aug2026 03:03:14.872] [Quantified-Vulkan-Probe-Stdout/INFO] [org.admany.quantified.core.common.gpu.backend.VulkanRuntime/]: [Vulkan][Probe 2] [Subprocess] 	at org.lwjgl.system.Library.loadNative(Library.java:431)
[10Aug2026 03:03:14.872] [Quantified-Vulkan-Probe-Stdout/INFO] [org.admany.quantified.core.common.gpu.backend.VulkanRuntime/]: [Vulkan][Probe 2] [Subprocess] 	at org.lwjgl.system.Library.loadNative(Library.java:402)
[10Aug2026 03:03:14.872] [Quantified-Vulkan-Probe-Stdout/INFO] [org.admany.quantified.core.common.gpu.backend.VulkanRuntime/]: [Vulkan][Probe 2] [Subprocess] 	at org.lwjgl.vulkan.VK.create(VK.java:52)
[10Aug2026 03:03:14.872] [Quantified-Vulkan-Probe-Stdout/INFO] [org.admany.quantified.core.common.gpu.backend.VulkanRuntime/]: [Vulkan][Probe 2] [Subprocess] 	at org.lwjgl.vulkan.VK.<clinit>(VK.java:37)
[10Aug2026 03:03:14.872] [Quantified-Vulkan-Probe-Stdout/INFO] [org.admany.quantified.core.common.gpu.backend.VulkanRuntime/]: [Vulkan][Probe 2] [Subprocess] 	at java.base/java.lang.Class.forName0(Native Method)
[10Aug2026 03:03:14.872] [Quantified-Vulkan-Probe-Stdout/INFO] [org.admany.quantified.core.common.gpu.backend.VulkanRuntime/]: [Vulkan][Probe 2] [Subprocess] 	at java.base/java.lang.Class.forName(Class.java:377)
[10Aug2026 03:03:14.872] [Quantified-Vulkan-Probe-Stdout/INFO] [org.admany.quantified.core.common.gpu.backend.VulkanRuntime/]: [Vulkan][Probe 2] [Subprocess] 	at org.admany.quantified.vulkan.probe.VulkanProbeEntrypoint.bootstrapVulkanBinding(VulkanProbeEntrypoint.java:89)
[10Aug2026 03:03:14.873] [Quantified-Vulkan-Probe-Stdout/INFO] [org.admany.quantified.core.common.gpu.backend.VulkanRuntime/]: [Vulkan][Probe 2] [Subprocess] 	at org.admany.quantified.vulkan.probe.VulkanProbeEntrypoint.main(VulkanProbeEntrypoint.java:69)
[10Aug2026 03:03:14.873] [Quantified-Vulkan-Probe-Stdout/INFO] [org.admany.quantified.core.common.gpu.backend.VulkanRuntime/]: [Vulkan][Probe 2] [Subprocess] [probe] [heartbeat] post-VK-init-failed
[10Aug2026 03:03:14.873] [Quantified-Vulkan-Probe-Stdout/INFO] [org.admany.quantified.core.common.gpu.backend.VulkanRuntime/]: [Vulkan][Probe 2] [Subprocess] [probe] [heartbeat] done
[10Aug2026 03:03:14.873] [Quantified-Vulkan-Probe-Stdout/INFO] [org.admany.quantified.core.common.gpu.backend.VulkanRuntime/]: [Vulkan][Probe 2] [Subprocess] {"ok":false,"code":"vk_class_init_failed","maxApiVersion":0,"selectedApiVersion":0,"devices":[],"failure":"UnsatisfiedLinkError: Failed to locate library: libvulkan.so.1"}
[10Aug2026 03:03:14.890] [Quantified-Vulkan-Probe-Scheduler/WARN] [org.admany.quantified.core.common.gpu.backend.VulkanRuntime/]: [Vulkan][Probe 2] UnsatisfiedLinkError: Failed to locate library: libvulkan.so.1
[10Aug2026 03:03:14.891] [Quantified-Vulkan-Probe-Scheduler/WARN] [org.admany.quantified.core.common.gpu.backend.VulkanProbeScheduler/]: Vulkan probe attempts exhausted; giving up after 3 tries
[10Aug2026 03:03:41.055] [Netty Epoll Server IO #1/DEBUG] [mixin/]: Mixing MapItemDataPacketMixin from moonlight-common.mixins.json into net.minecraft.network.protocol.game.ClientboundMapItemDataPacket
[10Aug2026 03:03:41.055] [Netty Epoll Server IO #1/DEBUG] [mixin/]: Renaming synthetic method lambda$moonlight$sendCustomDecorations$1(I)[Lnet/mehvahdjukaar/moonlight/api/map/CustomMapDecoration; to mdff13ee$lambda$moonlight$sendCustomDecorations$1$0 in moonlight-common.mixins.json:MapItemDataPacketMixin
[10Aug2026 03:03:41.055] [Netty Epoll Server IO #1/DEBUG] [mixin/]: Renaming synthetic method lambda$moonlight$sendCustomDecorations$0(Lnet/minecraft/network/FriendlyByteBuf;Lnet/mehvahdjukaar/moonlight/api/map/CustomMapDecoration;)Lnet/mehvahdjukaar/moonlight/api/map/CustomMapDecoration; to mdff13ee$lambda$moonlight$sendCustomDecorations$0$1 in moonlight-common.mixins.json:MapItemDataPacketMixin
[10Aug2026 03:03:41.189] [Netty Epoll Server IO #1/DEBUG] [io.netty.util.Recycler/]: -Dio.netty.recycler.maxCapacityPerThread: 4096
[10Aug2026 03:03:41.189] [Netty Epoll Server IO #1/DEBUG] [io.netty.util.Recycler/]: -Dio.netty.recycler.ratio: 8
[10Aug2026 03:03:41.189] [Netty Epoll Server IO #1/DEBUG] [io.netty.util.Recycler/]: -Dio.netty.recycler.chunkSize: 32
[10Aug2026 03:03:41.189] [Netty Epoll Server IO #1/DEBUG] [io.netty.util.Recycler/]: -Dio.netty.recycler.blocking: false
[10Aug2026 03:03:41.211] [Netty Epoll Server IO #1/DEBUG] [mixin/]: Mixing core.NetworkHooksMixin from modernfix-modernfix.mixins.json into net.minecraftforge.network.NetworkHooks
[10Aug2026 03:03:41.274] [Netty Epoll Server IO #1/DEBUG] [net.minecraftforge.network.HandshakeHandler/FMLHANDSHAKE]: Starting new modded impl connection. Found 30 messages to dispatch.
[10Aug2026 03:03:41.301] [Server thread/DEBUG] [net.minecraftforge.network.HandshakeHandler/FMLHANDSHAKE]: Sending ticking packet info 'FrameworkConfig refurbished_furniture:server' to 'framework:handshake' sequence 0
[10Aug2026 03:03:41.302] [Server thread/DEBUG] [net.minecraftforge.network.HandshakeHandler/FMLHANDSHAKE]: Sending ticking packet info 'net.minecraftforge.network.HandshakeMessages$S2CModData' to 'fml:handshake' sequence 1
[10Aug2026 03:03:41.302] [Server thread/DEBUG] [net.minecraftforge.network.HandshakeHandler/FMLHANDSHAKE]: Sending ticking packet info 'net.minecraftforge.network.HandshakeMessages$S2CModList' to 'fml:handshake' sequence 2
[10Aug2026 03:03:41.302] [Server thread/DEBUG] [net.minecraftforge.network.HandshakeHandler/FMLHANDSHAKE]: Sending ticking packet info 'Registry minecraft:command_argument_type' to 'fml:handshake' sequence 3
[10Aug2026 03:03:41.302] [Server thread/DEBUG] [net.minecraftforge.network.HandshakeHandler/FMLHANDSHAKE]: Sending ticking packet info 'Registry minecraft:recipe_serializer' to 'fml:handshake' sequence 4
[10Aug2026 03:03:41.302] [Server thread/DEBUG] [net.minecraftforge.network.HandshakeHandler/FMLHANDSHAKE]: Sending ticking packet info 'Registry minecraft:sound_event' to 'fml:handshake' sequence 5
[10Aug2026 03:03:41.302] [Server thread/DEBUG] [net.minecraftforge.network.HandshakeHandler/FMLHANDSHAKE]: Sending ticking packet info 'Registry minecraft:particle_type' to 'fml:handshake' sequence 6
[10Aug2026 03:03:41.302] [Server thread/DEBUG] [net.minecraftforge.network.HandshakeHandler/FMLHANDSHAKE]: Sending ticking packet info 'Registry minecraft:villager_profession' to 'fml:handshake' sequence 7
[10Aug2026 03:03:41.302] [Server thread/DEBUG] [net.minecraftforge.network.HandshakeHandler/FMLHANDSHAKE]: Sending ticking packet info 'Registry minecraft:item' to 'fml:handshake' sequence 8
[10Aug2026 03:03:41.302] [Server thread/DEBUG] [net.minecraftforge.network.HandshakeHandler/FMLHANDSHAKE]: Sending ticking packet info 'Registry minecraft:potion' to 'fml:handshake' sequence 9
[10Aug2026 03:03:41.302] [Server thread/DEBUG] [net.minecraftforge.network.HandshakeHandler/FMLHANDSHAKE]: Sending ticking packet info 'Registry minecraft:painting_variant' to 'fml:handshake' sequence 10
[10Aug2026 03:03:41.302] [Server thread/DEBUG] [net.minecraftforge.network.HandshakeHandler/FMLHANDSHAKE]: Sending ticking packet info 'Registry forge:fluid_type' to 'fml:handshake' sequence 11
[10Aug2026 03:03:41.302] [Server thread/DEBUG] [net.minecraftforge.network.HandshakeHandler/FMLHANDSHAKE]: Sending ticking packet info 'Registry minecraft:block_entity_type' to 'fml:handshake' sequence 12
[10Aug2026 03:03:41.302] [Server thread/DEBUG] [net.minecraftforge.network.HandshakeHandler/FMLHANDSHAKE]: Sending ticking packet info 'Registry forge:display_contexts' to 'fml:handshake' sequence 13
[10Aug2026 03:03:41.303] [Server thread/DEBUG] [net.minecraftforge.network.HandshakeHandler/FMLHANDSHAKE]: Sending ticking packet info 'Registry minecraft:block' to 'fml:handshake' sequence 14
[10Aug2026 03:03:41.303] [Server thread/DEBUG] [net.minecraftforge.network.HandshakeHandler/FMLHANDSHAKE]: Sending ticking packet info 'Registry forge:entity_data_serializers' to 'fml:handshake' sequence 15
[10Aug2026 03:03:41.303] [Server thread/DEBUG] [net.minecraftforge.network.HandshakeHandler/FMLHANDSHAKE]: Sending ticking packet info 'Registry minecraft:mob_effect' to 'fml:handshake' sequence 16
[10Aug2026 03:03:41.303] [Server thread/DEBUG] [net.minecraftforge.network.HandshakeHandler/FMLHANDSHAKE]: Sending ticking packet info 'Registry minecraft:stat_type' to 'fml:handshake' sequence 17
[10Aug2026 03:03:41.303] [Server thread/DEBUG] [net.minecraftforge.network.HandshakeHandler/FMLHANDSHAKE]: Sending ticking packet info 'Registry tombstone:perks' to 'fml:handshake' sequence 18
[10Aug2026 03:03:41.303] [Server thread/DEBUG] [net.minecraftforge.network.HandshakeHandler/FMLHANDSHAKE]: Sending ticking packet info 'Registry minecraft:menu' to 'fml:handshake' sequence 19
[10Aug2026 03:03:41.303] [Server thread/DEBUG] [net.minecraftforge.network.HandshakeHandler/FMLHANDSHAKE]: Sending ticking packet info 'Registry minecraft:enchantment' to 'fml:handshake' sequence 20
[10Aug2026 03:03:41.303] [Server thread/DEBUG] [net.minecraftforge.network.HandshakeHandler/FMLHANDSHAKE]: Sending ticking packet info 'Registry minecraft:fluid' to 'fml:handshake' sequence 21
[10Aug2026 03:03:41.303] [Server thread/DEBUG] [net.minecraftforge.network.HandshakeHandler/FMLHANDSHAKE]: Sending ticking packet info 'Registry minecraft:entity_type' to 'fml:handshake' sequence 22
[10Aug2026 03:03:41.303] [Server thread/DEBUG] [net.minecraftforge.network.HandshakeHandler/FMLHANDSHAKE]: Sending ticking packet info 'Config securitycraft-server.toml' to 'fml:handshake' sequence 23
[10Aug2026 03:03:41.303] [Server thread/DEBUG] [net.minecraftforge.network.HandshakeHandler/FMLHANDSHAKE]: Sending ticking packet info 'Config curios-server.toml' to 'fml:handshake' sequence 24
[10Aug2026 03:03:41.303] [Server thread/DEBUG] [net.minecraftforge.network.HandshakeHandler/FMLHANDSHAKE]: Sending ticking packet info 'Config tombstone-server.toml' to 'fml:handshake' sequence 25
[10Aug2026 03:03:41.303] [Server thread/DEBUG] [net.minecraftforge.network.HandshakeHandler/FMLHANDSHAKE]: Sending ticking packet info 'Config sophisticatedbackpacks-server.toml' to 'fml:handshake' sequence 26
[10Aug2026 03:03:41.303] [Server thread/DEBUG] [net.minecraftforge.network.HandshakeHandler/FMLHANDSHAKE]: Sending ticking packet info 'Config jei-server.toml' to 'fml:handshake' sequence 27
[10Aug2026 03:03:41.303] [Server thread/DEBUG] [net.minecraftforge.network.HandshakeHandler/FMLHANDSHAKE]: Sending ticking packet info 'Config forge-server.toml' to 'fml:handshake' sequence 28
[10Aug2026 03:03:41.304] [Server thread/DEBUG] [net.minecraftforge.network.HandshakeHandler/FMLHANDSHAKE]: Sending ticking packet info 'Config ntgl-server.toml' to 'fml:handshake' sequence 29
[10Aug2026 03:03:41.415] [Netty Epoll Server IO #1/DEBUG] [net.minecraftforge.network.LoginWrapper/FMLHANDSHAKE]: Recieved login wrapper packet event for channel framework:handshake with index 0
[10Aug2026 03:03:41.417] [Netty Epoll Server IO #1/DEBUG] [net.minecraftforge.network.HandshakeHandler/FMLHANDSHAKE]: Received client indexed reply 0 of type com.mrcrayfish.framework.api.network.message.HandshakeMessage$Acknowledge
[10Aug2026 03:03:41.418] [Netty Epoll Server IO #1/DEBUG] [Framework/FRAMEWORK_HANDSHAKE]: Received acknowledgement from client
[10Aug2026 03:03:41.504] [Netty Epoll Server IO #1/DEBUG] [net.minecraftforge.network.LoginWrapper/FMLHANDSHAKE]: Recieved login wrapper packet event for channel fml:handshake with index 2
[10Aug2026 03:03:41.506] [Netty Epoll Server IO #1/DEBUG] [net.minecraftforge.network.HandshakeHandler/FMLHANDSHAKE]: Received client indexed reply 2 of type net.minecraftforge.network.HandshakeMessages$C2SModListReply
[10Aug2026 03:03:41.506] [Netty Epoll Server IO #1/DEBUG] [net.minecraftforge.network.HandshakeHandler/FMLHANDSHAKE]: Received client connection with modlist [kuma_api, supermartijn642configlib, watermedia_youtube_plugin, trashslot, sodiumextras, watermedia, geckolib, playeranimator, jei, xaerolib, trender, stalwart_dungeons, sophisticatedcore, ntgl, waystones, structureessentials, clumps, xaeroworldmap, controlling, placebo, modernfix, citadel, alexsmobs, naturescompass, artifacts, sophisticatedbackpacks, iceandfire, bygonenether, balm, blueprint, carryon, sodiumoptionsapi, chat_heads, puzzlesaccessapi, cloth_config, sound_physics_remastered, crash_assistant, forge, supplementaries, sodiumdynamiclights, embeddium, rubidium, ironchest, minecraft, endergetic, alexscaves, littleframes, terrablender, moonlight, fabric_api_base, mousetweaks, biomesoplenty, mixinsquared, jade, endrem, creativecore, chunky, spectrelib, supermartijn642corelib, lionfishapi, kotlinforforge, cataclysm, curios, patchouli, xaerominimap, oculus, betterbiomeblend, searchables, polymorph, securitycraft, mr_dungeons_andtaverns, entityculling, tombstone, immediatelyfast, coroutil, fastfurnace, architectury, skin_changer, appleskin, ferritecore, cupboard, transition, refurbished_furniture, puzzleslib, quantified, framework, expandability, essential]
[10Aug2026 03:03:41.507] [Netty Epoll Server IO #1/DEBUG] [net.minecraftforge.network.NetworkRegistry/NETREGISTRY]: Channel 'supplementaries:channel' : Version test of '0' from client : ACCEPTED
[10Aug2026 03:03:41.508] [Netty Epoll Server IO #1/DEBUG] [net.minecraftforge.network.NetworkRegistry/NETREGISTRY]: Channel 'alexscaves:main_channel' : Version test of '1' from client : ACCEPTED
[10Aug2026 03:03:41.508] [Netty Epoll Server IO #1/DEBUG] [net.minecraftforge.network.NetworkRegistry/NETREGISTRY]: Channel 'jei:channel' : Version test of '1.0.0' from client : ACCEPTED
[10Aug2026 03:03:41.508] [Netty Epoll Server IO #1/DEBUG] [net.minecraftforge.network.NetworkRegistry/NETREGISTRY]: Channel 'minecraft:unregister' : Version test of 'FML3' from client : ACCEPTED
[10Aug2026 03:03:41.508] [Netty Epoll Server IO #1/DEBUG] [net.minecraftforge.network.NetworkRegistry/NETREGISTRY]: Channel 'xaerominimap:main' : Version test of '1.0' from client : ACCEPTED
[10Aug2026 03:03:41.508] [Netty Epoll Server IO #1/DEBUG] [net.minecraftforge.network.NetworkRegistry/NETREGISTRY]: Channel 'sophisticatedbackpacks:channel' : Version test of '3.24.62.2017' from client : ACCEPTED
[10Aug2026 03:03:41.508] [Netty Epoll Server IO #1/DEBUG] [net.minecraftforge.network.NetworkRegistry/NETREGISTRY]: Channel 'ntgl:play' : Version test of '1' from client : ACCEPTED
[10Aug2026 03:03:41.508] [Netty Epoll Server IO #1/DEBUG] [net.minecraftforge.network.NetworkRegistry/NETREGISTRY]: Channel 'framework:play' : Version test of '1' from client : ACCEPTED
[10Aug2026 03:03:41.508] [Netty Epoll Server IO #1/DEBUG] [net.minecraftforge.network.NetworkRegistry/NETREGISTRY]: Channel 'endergetic:net' : Version test of 'EE1' from client : ACCEPTED
[10Aug2026 03:03:41.508] [Netty Epoll Server IO #1/DEBUG] [net.minecraftforge.network.NetworkRegistry/NETREGISTRY]: Channel 'cataclysm:main_channel' : Version test of '1' from client : ACCEPTED
[10Aug2026 03:03:41.508] [Netty Epoll Server IO #1/DEBUG] [net.minecraftforge.network.NetworkRegistry/NETREGISTRY]: Channel 'lionfishapi:main_channel' : Version test of '1' from client : ACCEPTED
[10Aug2026 03:03:41.508] [Netty Epoll Server IO #1/DEBUG] [net.minecraftforge.network.NetworkRegistry/NETREGISTRY]: Channel 'forge:tier_sorting' : Version test of '1.0' from client : ACCEPTED
[10Aug2026 03:03:41.508] [Netty Epoll Server IO #1/DEBUG] [net.minecraftforge.network.NetworkRegistry/NETREGISTRY]: Channel 'spectrelib:main' : Version test of '1' from client : ACCEPTED
[10Aug2026 03:03:41.508] [Netty Epoll Server IO #1/DEBUG] [net.minecraftforge.network.NetworkRegistry/NETREGISTRY]: Channel 'alexsmobs:main_channel' : Version test of '1' from client : ACCEPTED
[10Aug2026 03:03:41.508] [Netty Epoll Server IO #1/DEBUG] [net.minecraftforge.network.NetworkRegistry/NETREGISTRY]: Channel 'fml:play' : Version test of 'FML3' from client : ACCEPTED
[10Aug2026 03:03:41.508] [Netty Epoll Server IO #1/DEBUG] [net.minecraftforge.network.NetworkRegistry/NETREGISTRY]: Channel 'creativecore:main' : Version test of '1' from client : ACCEPTED
[10Aug2026 03:03:41.508] [Netty Epoll Server IO #1/DEBUG] [net.minecraftforge.network.NetworkRegistry/NETREGISTRY]: Channel 'modernfix:ingredient_sync' : Version test of '1' from client : ACCEPTED
[10Aug2026 03:03:41.508] [Netty Epoll Server IO #1/DEBUG] [net.minecraftforge.network.NetworkRegistry/NETREGISTRY]: Channel 'blueprint:net' : Version test of 'BP1' from client : ACCEPTED
[10Aug2026 03:03:41.508] [Netty Epoll Server IO #1/DEBUG] [net.minecraftforge.network.NetworkRegistry/NETREGISTRY]: Channel 'xaeroworldmap:main' : Version test of '1.0' from client : ACCEPTED
[10Aug2026 03:03:41.508] [Netty Epoll Server IO #1/DEBUG] [net.minecraftforge.network.NetworkRegistry/NETREGISTRY]: Channel 'minecraft:register' : Version test of 'FML3' from client : ACCEPTED
[10Aug2026 03:03:41.508] [Netty Epoll Server IO #1/DEBUG] [net.minecraftforge.network.NetworkRegistry/NETREGISTRY]: Channel 'geckolib:main' : Version test of '1' from client : ACCEPTED
[10Aug2026 03:03:41.508] [Netty Epoll Server IO #1/DEBUG] [net.minecraftforge.network.NetworkRegistry/NETREGISTRY]: Channel 'moonlight:channel' : Version test of '0' from client : ACCEPTED
[10Aug2026 03:03:41.508] [Netty Epoll Server IO #1/DEBUG] [net.minecraftforge.network.NetworkRegistry/NETREGISTRY]: Channel 'refurbished_furniture:play' : Version test of '1' from client : ACCEPTED
[10Aug2026 03:03:41.508] [Netty Epoll Server IO #1/DEBUG] [net.minecraftforge.network.NetworkRegistry/NETREGISTRY]: Channel 'stalwart_dungeons:stalwart_dungeons' : Version test of '1' from client : ACCEPTED
[10Aug2026 03:03:41.508] [Netty Epoll Server IO #1/DEBUG] [net.minecraftforge.network.NetworkRegistry/NETREGISTRY]: Channel 'architectury:network' : Version test of '1' from client : ACCEPTED
[10Aug2026 03:03:41.508] [Netty Epoll Server IO #1/DEBUG] [net.minecraftforge.network.NetworkRegistry/NETREGISTRY]: Channel 'carryon:carryonpackets' : Version test of '1.0' from client : ACCEPTED
[10Aug2026 03:03:41.508] [Netty Epoll Server IO #1/DEBUG] [net.minecraftforge.network.NetworkRegistry/NETREGISTRY]: Channel 'citadel:main_channel' : Version test of '1' from client : ACCEPTED
[10Aug2026 03:03:41.508] [Netty Epoll Server IO #1/DEBUG] [net.minecraftforge.network.NetworkRegistry/NETREGISTRY]: Channel 'puzzleslib:1' : Version test of '1' from client : ACCEPTED
[10Aug2026 03:03:41.508] [Netty Epoll Server IO #1/DEBUG] [net.minecraftforge.network.NetworkRegistry/NETREGISTRY]: Channel 'securitycraft:securitycraft' : Version test of 'v1.9.8' from client : ACCEPTED
[10Aug2026 03:03:41.508] [Netty Epoll Server IO #1/DEBUG] [net.minecraftforge.network.NetworkRegistry/NETREGISTRY]: Channel 'iceandfire:main_channel' : Version test of '1' from client : ACCEPTED
[10Aug2026 03:03:41.508] [Netty Epoll Server IO #1/DEBUG] [net.minecraftforge.network.NetworkRegistry/NETREGISTRY]: Channel 'modernfix:main' : Version test of '1' from client : ACCEPTED
[10Aug2026 03:03:41.508] [Netty Epoll Server IO #1/DEBUG] [net.minecraftforge.network.NetworkRegistry/NETREGISTRY]: Channel 'curios:main' : Version test of '1' from client : ACCEPTED
[10Aug2026 03:03:41.508] [Netty Epoll Server IO #1/DEBUG] [net.minecraftforge.network.NetworkRegistry/NETREGISTRY]: Channel 'placebo:placebo' : Version test of '1.0.0' from client : ACCEPTED
[10Aug2026 03:03:41.508] [Netty Epoll Server IO #1/DEBUG] [net.minecraftforge.network.NetworkRegistry/NETREGISTRY]: Channel 'balm:network' : Version test of '1.0' from client : ACCEPTED
[10Aug2026 03:03:41.508] [Netty Epoll Server IO #1/DEBUG] [net.minecraftforge.network.NetworkRegistry/NETREGISTRY]: Channel 'polymorph:main' : Version test of '1' from client : ACCEPTED
[10Aug2026 03:03:41.508] [Netty Epoll Server IO #1/DEBUG] [net.minecraftforge.network.NetworkRegistry/NETREGISTRY]: Channel 'littleframes:main' : Version test of '1' from client : ACCEPTED
[10Aug2026 03:03:41.509] [Netty Epoll Server IO #1/DEBUG] [net.minecraftforge.network.NetworkRegistry/NETREGISTRY]: Channel 'framework:handshake' : Version test of '1' from client : ACCEPTED
[10Aug2026 03:03:41.509] [Netty Epoll Server IO #1/DEBUG] [net.minecraftforge.network.NetworkRegistry/NETREGISTRY]: Channel 'fml:loginwrapper' : Version test of 'FML3' from client : ACCEPTED
[10Aug2026 03:03:41.509] [Netty Epoll Server IO #1/DEBUG] [net.minecraftforge.network.NetworkRegistry/NETREGISTRY]: Channel 'supermartijn642configlib:sync_configs' : Version test of '1.1.8' from client : ACCEPTED
[10Aug2026 03:03:41.509] [Netty Epoll Server IO #1/DEBUG] [net.minecraftforge.network.NetworkRegistry/NETREGISTRY]: Channel 'trashslot:network' : Version test of '1.0' from client : ACCEPTED
[10Aug2026 03:03:41.509] [Netty Epoll Server IO #1/DEBUG] [net.minecraftforge.network.NetworkRegistry/NETREGISTRY]: Channel 'tombstone:tombstone_channel' : Version test of 'tombstone-9.0.9' from client : ACCEPTED
[10Aug2026 03:03:41.509] [Netty Epoll Server IO #1/DEBUG] [net.minecraftforge.network.NetworkRegistry/NETREGISTRY]: Channel 'xaerolib:main' : Version test of '1.0' from client : ACCEPTED
[10Aug2026 03:03:41.509] [Netty Epoll Server IO #1/DEBUG] [net.minecraftforge.network.NetworkRegistry/NETREGISTRY]: Channel 'naturescompass:naturescompass' : Version test of '1.0' from client : ACCEPTED
[10Aug2026 03:03:41.509] [Netty Epoll Server IO #1/DEBUG] [net.minecraftforge.network.NetworkRegistry/NETREGISTRY]: Channel 'sophisticatedcore:channel' : Version test of '1.3.74.2216' from client : ACCEPTED
[10Aug2026 03:03:41.509] [Netty Epoll Server IO #1/DEBUG] [net.minecraftforge.network.NetworkRegistry/NETREGISTRY]: Channel 'patchouli:main' : Version test of '1' from client : ACCEPTED
[10Aug2026 03:03:41.509] [Netty Epoll Server IO #1/DEBUG] [net.minecraftforge.network.NetworkRegistry/NETREGISTRY]: Channel 'fml:handshake' : Version test of 'FML3' from client : ACCEPTED
[10Aug2026 03:03:41.509] [Netty Epoll Server IO #1/DEBUG] [net.minecraftforge.network.NetworkRegistry/NETREGISTRY]: Channel 'ironchest:network' : Version test of '1' from client : ACCEPTED
[10Aug2026 03:03:41.509] [Netty Epoll Server IO #1/DEBUG] [net.minecraftforge.network.NetworkRegistry/NETREGISTRY]: Channel 'forge:split' : Version test of '1.1' from client : ACCEPTED
[10Aug2026 03:03:41.509] [Netty Epoll Server IO #1/DEBUG] [net.minecraftforge.network.NetworkRegistry/NETREGISTRY]: Channel 'waystones:network' : Version test of '1.0' from client : ACCEPTED
[10Aug2026 03:03:41.509] [Netty Epoll Server IO #1/DEBUG] [net.minecraftforge.network.NetworkRegistry/NETREGISTRY]: Channel 'jade:networking' : Version test of '2' from client : ACCEPTED
[10Aug2026 03:03:41.509] [Netty Epoll Server IO #1/DEBUG] [net.minecraftforge.network.NetworkRegistry/NETREGISTRY]: Accepting channel list from client
[10Aug2026 03:03:41.510] [Netty Epoll Server IO #1/DEBUG] [net.minecraftforge.network.HandshakeHandler/FMLHANDSHAKE]: Accepted client connection mod list
[10Aug2026 03:03:41.510] [Netty Epoll Server IO #1/DEBUG] [net.minecraftforge.network.LoginWrapper/FMLHANDSHAKE]: Recieved login wrapper packet event for channel fml:handshake with index 3
[10Aug2026 03:03:41.510] [Netty Epoll Server IO #1/DEBUG] [net.minecraftforge.network.HandshakeHandler/FMLHANDSHAKE]: Received client indexed reply 3 of type net.minecraftforge.network.HandshakeMessages$C2SAcknowledge
[10Aug2026 03:03:41.510] [Netty Epoll Server IO #1/DEBUG] [net.minecraftforge.network.HandshakeHandler/FMLHANDSHAKE]: Received acknowledgement from client
[10Aug2026 03:03:41.511] [Netty Epoll Server IO #1/DEBUG] [net.minecraftforge.network.LoginWrapper/FMLHANDSHAKE]: Recieved login wrapper packet event for channel fml:handshake with index 4
[10Aug2026 03:03:41.511] [Netty Epoll Server IO #1/DEBUG] [net.minecraftforge.network.HandshakeHandler/FMLHANDSHAKE]: Received client indexed reply 4 of type net.minecraftforge.network.HandshakeMessages$C2SAcknowledge
[10Aug2026 03:03:41.511] [Netty Epoll Server IO #1/DEBUG] [net.minecraftforge.network.HandshakeHandler/FMLHANDSHAKE]: Received acknowledgement from client
[10Aug2026 03:03:41.704] [Netty Epoll Server IO #1/DEBUG] [net.minecraftforge.network.LoginWrapper/FMLHANDSHAKE]: Recieved login wrapper packet event for channel fml:handshake with index 5
[10Aug2026 03:03:41.704] [Netty Epoll Server IO #1/DEBUG] [net.minecraftforge.network.HandshakeHandler/FMLHANDSHAKE]: Received client indexed reply 5 of type net.minecraftforge.network.HandshakeMessages$C2SAcknowledge
[10Aug2026 03:03:41.704] [Netty Epoll Server IO #1/DEBUG] [net.minecraftforge.network.HandshakeHandler/FMLHANDSHAKE]: Received acknowledgement from client
[10Aug2026 03:03:41.704] [Netty Epoll Server IO #1/DEBUG] [net.minecraftforge.network.LoginWrapper/FMLHANDSHAKE]: Recieved login wrapper packet event for channel fml:handshake with index 6
[10Aug2026 03:03:41.704] [Netty Epoll Server IO #1/DEBUG] [net.minecraftforge.network.HandshakeHandler/FMLHANDSHAKE]: Received client indexed reply 6 of type net.minecraftforge.network.HandshakeMessages$C2SAcknowledge
[10Aug2026 03:03:41.705] [Netty Epoll Server IO #1/DEBUG] [net.minecraftforge.network.HandshakeHandler/FMLHANDSHAKE]: Received acknowledgement from client
[10Aug2026 03:03:41.705] [Netty Epoll Server IO #1/DEBUG] [net.minecraftforge.network.LoginWrapper/FMLHANDSHAKE]: Recieved login wrapper packet event for channel fml:handshake with index 7
[10Aug2026 03:03:41.705] [Netty Epoll Server IO #1/DEBUG] [net.minecraftforge.network.HandshakeHandler/FMLHANDSHAKE]: Received client indexed reply 7 of type net.minecraftforge.network.HandshakeMessages$C2SAcknowledge
[10Aug2026 03:03:41.705] [Netty Epoll Server IO #1/DEBUG] [net.minecraftforge.network.HandshakeHandler/FMLHANDSHAKE]: Received acknowledgement from client
[10Aug2026 03:03:41.812] [Netty Epoll Server IO #1/DEBUG] [net.minecraftforge.network.LoginWrapper/FMLHANDSHAKE]: Recieved login wrapper packet event for channel fml:handshake with index 8
[10Aug2026 03:03:41.812] [Netty Epoll Server IO #1/DEBUG] [net.minecraftforge.network.HandshakeHandler/FMLHANDSHAKE]: Received client indexed reply 8 of type net.minecraftforge.network.HandshakeMessages$C2SAcknowledge
[10Aug2026 03:03:41.812] [Netty Epoll Server IO #1/DEBUG] [net.minecraftforge.network.HandshakeHandler/FMLHANDSHAKE]: Received acknowledgement from client
[10Aug2026 03:03:41.813] [Netty Epoll Server IO #1/DEBUG] [net.minecraftforge.network.LoginWrapper/FMLHANDSHAKE]: Recieved login wrapper packet event for channel fml:handshake with index 9
[10Aug2026 03:03:41.814] [Netty Epoll Server IO #1/DEBUG] [net.minecraftforge.network.HandshakeHandler/FMLHANDSHAKE]: Received client indexed reply 9 of type net.minecraftforge.network.HandshakeMessages$C2SAcknowledge
[10Aug2026 03:03:41.814] [Netty Epoll Server IO #1/DEBUG] [net.minecraftforge.network.HandshakeHandler/FMLHANDSHAKE]: Received acknowledgement from client
[10Aug2026 03:03:41.814] [Netty Epoll Server IO #1/DEBUG] [net.minecraftforge.network.LoginWrapper/FMLHANDSHAKE]: Recieved login wrapper packet event for channel fml:handshake with index 10
[10Aug2026 03:03:41.814] [Netty Epoll Server IO #1/DEBUG] [net.minecraftforge.network.HandshakeHandler/FMLHANDSHAKE]: Received client indexed reply 10 of type net.minecraftforge.network.HandshakeMessages$C2SAcknowledge
[10Aug2026 03:03:41.814] [Netty Epoll Server IO #1/DEBUG] [net.minecraftforge.network.HandshakeHandler/FMLHANDSHAKE]: Received acknowledgement from client
[10Aug2026 03:03:41.814] [Netty Epoll Server IO #1/DEBUG] [net.minecraftforge.network.LoginWrapper/FMLHANDSHAKE]: Recieved login wrapper packet event for channel fml:handshake with index 11
[10Aug2026 03:03:41.814] [Netty Epoll Server IO #1/DEBUG] [net.minecraftforge.network.HandshakeHandler/FMLHANDSHAKE]: Received client indexed reply 11 of type net.minecraftforge.network.HandshakeMessages$C2SAcknowledge
[10Aug2026 03:03:41.814] [Netty Epoll Server IO #1/DEBUG] [net.minecraftforge.network.HandshakeHandler/FMLHANDSHAKE]: Received acknowledgement from client
[10Aug2026 03:03:41.815] [Netty Epoll Server IO #1/DEBUG] [net.minecraftforge.network.LoginWrapper/FMLHANDSHAKE]: Recieved login wrapper packet event for channel fml:handshake with index 12
[10Aug2026 03:03:41.815] [Netty Epoll Server IO #1/DEBUG] [net.minecraftforge.network.HandshakeHandler/FMLHANDSHAKE]: Received client indexed reply 12 of type net.minecraftforge.network.HandshakeMessages$C2SAcknowledge
[10Aug2026 03:03:41.815] [Netty Epoll Server IO #1/DEBUG] [net.minecraftforge.network.HandshakeHandler/FMLHANDSHAKE]: Received acknowledgement from client
[10Aug2026 03:03:41.815] [Netty Epoll Server IO #1/DEBUG] [net.minecraftforge.network.LoginWrapper/FMLHANDSHAKE]: Recieved login wrapper packet event for channel fml:handshake with index 13
[10Aug2026 03:03:41.815] [Netty Epoll Server IO #1/DEBUG] [net.minecraftforge.network.HandshakeHandler/FMLHANDSHAKE]: Received client indexed reply 13 of type net.minecraftforge.network.HandshakeMessages$C2SAcknowledge
[10Aug2026 03:03:41.815] [Netty Epoll Server IO #1/DEBUG] [net.minecraftforge.network.HandshakeHandler/FMLHANDSHAKE]: Received acknowledgement from client
[10Aug2026 03:03:41.903] [Netty Epoll Server IO #1/DEBUG] [net.minecraftforge.network.LoginWrapper/FMLHANDSHAKE]: Recieved login wrapper packet event for channel fml:handshake with index 14
[10Aug2026 03:03:41.903] [Netty Epoll Server IO #1/DEBUG] [net.minecraftforge.network.HandshakeHandler/FMLHANDSHAKE]: Received client indexed reply 14 of type net.minecraftforge.network.HandshakeMessages$C2SAcknowledge
[10Aug2026 03:03:41.904] [Netty Epoll Server IO #1/DEBUG] [net.minecraftforge.network.HandshakeHandler/FMLHANDSHAKE]: Received acknowledgement from client
[10Aug2026 03:03:41.904] [Netty Epoll Server IO #1/DEBUG] [net.minecraftforge.network.LoginWrapper/FMLHANDSHAKE]: Recieved login wrapper packet event for channel fml:handshake with index 15
[10Aug2026 03:03:41.904] [Netty Epoll Server IO #1/DEBUG] [net.minecraftforge.network.HandshakeHandler/FMLHANDSHAKE]: Received client indexed reply 15 of type net.minecraftforge.network.HandshakeMessages$C2SAcknowledge
[10Aug2026 03:03:41.904] [Netty Epoll Server IO #1/DEBUG] [net.minecraftforge.network.HandshakeHandler/FMLHANDSHAKE]: Received acknowledgement from client
[10Aug2026 03:03:41.904] [Netty Epoll Server IO #1/DEBUG] [net.minecraftforge.network.LoginWrapper/FMLHANDSHAKE]: Recieved login wrapper packet event for channel fml:handshake with index 16
[10Aug2026 03:03:41.904] [Netty Epoll Server IO #1/DEBUG] [net.minecraftforge.network.HandshakeHandler/FMLHANDSHAKE]: Received client indexed reply 16 of type net.minecraftforge.network.HandshakeMessages$C2SAcknowledge
[10Aug2026 03:03:41.904] [Netty Epoll Server IO #1/DEBUG] [net.minecraftforge.network.HandshakeHandler/FMLHANDSHAKE]: Received acknowledgement from client
[10Aug2026 03:03:41.904] [Netty Epoll Server IO #1/DEBUG] [net.minecraftforge.network.LoginWrapper/FMLHANDSHAKE]: Recieved login wrapper packet event for channel fml:handshake with index 17
[10Aug2026 03:03:41.905] [Netty Epoll Server IO #1/DEBUG] [net.minecraftforge.network.HandshakeHandler/FMLHANDSHAKE]: Received client indexed reply 17 of type net.minecraftforge.network.HandshakeMessages$C2SAcknowledge
[10Aug2026 03:03:41.905] [Netty Epoll Server IO #1/DEBUG] [net.minecraftforge.network.HandshakeHandler/FMLHANDSHAKE]: Received acknowledgement from client
[10Aug2026 03:03:41.905] [Netty Epoll Server IO #1/DEBUG] [net.minecraftforge.network.LoginWrapper/FMLHANDSHAKE]: Recieved login wrapper packet event for channel fml:handshake with index 18
[10Aug2026 03:03:41.905] [Netty Epoll Server IO #1/DEBUG] [net.minecraftforge.network.HandshakeHandler/FMLHANDSHAKE]: Received client indexed reply 18 of type net.minecraftforge.network.HandshakeMessages$C2SAcknowledge
[10Aug2026 03:03:41.905] [Netty Epoll Server IO #1/DEBUG] [net.minecraftforge.network.HandshakeHandler/FMLHANDSHAKE]: Received acknowledgement from client
[10Aug2026 03:03:41.905] [Netty Epoll Server IO #1/DEBUG] [net.minecraftforge.network.LoginWrapper/FMLHANDSHAKE]: Recieved login wrapper packet event for channel fml:handshake with index 19
[10Aug2026 03:03:41.905] [Netty Epoll Server IO #1/DEBUG] [net.minecraftforge.network.HandshakeHandler/FMLHANDSHAKE]: Received client indexed reply 19 of type net.minecraftforge.network.HandshakeMessages$C2SAcknowledge
[10Aug2026 03:03:41.905] [Netty Epoll Server IO #1/DEBUG] [net.minecraftforge.network.HandshakeHandler/FMLHANDSHAKE]: Received acknowledgement from client
[10Aug2026 03:03:41.905] [Netty Epoll Server IO #1/DEBUG] [net.minecraftforge.network.LoginWrapper/FMLHANDSHAKE]: Recieved login wrapper packet event for channel fml:handshake with index 20
[10Aug2026 03:03:41.905] [Netty Epoll Server IO #1/DEBUG] [net.minecraftforge.network.HandshakeHandler/FMLHANDSHAKE]: Received client indexed reply 20 of type net.minecraftforge.network.HandshakeMessages$C2SAcknowledge
[10Aug2026 03:03:41.905] [Netty Epoll Server IO #1/DEBUG] [net.minecraftforge.network.HandshakeHandler/FMLHANDSHAKE]: Received acknowledgement from client
[10Aug2026 03:03:41.906] [Netty Epoll Server IO #1/DEBUG] [net.minecraftforge.network.LoginWrapper/FMLHANDSHAKE]: Recieved login wrapper packet event for channel fml:handshake with index 21
[10Aug2026 03:03:41.906] [Netty Epoll Server IO #1/DEBUG] [net.minecraftforge.network.HandshakeHandler/FMLHANDSHAKE]: Received client indexed reply 21 of type net.minecraftforge.network.HandshakeMessages$C2SAcknowledge
[10Aug2026 03:03:41.906] [Netty Epoll Server IO #1/DEBUG] [net.minecraftforge.network.HandshakeHandler/FMLHANDSHAKE]: Received acknowledgement from client
[10Aug2026 03:03:41.993] [Netty Epoll Server IO #1/DEBUG] [net.minecraftforge.network.LoginWrapper/FMLHANDSHAKE]: Recieved login wrapper packet event for channel fml:handshake with index 22
[10Aug2026 03:03:41.993] [Netty Epoll Server IO #1/DEBUG] [net.minecraftforge.network.HandshakeHandler/FMLHANDSHAKE]: Received client indexed reply 22 of type net.minecraftforge.network.HandshakeMessages$C2SAcknowledge
[10Aug2026 03:03:41.993] [Netty Epoll Server IO #1/DEBUG] [net.minecraftforge.network.HandshakeHandler/FMLHANDSHAKE]: Received acknowledgement from client
[10Aug2026 03:03:41.993] [Netty Epoll Server IO #1/DEBUG] [net.minecraftforge.network.LoginWrapper/FMLHANDSHAKE]: Recieved login wrapper packet event for channel fml:handshake with index 23
[10Aug2026 03:03:41.993] [Netty Epoll Server IO #1/DEBUG] [net.minecraftforge.network.HandshakeHandler/FMLHANDSHAKE]: Received client indexed reply 23 of type net.minecraftforge.network.HandshakeMessages$C2SAcknowledge
[10Aug2026 03:03:41.993] [Netty Epoll Server IO #1/DEBUG] [net.minecraftforge.network.HandshakeHandler/FMLHANDSHAKE]: Received acknowledgement from client
[10Aug2026 03:03:41.994] [Netty Epoll Server IO #1/DEBUG] [net.minecraftforge.network.LoginWrapper/FMLHANDSHAKE]: Recieved login wrapper packet event for channel fml:handshake with index 24
[10Aug2026 03:03:41.994] [Netty Epoll Server IO #1/DEBUG] [net.minecraftforge.network.HandshakeHandler/FMLHANDSHAKE]: Received client indexed reply 24 of type net.minecraftforge.network.HandshakeMessages$C2SAcknowledge
[10Aug2026 03:03:41.994] [Netty Epoll Server IO #1/DEBUG] [net.minecraftforge.network.HandshakeHandler/FMLHANDSHAKE]: Received acknowledgement from client
[10Aug2026 03:03:41.994] [Netty Epoll Server IO #1/DEBUG] [net.minecraftforge.network.LoginWrapper/FMLHANDSHAKE]: Recieved login wrapper packet event for channel fml:handshake with index 25
[10Aug2026 03:03:41.994] [Netty Epoll Server IO #1/DEBUG] [net.minecraftforge.network.HandshakeHandler/FMLHANDSHAKE]: Received client indexed reply 25 of type net.minecraftforge.network.HandshakeMessages$C2SAcknowledge
[10Aug2026 03:03:41.994] [Netty Epoll Server IO #1/DEBUG] [net.minecraftforge.network.HandshakeHandler/FMLHANDSHAKE]: Received acknowledgement from client
[10Aug2026 03:03:41.996] [Netty Epoll Server IO #1/DEBUG] [net.minecraftforge.network.LoginWrapper/FMLHANDSHAKE]: Recieved login wrapper packet event for channel fml:handshake with index 26
[10Aug2026 03:03:41.996] [Netty Epoll Server IO #1/DEBUG] [net.minecraftforge.network.HandshakeHandler/FMLHANDSHAKE]: Received client indexed reply 26 of type net.minecraftforge.network.HandshakeMessages$C2SAcknowledge
[10Aug2026 03:03:41.996] [Netty Epoll Server IO #1/DEBUG] [net.minecraftforge.network.HandshakeHandler/FMLHANDSHAKE]: Received acknowledgement from client
[10Aug2026 03:03:41.996] [Netty Epoll Server IO #1/DEBUG] [net.minecraftforge.network.LoginWrapper/FMLHANDSHAKE]: Recieved login wrapper packet event for channel fml:handshake with index 27
[10Aug2026 03:03:41.996] [Netty Epoll Server IO #1/DEBUG] [net.minecraftforge.network.HandshakeHandler/FMLHANDSHAKE]: Received client indexed reply 27 of type net.minecraftforge.network.HandshakeMessages$C2SAcknowledge
[10Aug2026 03:03:41.996] [Netty Epoll Server IO #1/DEBUG] [net.minecraftforge.network.HandshakeHandler/FMLHANDSHAKE]: Received acknowledgement from client
[10Aug2026 03:03:41.997] [Netty Epoll Server IO #1/DEBUG] [net.minecraftforge.network.LoginWrapper/FMLHANDSHAKE]: Recieved login wrapper packet event for channel fml:handshake with index 28
[10Aug2026 03:03:41.997] [Netty Epoll Server IO #1/DEBUG] [net.minecraftforge.network.HandshakeHandler/FMLHANDSHAKE]: Received client indexed reply 28 of type net.minecraftforge.network.HandshakeMessages$C2SAcknowledge
[10Aug2026 03:03:41.997] [Netty Epoll Server IO #1/DEBUG] [net.minecraftforge.network.HandshakeHandler/FMLHANDSHAKE]: Received acknowledgement from client
[10Aug2026 03:03:41.997] [Netty Epoll Server IO #1/DEBUG] [net.minecraftforge.network.LoginWrapper/FMLHANDSHAKE]: Recieved login wrapper packet event for channel fml:handshake with index 29
[10Aug2026 03:03:41.997] [Netty Epoll Server IO #1/DEBUG] [net.minecraftforge.network.HandshakeHandler/FMLHANDSHAKE]: Received client indexed reply 29 of type net.minecraftforge.network.HandshakeMessages$C2SAcknowledge
[10Aug2026 03:03:41.997] [Netty Epoll Server IO #1/DEBUG] [net.minecraftforge.network.HandshakeHandler/FMLHANDSHAKE]: Received acknowledgement from client
[10Aug2026 03:03:42.000] [Server thread/DEBUG] [net.minecraftforge.network.HandshakeHandler/FMLHANDSHAKE]: Handshake complete!
[10Aug2026 03:03:42.052] [Server thread/WARN] [net.minecraft.network.syncher.SynchedEntityData/]: defineId called for: class net.minecraft.world.entity.player.Player from class tschipp.carryon.common.carry.CarryOnDataManager
[10Aug2026 03:03:42.057] [Server thread/DEBUG] [ModernFix/]: Generating capability dispatcher #11 for types: [artifacts.forge.capability.SwimDataProvider -> indeterminate (bytecode analysis disabled), com.github.alexthe666.iceandfire.entity.props.EntityDataProvider -> indeterminate (bytecode analysis disabled), ovh.corail.tombstone.capability.TBCapabilityProvider -> indeterminate (bytecode analysis disabled), ovh.corail.tombstone.capability.ProtectedEntityProvider -> indeterminate (bytecode analysis disabled), com.github.L_Ender.cataclysm.capabilities.HookCapability$HookCapabilityImp$HookProvider -> indeterminate (bytecode analysis disabled), com.github.L_Ender.cataclysm.capabilities.ChargeCapability$ChargeCapabilityImp$ChargeProvider -> indeterminate (bytecode analysis disabled), com.github.L_Ender.cataclysm.capabilities.RenderRushCapability$RenderRushCapabilityImp$RenderRushProvider -> indeterminate (bytecode analysis disabled), com.github.L_Ender.cataclysm.capabilities.TidalTentacleCapability$TentacleCapabilityImp$TentacleProvider -> indeterminate (bytecode analysis disabled), com.github.L_Ender.cataclysm.capabilities.ParryCapability$ParryCapabilityImp$ParryProvider -> indeterminate (bytecode analysis disabled), top.theillusivec4.curios.common.capability.CurioInventoryCapability$Provider -> indeterminate (bytecode analysis disabled), com.illusivesoulworks.polymorph.common.CommonEventsListener$PlayerRecipeDataProvider -> indeterminate (bytecode analysis disabled)]
[10Aug2026 03:03:42.059] [Server thread/DEBUG] [mixin/]: Mixing FoodDataMixin from alexscaves.mixins.json into net.minecraft.world.food.FoodData
[10Aug2026 03:03:42.060] [Server thread/DEBUG] [mixin/]: Mixing FoodDataMixin from cataclysm.mixins.json into net.minecraft.world.food.FoodData
[10Aug2026 03:03:42.119] [Server thread/INFO] [net.minecraft.server.players.PlayerList/]: Darkiumoun[/100.76.89.1:51385] logged in with entity id 878 at (-192.6361158460616, 81.0, 276.47694423454)
[10Aug2026 03:03:42.130] [Server thread/DEBUG] [net.minecraftforge.network.filters.NetworkFilters/]: Injected net.minecraftforge.network.filters.ForgeConnectionNetworkFilter@50b1e902 into net.minecraft.network.Connection@554748be
[10Aug2026 03:03:42.194] [Server thread/INFO] [ModernFix/]: Using enhanced recipe sync for player Darkiumoun
[10Aug2026 03:03:42.260] [Server thread/INFO] [net.minecraft.server.MinecraftServer/]: Darkiumoun joined the game
[10Aug2026 03:03:42.309] [Server thread/DEBUG] [mixin/]: Mixing ChunkHolderMixin from supplementaries.mixins.json into net.minecraft.network.protocol.game.ClientboundLevelChunkPacketData$BlockEntityInfo
[10Aug2026 03:03:42.312] [Server thread/DEBUG] [mixin/]: Renaming synthetic method lambda$sendBlockEntityCaps$2(Lnet/minecraft/world/level/block/entity/BlockEntity;Lnet/minecraft/server/level/ServerLevel;Lnet/minecraft/core/BlockPos;)V to mdff13ee$lambda$sendBlockEntityCaps$2$0 in supplementaries.mixins.json:ChunkHolderMixin
[10Aug2026 03:03:42.312] [Server thread/DEBUG] [mixin/]: Renaming synthetic method lambda$sendBlockEntityCaps$1(Lnet/minecraft/server/level/ServerLevel;Lnet/minecraft/core/BlockPos;Lnet/mehvahdjukaar/supplementaries/api/IAntiqueTextProvider;)V to mdff13ee$lambda$sendBlockEntityCaps$1$1 in supplementaries.mixins.json:ChunkHolderMixin
[10Aug2026 03:03:42.312] [Server thread/DEBUG] [mixin/]: Renaming synthetic method lambda$sendBlockEntityCaps$0(Lnet/minecraft/core/BlockPos;Lnet/mehvahdjukaar/supplementaries/api/IAntiqueTextProvider;Lnet/minecraft/server/level/ServerPlayer;)V to mdff13ee$lambda$sendBlockEntityCaps$0$2 in supplementaries.mixins.json:ChunkHolderMixin
[10Aug2026 03:03:42.490] [Server thread/INFO] [me.edoren.skin_changer.server.SkinProviderController/]: Player Darkiumoun just logged in with id c4e857d5-16b0-386e-b080-ca2361fd0700
[10Aug2026 03:03:42.495] [ForkJoinPool-4-worker-1/INFO] [me.edoren.skin_changer.server.SkinProviderController/]: Loading local skin for player Darkiumoun[c4e857d5-16b0-386e-b080-ca2361fd0700]
[10Aug2026 03:03:42.499] [ForkJoinPool-4-worker-1/DEBUG] [me.edoren.skin_changer.common.NetworkUtils/]: Downloading file https://playerdb.co/api/player/minecraft/Darkiumoun
[10Aug2026 03:03:42.525] [Server thread/INFO] [Jade/]: Syncing config to Darkiumoun (c4e857d5-16b0-386e-b080-ca2361fd0700)
[10Aug2026 03:03:42.534] [Server thread/DEBUG] [ModernFix/]: Generating capability dispatcher #12 for types: [artifacts.forge.capability.SwimDataProvider -> indeterminate (bytecode analysis disabled), com.github.alexthe666.iceandfire.entity.props.EntityDataProvider -> indeterminate (bytecode analysis disabled), com.github.L_Ender.cataclysm.capabilities.HookCapability$HookCapabilityImp$HookProvider -> indeterminate (bytecode analysis disabled), com.github.L_Ender.cataclysm.capabilities.ChargeCapability$ChargeCapabilityImp$ChargeProvider -> indeterminate (bytecode analysis disabled), com.github.L_Ender.cataclysm.capabilities.RenderRushCapability$RenderRushCapabilityImp$RenderRushProvider -> indeterminate (bytecode analysis disabled), com.github.L_Ender.cataclysm.capabilities.TidalTentacleCapability$TentacleCapabilityImp$TentacleProvider -> indeterminate (bytecode analysis disabled), com.github.L_Ender.cataclysm.capabilities.ParryCapability$ParryCapabilityImp$ParryProvider -> indeterminate (bytecode analysis disabled), top.theillusivec4.curios.common.capability.CurioInventoryCapability$Provider -> indeterminate (bytecode analysis disabled), com.illusivesoulworks.polymorph.common.CommonEventsListener$PlayerRecipeDataProvider -> indeterminate (bytecode analysis disabled)]
[10Aug2026 03:03:42.584] [ForkJoinPool-4-worker-1/INFO] [me.edoren.skin_changer.common.NetworkUtils/]: File https://playerdb.co/api/player/minecraft/Darkiumoun downloaded
[10Aug2026 03:03:42.589] [ForkJoinPool-4-worker-1/DEBUG] [me.edoren.skin_changer.common.NetworkUtils/]: Downloading file https://crafatar.com/capes/2f6a3eaf-5eba-45cd-94b6-342e7f37203f
[10Aug2026 03:03:42.792] [ForkJoinPool-4-worker-1/INFO] [me.edoren.skin_changer.common.NetworkUtils/]: Error downloading file https://crafatar.com/capes/2f6a3eaf-5eba-45cd-94b6-342e7f37203f
[10Aug2026 03:03:47.025] [Server thread/INFO] [net.minecraft.server.MinecraftServer/]: Darkiumoun has reached the goal [Sky's the Limit]
[10Aug2026 03:03:51.949] [Quantified-Vulkan-Probe-Scheduler/INFO] [org.admany.quantified.core.common.gpu.backend.VulkanProbeScheduler/]: Running Vulkan probe attempt #2 (retry:unavailable)
[10Aug2026 03:03:51.949] [Quantified-Vulkan-Probe-Scheduler/INFO] [org.admany.quantified.core.common.gpu.backend.VulkanRuntime/]: [Vulkan][Probe 3] Reprobe requested on thread 'Quantified-Vulkan-Probe-Scheduler' (group=main')
[10Aug2026 03:03:51.949] [Quantified-Vulkan-Probe-Scheduler/INFO] [org.admany.quantified.core.common.gpu.backend.VulkanRuntime/]: [Vulkan][Probe 3] Probe start on thread 'Quantified-Vulkan-Probe-Scheduler' LWJGL-stack=64 MiB
[10Aug2026 03:03:51.949] [Quantified-Vulkan-Probe-Scheduler/INFO] [org.admany.quantified.core.common.gpu.backend.VulkanRuntime/]: [Vulkan][Probe 3] Environment: os=Linux 6.8.0-1052-azure, arch=amd64, java=17.0.19, vendor=Ubuntu, lwjgl.stack.bytes=67108864, quantified.lwjgl.stackSizeBytes=67108864, quantified.lwjgl.stackSizeKb=65536, quantified.gpuThreadStackBytes=<unset>, quantified.gpuThreadStackKb=<unset>, quantified.probeThreadStackBytes=<unset>, quantified.probeThreadStackKb=<unset>, org.lwjgl.system.stackSizeKb=65536
[10Aug2026 03:03:51.949] [Quantified-Vulkan-Probe-Scheduler/INFO] [org.admany.quantified.core.common.gpu.backend.VulkanRuntime/]: [Vulkan][Probe 3] Loader env: VK_ICD_FILENAMES=<unset>, VK_DRIVER_FILES=<unset>, VK_LAYER_PATH=<unset>, VK_INSTANCE_LAYERS=<unset>, VK_LOADER_DEBUG=<unset>, VK_LOADER_LAYERS_DISABLE=<unset>
[10Aug2026 03:03:52.139] [Quantified-Vulkan-Probe-Scheduler/INFO] [org.admany.quantified.core.common.gpu.backend.VulkanRuntime/]: [Vulkan][Probe 3] Launching isolated Vulkan probe: /usr/lib/jvm/java-17-openjdk-amd64/bin/java -Xms16m -Xmx256m -XX:MaxDirectMemorySize=128m -Xss16m -Dorg.lwjgl.system.stackSize=16384 -Dquantified.lwjgl.stackSizeKb=16384 -Dquantified.lwjgl.stackSizeBytes=16777216 -Dorg.lwjgl.system.SharedLibraryExtractPath=/workspaces/papuproyecto/servidor_minecraft/config/QuantifiedAPI/cache/tools/vulkanProbe/natives -Dorg.lwjgl.librarypath=/workspaces/papuproyecto/servidor_minecraft/config/QuantifiedAPI/cache/tools/vulkanProbe/natives -cp /workspaces/papuproyecto/servidor_minecraft/config/QuantifiedAPI/cache/tools/vulkanProbe/quantified-vulkan-probe.jar:/workspaces/papuproyecto/servidor_minecraft/config/QuantifiedAPI/cache/tools/vulkanProbe/lib/lwjgl-3.3.3-natives-linux-arm64.jar:/workspaces/papuproyecto/servidor_minecraft/config/QuantifiedAPI/cache/tools/vulkanProbe/lib/lwjgl-3.3.3-natives-linux.jar:/workspaces/papuproyecto/servidor_minecraft/config/QuantifiedAPI/cache/tools/vulkanProbe/lib/lwjgl-3.3.3-natives-windows.jar:/workspaces/papuproyecto/servidor_minecraft/config/QuantifiedAPI/cache/tools/vulkanProbe/lib/lwjgl-3.3.3.jar:/workspaces/papuproyecto/servidor_minecraft/config/QuantifiedAPI/cache/tools/vulkanProbe/lib/lwjgl-vulkan-3.3.3.jar org.admany.quantified.vulkan.probe.VulkanProbeEntrypoint [VK_LOADER_LAYERS_DISABLE=~implicit~, VK_LOADER_DEBUG=error]
[10Aug2026 03:03:52.211] [Quantified-Vulkan-Probe-Stdout/INFO] [org.admany.quantified.core.common.gpu.backend.VulkanRuntime/]: [Vulkan][Probe 3] [Subprocess] [probe] [heartbeat] startup
[10Aug2026 03:03:52.212] [Quantified-Vulkan-Probe-Stdout/INFO] [org.admany.quantified.core.common.gpu.backend.VulkanRuntime/]: [Vulkan][Probe 3] [Subprocess] [probe] [heartbeat] pre-librarypath-config
[10Aug2026 03:03:52.237] [Quantified-Vulkan-Probe-Stdout/INFO] [org.admany.quantified.core.common.gpu.backend.VulkanRuntime/]: [Vulkan][Probe 3] [Subprocess] [probe] java=17.0.19, vendor=Ubuntu, os=Linux 6.8.0-1052-azure, arch=amd64
[10Aug2026 03:03:52.246] [Quantified-Vulkan-Probe-Stdout/INFO] [org.admany.quantified.core.common.gpu.backend.VulkanRuntime/]: [Vulkan][Probe 3] [Subprocess] [probe] org.lwjgl.system.stackSizeKb=16384, quantified.lwjgl.stackSizeBytes=16777216
[10Aug2026 03:03:52.246] [Quantified-Vulkan-Probe-Stdout/INFO] [org.admany.quantified.core.common.gpu.backend.VulkanRuntime/]: [Vulkan][Probe 3] [Subprocess] [probe] java.library.path=/tmp/_MEIuXk0Wj:/usr/java/packages/lib:/usr/lib/x86_64-linux-gnu/jni:/lib/x86_64-linux-gnu:/usr/lib/x86_64-linux-gnu:/usr/lib/jni:/lib:/usr/lib
[10Aug2026 03:03:52.246] [Quantified-Vulkan-Probe-Stdout/INFO] [org.admany.quantified.core.common.gpu.backend.VulkanRuntime/]: [Vulkan][Probe 3] [Subprocess] [probe] org.lwjgl.librarypath=/workspaces/papuproyecto/servidor_minecraft/config/QuantifiedAPI/cache/tools/vulkanProbe/natives
[10Aug2026 03:03:52.246] [Quantified-Vulkan-Probe-Stdout/INFO] [org.admany.quantified.core.common.gpu.backend.VulkanRuntime/]: [Vulkan][Probe 3] [Subprocess] [probe] org.lwjgl.system.SharedLibraryExtractPath(original)=/workspaces/papuproyecto/servidor_minecraft/config/QuantifiedAPI/cache/tools/vulkanProbe/natives
[10Aug2026 03:03:52.249] [Quantified-Vulkan-Probe-Stdout/INFO] [org.admany.quantified.core.common.gpu.backend.VulkanRuntime/]: [Vulkan][Probe 3] [Subprocess] [probe] org.lwjgl.system.SharedLibraryExtractPath(effective)=/workspaces/papuproyecto/servidor_minecraft/config/QuantifiedAPI/cache/tools/vulkanProbe/natives
[10Aug2026 03:03:52.249] [Quantified-Vulkan-Probe-Stdout/INFO] [org.admany.quantified.core.common.gpu.backend.VulkanRuntime/]: [Vulkan][Probe 3] [Subprocess] [probe] [heartbeat] post-librarypath-config
[10Aug2026 03:03:52.261] [Quantified-Vulkan-Probe-Stdout/INFO] [org.admany.quantified.core.common.gpu.backend.VulkanRuntime/]: [Vulkan][Probe 3] [Subprocess] [probe] [heartbeat] pre-VK-init
[10Aug2026 03:03:52.421] [Quantified-Vulkan-Probe-Stdout/INFO] [org.admany.quantified.core.common.gpu.backend.VulkanRuntime/]: [Vulkan][Probe 3] [Subprocess] [LWJGL] Failed to load a library. Possible solutions:
[10Aug2026 03:03:52.421] [Quantified-Vulkan-Probe-Stdout/INFO] [org.admany.quantified.core.common.gpu.backend.VulkanRuntime/]: [Vulkan][Probe 3] [Subprocess] 	a) Install the library or the driver that provides the library.
[10Aug2026 03:03:52.421] [Quantified-Vulkan-Probe-Stdout/INFO] [org.admany.quantified.core.common.gpu.backend.VulkanRuntime/]: [Vulkan][Probe 3] [Subprocess] 	b) Ensure that the library is accessible from the system library paths.
[10Aug2026 03:03:52.421] [Quantified-Vulkan-Probe-Stdout/INFO] [org.admany.quantified.core.common.gpu.backend.VulkanRuntime/]: [Vulkan][Probe 3] [Subprocess] [LWJGL] Enable debug mode with -Dorg.lwjgl.util.Debug=true for better diagnostics.
[10Aug2026 03:03:52.421] [Quantified-Vulkan-Probe-Stdout/INFO] [org.admany.quantified.core.common.gpu.backend.VulkanRuntime/]: [Vulkan][Probe 3] [Subprocess] [LWJGL] Enable the SharedLibraryLoader debug mode with -Dorg.lwjgl.util.DebugLoader=true for better diagnostics.
[10Aug2026 03:03:52.421] [Quantified-Vulkan-Probe-Stdout/INFO] [org.admany.quantified.core.common.gpu.backend.VulkanRuntime/]: [Vulkan][Probe 3] [Subprocess] [probe] VK bootstrap failure: java.lang.UnsatisfiedLinkError: Failed to locate library: libvulkan.so.1
[10Aug2026 03:03:52.422] [Quantified-Vulkan-Probe-Stdout/INFO] [org.admany.quantified.core.common.gpu.backend.VulkanRuntime/]: [Vulkan][Probe 3] [Subprocess] java.lang.UnsatisfiedLinkError: Failed to locate library: libvulkan.so.1
[10Aug2026 03:03:52.422] [Quantified-Vulkan-Probe-Stdout/INFO] [org.admany.quantified.core.common.gpu.backend.VulkanRuntime/]: [Vulkan][Probe 3] [Subprocess] 	at org.lwjgl.system.Library.loadNative(Library.java:346)
[10Aug2026 03:03:52.422] [Quantified-Vulkan-Probe-Stdout/INFO] [org.admany.quantified.core.common.gpu.backend.VulkanRuntime/]: [Vulkan][Probe 3] [Subprocess] 	at org.lwjgl.system.Library.loadNative(Library.java:236)
[10Aug2026 03:03:52.422] [Quantified-Vulkan-Probe-Stdout/INFO] [org.admany.quantified.core.common.gpu.backend.VulkanRuntime/]: [Vulkan][Probe 3] [Subprocess] 	at org.lwjgl.system.Library.loadNative(Library.java:217)
[10Aug2026 03:03:52.422] [Quantified-Vulkan-Probe-Stdout/INFO] [org.admany.quantified.core.common.gpu.backend.VulkanRuntime/]: [Vulkan][Probe 3] [Subprocess] 	at org.lwjgl.system.Library.loadNative(Library.java:431)
[10Aug2026 03:03:52.422] [Quantified-Vulkan-Probe-Stdout/INFO] [org.admany.quantified.core.common.gpu.backend.VulkanRuntime/]: [Vulkan][Probe 3] [Subprocess] 	at org.lwjgl.system.Library.loadNative(Library.java:402)
[10Aug2026 03:03:52.422] [Quantified-Vulkan-Probe-Stdout/INFO] [org.admany.quantified.core.common.gpu.backend.VulkanRuntime/]: [Vulkan][Probe 3] [Subprocess] 	at org.lwjgl.vulkan.VK.create(VK.java:52)
[10Aug2026 03:03:52.422] [Quantified-Vulkan-Probe-Stdout/INFO] [org.admany.quantified.core.common.gpu.backend.VulkanRuntime/]: [Vulkan][Probe 3] [Subprocess] 	at org.lwjgl.vulkan.VK.<clinit>(VK.java:37)
[10Aug2026 03:03:52.422] [Quantified-Vulkan-Probe-Stdout/INFO] [org.admany.quantified.core.common.gpu.backend.VulkanRuntime/]: [Vulkan][Probe 3] [Subprocess] 	at java.base/java.lang.Class.forName0(Native Method)
[10Aug2026 03:03:52.423] [Quantified-Vulkan-Probe-Stdout/INFO] [org.admany.quantified.core.common.gpu.backend.VulkanRuntime/]: [Vulkan][Probe 3] [Subprocess] 	at java.base/java.lang.Class.forName(Class.java:377)
[10Aug2026 03:03:52.423] [Quantified-Vulkan-Probe-Stdout/INFO] [org.admany.quantified.core.common.gpu.backend.VulkanRuntime/]: [Vulkan][Probe 3] [Subprocess] 	at org.admany.quantified.vulkan.probe.VulkanProbeEntrypoint.bootstrapVulkanBinding(VulkanProbeEntrypoint.java:89)
[10Aug2026 03:03:52.423] [Quantified-Vulkan-Probe-Stdout/INFO] [org.admany.quantified.core.common.gpu.backend.VulkanRuntime/]: [Vulkan][Probe 3] [Subprocess] 	at org.admany.quantified.vulkan.probe.VulkanProbeEntrypoint.main(VulkanProbeEntrypoint.java:69)
[10Aug2026 03:03:52.423] [Quantified-Vulkan-Probe-Stdout/INFO] [org.admany.quantified.core.common.gpu.backend.VulkanRuntime/]: [Vulkan][Probe 3] [Subprocess] [probe] [heartbeat] post-VK-init-failed
[10Aug2026 03:03:52.423] [Quantified-Vulkan-Probe-Stdout/INFO] [org.admany.quantified.core.common.gpu.backend.VulkanRuntime/]: [Vulkan][Probe 3] [Subprocess] [probe] [heartbeat] done
[10Aug2026 03:03:52.423] [Quantified-Vulkan-Probe-Stdout/INFO] [org.admany.quantified.core.common.gpu.backend.VulkanRuntime/]: [Vulkan][Probe 3] [Subprocess] {"ok":false,"code":"vk_class_init_failed","maxApiVersion":0,"selectedApiVersion":0,"devices":[],"failure":"UnsatisfiedLinkError: Failed to locate library: libvulkan.so.1"}
[10Aug2026 03:03:52.430] [Quantified-Vulkan-Probe-Scheduler/WARN] [org.admany.quantified.core.common.gpu.backend.VulkanRuntime/]: [Vulkan][Probe 3] UnsatisfiedLinkError: Failed to locate library: libvulkan.so.1
[10Aug2026 03:03:52.431] [Quantified-Vulkan-Probe-Scheduler/WARN] [org.admany.quantified.core.common.gpu.backend.VulkanProbeScheduler/]: Vulkan probe attempts exhausted; giving up after 3 tries
[10Aug2026 03:03:57.930] [Server thread/DEBUG] [mixin/]: Mixing swimming.FallLocationMixin from expandability-common.mixins.json into net.minecraft.world.damagesource.FallLocation
[10Aug2026 03:04:04.742] [Server thread/DEBUG] [ModernFix/]: Using cached upgraded version of alexscaves:underground_cabin_2
[10Aug2026 03:04:04.943] [Worker-Main-2/DEBUG] [mixin/]: Mixing JigsawPlacementMixin from structureessentials.mixins.json into net.minecraft.world.level.levelgen.structure.pools.JigsawPlacement
[10Aug2026 03:04:04.960] [Worker-Main-2/DEBUG] [mixin/]: Mixing JigsawPlacementPlacerMixin from waystones.mixins.json into net.minecraft.world.level.levelgen.structure.pools.JigsawPlacement$Placer
[10Aug2026 03:04:04.961] [Worker-Main-2/DEBUG] [mixin/]: Mixing StructurePlacementLogging from structureessentials.mixins.json into net.minecraft.world.level.levelgen.structure.pools.JigsawPlacement$Placer
[10Aug2026 03:04:05.297] [Server thread/DEBUG] [ModernFix/]: Using cached upgraded version of alexscaves:underground_cabin_1
[10Aug2026 03:04:05.528] [Worker-Main-2/DEBUG] [ModernFix/]: Using cached upgraded version of nova_structures:mangrove_witch_hut/mangrove_witch_hut_2
[10Aug2026 03:04:06.247] [Server thread/WARN] [net.minecraft.server.network.ServerGamePacketListenerImpl/]: Darkiumoun moved too quickly! 10.9352819191609,-0.19404113592275962,-14.959243100945521
[10Aug2026 03:04:08.157] [Worker-Main-2/DEBUG] [ModernFix/]: Using cached upgraded version of nova_structures:bunker/bunker_enterance_3
[10Aug2026 03:04:12.988] [Worker-Main-1/DEBUG] [ModernFix/]: Using cached upgraded version of nova_structures:wild_ruin/wild_ruin_1
[10Aug2026 03:04:14.496] [Worker-Main-1/DEBUG] [ModernFix/]: Using cached upgraded version of nova_structures:wild_ruin/wild_ruin_5b
[10Aug2026 03:04:19.322] [Worker-Main-3/DEBUG] [ModernFix/]: Using cached upgraded version of minecraft:village_jungle/jungle_village_center1
[10Aug2026 03:04:19.332] [Worker-Main-3/DEBUG] [ModernFix/]: Using cached upgraded version of minecraft:village_swamp/swamp_village_center1
[10Aug2026 03:04:19.350] [Server thread/WARN] [net.minecraft.server.network.ServerGamePacketListenerImpl/]: Darkiumoun moved too quickly! 10.535816646033936,3.066101865150415,-14.331868455526944
[10Aug2026 03:05:11.768] [Server thread/INFO] [net.minecraft.server.network.ServerGamePacketListenerImpl/]: Darkiumoun lost connection: Disconnected
[10Aug2026 03:05:11.768] [Server thread/INFO] [net.minecraft.server.MinecraftServer/]: Darkiumoun left the game
[10Aug2026 03:05:11.768] [Server thread/INFO] [me.edoren.skin_changer.server.SkinProviderController/]: Removing session data for player Darkiumoun[c4e857d5-16b0-386e-b080-ca2361fd0700]
[10Aug2026 03:05:11.836] [Server thread/WARN] [net.minecraft.server.MinecraftServer/]: Can't keep up! Is the server overloaded? Running 51037ms or 1020 ticks behind
[10Aug2026 03:05:11.844] [Netty Epoll Server IO #2/DEBUG] [net.minecraftforge.network.HandshakeHandler/FMLHANDSHAKE]: Starting new modded impl connection. Found 30 messages to dispatch.
[10Aug2026 03:05:11.850] [Server thread/WARN] [net.minecraft.network.Connection/]: handleDisconnection() called twice
[10Aug2026 03:05:12.068] [Server thread/DEBUG] [net.minecraftforge.network.HandshakeHandler/FMLHANDSHAKE]: Sending ticking packet info 'FrameworkConfig refurbished_furniture:server' to 'framework:handshake' sequence 0
[10Aug2026 03:05:12.068] [Server thread/DEBUG] [net.minecraftforge.network.HandshakeHandler/FMLHANDSHAKE]: Sending ticking packet info 'net.minecraftforge.network.HandshakeMessages$S2CModData' to 'fml:handshake' sequence 1
[10Aug2026 03:05:12.068] [Server thread/DEBUG] [net.minecraftforge.network.HandshakeHandler/FMLHANDSHAKE]: Sending ticking packet info 'net.minecraftforge.network.HandshakeMessages$S2CModList' to 'fml:handshake' sequence 2
[10Aug2026 03:05:12.068] [Server thread/DEBUG] [net.minecraftforge.network.HandshakeHandler/FMLHANDSHAKE]: Sending ticking packet info 'Registry minecraft:command_argument_type' to 'fml:handshake' sequence 3
[10Aug2026 03:05:12.068] [Server thread/DEBUG] [net.minecraftforge.network.HandshakeHandler/FMLHANDSHAKE]: Sending ticking packet info 'Registry minecraft:recipe_serializer' to 'fml:handshake' sequence 4
[10Aug2026 03:05:12.069] [Server thread/DEBUG] [net.minecraftforge.network.HandshakeHandler/FMLHANDSHAKE]: Sending ticking packet info 'Registry minecraft:sound_event' to 'fml:handshake' sequence 5
[10Aug2026 03:05:12.069] [Server thread/DEBUG] [net.minecraftforge.network.HandshakeHandler/FMLHANDSHAKE]: Sending ticking packet info 'Registry minecraft:particle_type' to 'fml:handshake' sequence 6
[10Aug2026 03:05:12.069] [Server thread/DEBUG] [net.minecraftforge.network.HandshakeHandler/FMLHANDSHAKE]: Sending ticking packet info 'Registry minecraft:villager_profession' to 'fml:handshake' sequence 7
[10Aug2026 03:05:12.069] [Server thread/DEBUG] [net.minecraftforge.network.HandshakeHandler/FMLHANDSHAKE]: Sending ticking packet info 'Registry minecraft:item' to 'fml:handshake' sequence 8
[10Aug2026 03:05:12.069] [Server thread/DEBUG] [net.minecraftforge.network.HandshakeHandler/FMLHANDSHAKE]: Sending ticking packet info 'Registry minecraft:potion' to 'fml:handshake' sequence 9
[10Aug2026 03:05:12.069] [Server thread/DEBUG] [net.minecraftforge.network.HandshakeHandler/FMLHANDSHAKE]: Sending ticking packet info 'Registry minecraft:painting_variant' to 'fml:handshake' sequence 10
[10Aug2026 03:05:12.069] [Server thread/DEBUG] [net.minecraftforge.network.HandshakeHandler/FMLHANDSHAKE]: Sending ticking packet info 'Registry forge:fluid_type' to 'fml:handshake' sequence 11
[10Aug2026 03:05:12.069] [Server thread/DEBUG] [net.minecraftforge.network.HandshakeHandler/FMLHANDSHAKE]: Sending ticking packet info 'Registry minecraft:block_entity_type' to 'fml:handshake' sequence 12
[10Aug2026 03:05:12.069] [Server thread/DEBUG] [net.minecraftforge.network.HandshakeHandler/FMLHANDSHAKE]: Sending ticking packet info 'Registry forge:display_contexts' to 'fml:handshake' sequence 13
[10Aug2026 03:05:12.069] [Server thread/DEBUG] [net.minecraftforge.network.HandshakeHandler/FMLHANDSHAKE]: Sending ticking packet info 'Registry minecraft:block' to 'fml:handshake' sequence 14
[10Aug2026 03:05:12.069] [Server thread/DEBUG] [net.minecraftforge.network.HandshakeHandler/FMLHANDSHAKE]: Sending ticking packet info 'Registry forge:entity_data_serializers' to 'fml:handshake' sequence 15
[10Aug2026 03:05:12.069] [Server thread/DEBUG] [net.minecraftforge.network.HandshakeHandler/FMLHANDSHAKE]: Sending ticking packet info 'Registry minecraft:mob_effect' to 'fml:handshake' sequence 16
[10Aug2026 03:05:12.069] [Server thread/DEBUG] [net.minecraftforge.network.HandshakeHandler/FMLHANDSHAKE]: Sending ticking packet info 'Registry minecraft:stat_type' to 'fml:handshake' sequence 17
[10Aug2026 03:05:12.069] [Server thread/DEBUG] [net.minecraftforge.network.HandshakeHandler/FMLHANDSHAKE]: Sending ticking packet info 'Registry tombstone:perks' to 'fml:handshake' sequence 18
[10Aug2026 03:05:12.069] [Server thread/DEBUG] [net.minecraftforge.network.HandshakeHandler/FMLHANDSHAKE]: Sending ticking packet info 'Registry minecraft:menu' to 'fml:handshake' sequence 19
[10Aug2026 03:05:12.069] [Server thread/DEBUG] [net.minecraftforge.network.HandshakeHandler/FMLHANDSHAKE]: Sending ticking packet info 'Registry minecraft:enchantment' to 'fml:handshake' sequence 20
[10Aug2026 03:05:12.069] [Server thread/DEBUG] [net.minecraftforge.network.HandshakeHandler/FMLHANDSHAKE]: Sending ticking packet info 'Registry minecraft:fluid' to 'fml:handshake' sequence 21
[10Aug2026 03:05:12.069] [Server thread/DEBUG] [net.minecraftforge.network.HandshakeHandler/FMLHANDSHAKE]: Sending ticking packet info 'Registry minecraft:entity_type' to 'fml:handshake' sequence 22
[10Aug2026 03:05:12.069] [Server thread/DEBUG] [net.minecraftforge.network.HandshakeHandler/FMLHANDSHAKE]: Sending ticking packet info 'Config securitycraft-server.toml' to 'fml:handshake' sequence 23
[10Aug2026 03:05:12.069] [Server thread/DEBUG] [net.minecraftforge.network.HandshakeHandler/FMLHANDSHAKE]: Sending ticking packet info 'Config curios-server.toml' to 'fml:handshake' sequence 24
[10Aug2026 03:05:12.069] [Server thread/DEBUG] [net.minecraftforge.network.HandshakeHandler/FMLHANDSHAKE]: Sending ticking packet info 'Config tombstone-server.toml' to 'fml:handshake' sequence 25
[10Aug2026 03:05:12.069] [Server thread/DEBUG] [net.minecraftforge.network.HandshakeHandler/FMLHANDSHAKE]: Sending ticking packet info 'Config sophisticatedbackpacks-server.toml' to 'fml:handshake' sequence 26
[10Aug2026 03:05:12.069] [Server thread/DEBUG] [net.minecraftforge.network.HandshakeHandler/FMLHANDSHAKE]: Sending ticking packet info 'Config jei-server.toml' to 'fml:handshake' sequence 27
[10Aug2026 03:05:12.069] [Server thread/DEBUG] [net.minecraftforge.network.HandshakeHandler/FMLHANDSHAKE]: Sending ticking packet info 'Config forge-server.toml' to 'fml:handshake' sequence 28
[10Aug2026 03:05:12.069] [Server thread/DEBUG] [net.minecraftforge.network.HandshakeHandler/FMLHANDSHAKE]: Sending ticking packet info 'Config ntgl-server.toml' to 'fml:handshake' sequence 29
[10Aug2026 03:05:12.176] [Netty Epoll Server IO #2/DEBUG] [net.minecraftforge.network.LoginWrapper/FMLHANDSHAKE]: Recieved login wrapper packet event for channel framework:handshake with index 0
[10Aug2026 03:05:12.176] [Netty Epoll Server IO #2/DEBUG] [net.minecraftforge.network.HandshakeHandler/FMLHANDSHAKE]: Received client indexed reply 0 of type com.mrcrayfish.framework.api.network.message.HandshakeMessage$Acknowledge
[10Aug2026 03:05:12.176] [Netty Epoll Server IO #2/DEBUG] [Framework/FRAMEWORK_HANDSHAKE]: Received acknowledgement from client
[10Aug2026 03:05:12.276] [Netty Epoll Server IO #2/DEBUG] [net.minecraftforge.network.LoginWrapper/FMLHANDSHAKE]: Recieved login wrapper packet event for channel fml:handshake with index 2
[10Aug2026 03:05:12.309] [Netty Epoll Server IO #2/DEBUG] [net.minecraftforge.network.HandshakeHandler/FMLHANDSHAKE]: Received client indexed reply 2 of type net.minecraftforge.network.HandshakeMessages$C2SModListReply
[10Aug2026 03:05:12.310] [Netty Epoll Server IO #2/DEBUG] [net.minecraftforge.network.HandshakeHandler/FMLHANDSHAKE]: Received client connection with modlist [kuma_api, supermartijn642configlib, watermedia_youtube_plugin, trashslot, sodiumextras, watermedia, geckolib, playeranimator, jei, xaerolib, trender, stalwart_dungeons, sophisticatedcore, ntgl, waystones, structureessentials, clumps, xaeroworldmap, controlling, placebo, modernfix, citadel, alexsmobs, naturescompass, artifacts, sophisticatedbackpacks, iceandfire, bygonenether, balm, blueprint, carryon, sodiumoptionsapi, chat_heads, puzzlesaccessapi, cloth_config, sound_physics_remastered, crash_assistant, forge, supplementaries, sodiumdynamiclights, embeddium, rubidium, ironchest, minecraft, endergetic, alexscaves, littleframes, terrablender, moonlight, fabric_api_base, mousetweaks, biomesoplenty, mixinsquared, jade, endrem, creativecore, chunky, spectrelib, supermartijn642corelib, lionfishapi, kotlinforforge, cataclysm, curios, patchouli, xaerominimap, oculus, betterbiomeblend, searchables, polymorph, securitycraft, mr_dungeons_andtaverns, entityculling, tombstone, immediatelyfast, coroutil, fastfurnace, architectury, skin_changer, appleskin, ferritecore, cupboard, transition, refurbished_furniture, puzzleslib, quantified, framework, expandability, essential]
[10Aug2026 03:05:12.310] [Netty Epoll Server IO #2/DEBUG] [net.minecraftforge.network.NetworkRegistry/NETREGISTRY]: Channel 'supplementaries:channel' : Version test of '0' from client : ACCEPTED
[10Aug2026 03:05:12.310] [Netty Epoll Server IO #2/DEBUG] [net.minecraftforge.network.NetworkRegistry/NETREGISTRY]: Channel 'alexscaves:main_channel' : Version test of '1' from client : ACCEPTED
[10Aug2026 03:05:12.310] [Netty Epoll Server IO #2/DEBUG] [net.minecraftforge.network.NetworkRegistry/NETREGISTRY]: Channel 'jei:channel' : Version test of '1.0.0' from client : ACCEPTED
[10Aug2026 03:05:12.310] [Netty Epoll Server IO #2/DEBUG] [net.minecraftforge.network.NetworkRegistry/NETREGISTRY]: Channel 'minecraft:unregister' : Version test of 'FML3' from client : ACCEPTED
[10Aug2026 03:05:12.310] [Netty Epoll Server IO #2/DEBUG] [net.minecraftforge.network.NetworkRegistry/NETREGISTRY]: Channel 'xaerominimap:main' : Version test of '1.0' from client : ACCEPTED
[10Aug2026 03:05:12.310] [Netty Epoll Server IO #2/DEBUG] [net.minecraftforge.network.NetworkRegistry/NETREGISTRY]: Channel 'sophisticatedbackpacks:channel' : Version test of '3.24.62.2017' from client : ACCEPTED
[10Aug2026 03:05:12.310] [Netty Epoll Server IO #2/DEBUG] [net.minecraftforge.network.NetworkRegistry/NETREGISTRY]: Channel 'ntgl:play' : Version test of '1' from client : ACCEPTED
[10Aug2026 03:05:12.310] [Netty Epoll Server IO #2/DEBUG] [net.minecraftforge.network.NetworkRegistry/NETREGISTRY]: Channel 'framework:play' : Version test of '1' from client : ACCEPTED
[10Aug2026 03:05:12.311] [Netty Epoll Server IO #2/DEBUG] [net.minecraftforge.network.NetworkRegistry/NETREGISTRY]: Channel 'endergetic:net' : Version test of 'EE1' from client : ACCEPTED
[10Aug2026 03:05:12.311] [Netty Epoll Server IO #2/DEBUG] [net.minecraftforge.network.NetworkRegistry/NETREGISTRY]: Channel 'cataclysm:main_channel' : Version test of '1' from client : ACCEPTED
[10Aug2026 03:05:12.311] [Netty Epoll Server IO #2/DEBUG] [net.minecraftforge.network.NetworkRegistry/NETREGISTRY]: Channel 'lionfishapi:main_channel' : Version test of '1' from client : ACCEPTED
[10Aug2026 03:05:12.311] [Netty Epoll Server IO #2/DEBUG] [net.minecraftforge.network.NetworkRegistry/NETREGISTRY]: Channel 'forge:tier_sorting' : Version test of '1.0' from client : ACCEPTED
[10Aug2026 03:05:12.311] [Netty Epoll Server IO #2/DEBUG] [net.minecraftforge.network.NetworkRegistry/NETREGISTRY]: Channel 'spectrelib:main' : Version test of '1' from client : ACCEPTED
[10Aug2026 03:05:12.311] [Netty Epoll Server IO #2/DEBUG] [net.minecraftforge.network.NetworkRegistry/NETREGISTRY]: Channel 'alexsmobs:main_channel' : Version test of '1' from client : ACCEPTED
[10Aug2026 03:05:12.311] [Netty Epoll Server IO #2/DEBUG] [net.minecraftforge.network.NetworkRegistry/NETREGISTRY]: Channel 'fml:play' : Version test of 'FML3' from client : ACCEPTED
[10Aug2026 03:05:12.312] [Netty Epoll Server IO #2/DEBUG] [net.minecraftforge.network.NetworkRegistry/NETREGISTRY]: Channel 'creativecore:main' : Version test of '1' from client : ACCEPTED
[10Aug2026 03:05:12.312] [Netty Epoll Server IO #2/DEBUG] [net.minecraftforge.network.NetworkRegistry/NETREGISTRY]: Channel 'modernfix:ingredient_sync' : Version test of '1' from client : ACCEPTED
[10Aug2026 03:05:12.312] [Netty Epoll Server IO #2/DEBUG] [net.minecraftforge.network.NetworkRegistry/NETREGISTRY]: Channel 'blueprint:net' : Version test of 'BP1' from client : ACCEPTED
[10Aug2026 03:05:12.312] [Netty Epoll Server IO #2/DEBUG] [net.minecraftforge.network.NetworkRegistry/NETREGISTRY]: Channel 'xaeroworldmap:main' : Version test of '1.0' from client : ACCEPTED
[10Aug2026 03:05:12.312] [Netty Epoll Server IO #2/DEBUG] [net.minecraftforge.network.NetworkRegistry/NETREGISTRY]: Channel 'minecraft:register' : Version test of 'FML3' from client : ACCEPTED
[10Aug2026 03:05:12.312] [Netty Epoll Server IO #2/DEBUG] [net.minecraftforge.network.NetworkRegistry/NETREGISTRY]: Channel 'geckolib:main' : Version test of '1' from client : ACCEPTED
[10Aug2026 03:05:12.312] [Netty Epoll Server IO #2/DEBUG] [net.minecraftforge.network.NetworkRegistry/NETREGISTRY]: Channel 'moonlight:channel' : Version test of '0' from client : ACCEPTED
[10Aug2026 03:05:12.312] [Netty Epoll Server IO #2/DEBUG] [net.minecraftforge.network.NetworkRegistry/NETREGISTRY]: Channel 'refurbished_furniture:play' : Version test of '1' from client : ACCEPTED
[10Aug2026 03:05:12.312] [Netty Epoll Server IO #2/DEBUG] [net.minecraftforge.network.NetworkRegistry/NETREGISTRY]: Channel 'stalwart_dungeons:stalwart_dungeons' : Version test of '1' from client : ACCEPTED
[10Aug2026 03:05:12.312] [Netty Epoll Server IO #2/DEBUG] [net.minecraftforge.network.NetworkRegistry/NETREGISTRY]: Channel 'architectury:network' : Version test of '1' from client : ACCEPTED
[10Aug2026 03:05:12.312] [Netty Epoll Server IO #2/DEBUG] [net.minecraftforge.network.NetworkRegistry/NETREGISTRY]: Channel 'carryon:carryonpackets' : Version test of '1.0' from client : ACCEPTED
[10Aug2026 03:05:12.313] [Netty Epoll Server IO #2/DEBUG] [net.minecraftforge.network.NetworkRegistry/NETREGISTRY]: Channel 'citadel:main_channel' : Version test of '1' from client : ACCEPTED
[10Aug2026 03:05:12.313] [Netty Epoll Server IO #2/DEBUG] [net.minecraftforge.network.NetworkRegistry/NETREGISTRY]: Channel 'puzzleslib:1' : Version test of '1' from client : ACCEPTED
[10Aug2026 03:05:12.313] [Netty Epoll Server IO #2/DEBUG] [net.minecraftforge.network.NetworkRegistry/NETREGISTRY]: Channel 'securitycraft:securitycraft' : Version test of 'v1.9.8' from client : ACCEPTED
[10Aug2026 03:05:12.313] [Netty Epoll Server IO #2/DEBUG] [net.minecraftforge.network.NetworkRegistry/NETREGISTRY]: Channel 'iceandfire:main_channel' : Version test of '1' from client : ACCEPTED
[10Aug2026 03:05:12.313] [Netty Epoll Server IO #2/DEBUG] [net.minecraftforge.network.NetworkRegistry/NETREGISTRY]: Channel 'modernfix:main' : Version test of '1' from client : ACCEPTED
[10Aug2026 03:05:12.313] [Netty Epoll Server IO #2/DEBUG] [net.minecraftforge.network.NetworkRegistry/NETREGISTRY]: Channel 'curios:main' : Version test of '1' from client : ACCEPTED
[10Aug2026 03:05:12.313] [Netty Epoll Server IO #2/DEBUG] [net.minecraftforge.network.NetworkRegistry/NETREGISTRY]: Channel 'placebo:placebo' : Version test of '1.0.0' from client : ACCEPTED
[10Aug2026 03:05:12.313] [Netty Epoll Server IO #2/DEBUG] [net.minecraftforge.network.NetworkRegistry/NETREGISTRY]: Channel 'balm:network' : Version test of '1.0' from client : ACCEPTED
[10Aug2026 03:05:12.313] [Netty Epoll Server IO #2/DEBUG] [net.minecraftforge.network.NetworkRegistry/NETREGISTRY]: Channel 'polymorph:main' : Version test of '1' from client : ACCEPTED
[10Aug2026 03:05:12.313] [Netty Epoll Server IO #2/DEBUG] [net.minecraftforge.network.NetworkRegistry/NETREGISTRY]: Channel 'littleframes:main' : Version test of '1' from client : ACCEPTED
[10Aug2026 03:05:12.313] [Netty Epoll Server IO #2/DEBUG] [net.minecraftforge.network.NetworkRegistry/NETREGISTRY]: Channel 'framework:handshake' : Version test of '1' from client : ACCEPTED
[10Aug2026 03:05:12.313] [Netty Epoll Server IO #2/DEBUG] [net.minecraftforge.network.NetworkRegistry/NETREGISTRY]: Channel 'fml:loginwrapper' : Version test of 'FML3' from client : ACCEPTED
[10Aug2026 03:05:12.313] [Netty Epoll Server IO #2/DEBUG] [net.minecraftforge.network.NetworkRegistry/NETREGISTRY]: Channel 'supermartijn642configlib:sync_configs' : Version test of '1.1.8' from client : ACCEPTED
[10Aug2026 03:05:12.313] [Netty Epoll Server IO #2/DEBUG] [net.minecraftforge.network.NetworkRegistry/NETREGISTRY]: Channel 'trashslot:network' : Version test of '1.0' from client : ACCEPTED
[10Aug2026 03:05:12.313] [Netty Epoll Server IO #2/DEBUG] [net.minecraftforge.network.NetworkRegistry/NETREGISTRY]: Channel 'tombstone:tombstone_channel' : Version test of 'tombstone-9.0.9' from client : ACCEPTED
[10Aug2026 03:05:12.313] [Netty Epoll Server IO #2/DEBUG] [net.minecraftforge.network.NetworkRegistry/NETREGISTRY]: Channel 'xaerolib:main' : Version test of '1.0' from client : ACCEPTED
[10Aug2026 03:05:12.313] [Netty Epoll Server IO #2/DEBUG] [net.minecraftforge.network.NetworkRegistry/NETREGISTRY]: Channel 'naturescompass:naturescompass' : Version test of '1.0' from client : ACCEPTED
[10Aug2026 03:05:12.313] [Netty Epoll Server IO #2/DEBUG] [net.minecraftforge.network.NetworkRegistry/NETREGISTRY]: Channel 'sophisticatedcore:channel' : Version test of '1.3.74.2216' from client : ACCEPTED
[10Aug2026 03:05:12.313] [Netty Epoll Server IO #2/DEBUG] [net.minecraftforge.network.NetworkRegistry/NETREGISTRY]: Channel 'patchouli:main' : Version test of '1' from client : ACCEPTED
[10Aug2026 03:05:12.313] [Netty Epoll Server IO #2/DEBUG] [net.minecraftforge.network.NetworkRegistry/NETREGISTRY]: Channel 'fml:handshake' : Version test of 'FML3' from client : ACCEPTED
[10Aug2026 03:05:12.313] [Netty Epoll Server IO #2/DEBUG] [net.minecraftforge.network.NetworkRegistry/NETREGISTRY]: Channel 'ironchest:network' : Version test of '1' from client : ACCEPTED
[10Aug2026 03:05:12.313] [Netty Epoll Server IO #2/DEBUG] [net.minecraftforge.network.NetworkRegistry/NETREGISTRY]: Channel 'forge:split' : Version test of '1.1' from client : ACCEPTED
[10Aug2026 03:05:12.313] [Netty Epoll Server IO #2/DEBUG] [net.minecraftforge.network.NetworkRegistry/NETREGISTRY]: Channel 'waystones:network' : Version test of '1.0' from client : ACCEPTED
[10Aug2026 03:05:12.313] [Netty Epoll Server IO #2/DEBUG] [net.minecraftforge.network.NetworkRegistry/NETREGISTRY]: Channel 'jade:networking' : Version test of '2' from client : ACCEPTED
[10Aug2026 03:05:12.313] [Netty Epoll Server IO #2/DEBUG] [net.minecraftforge.network.NetworkRegistry/NETREGISTRY]: Accepting channel list from client
[10Aug2026 03:05:12.313] [Netty Epoll Server IO #2/DEBUG] [net.minecraftforge.network.HandshakeHandler/FMLHANDSHAKE]: Accepted client connection mod list
[10Aug2026 03:05:12.313] [Netty Epoll Server IO #2/DEBUG] [net.minecraftforge.network.LoginWrapper/FMLHANDSHAKE]: Recieved login wrapper packet event for channel fml:handshake with index 3
[10Aug2026 03:05:12.313] [Netty Epoll Server IO #2/DEBUG] [net.minecraftforge.network.HandshakeHandler/FMLHANDSHAKE]: Received client indexed reply 3 of type net.minecraftforge.network.HandshakeMessages$C2SAcknowledge
[10Aug2026 03:05:12.313] [Netty Epoll Server IO #2/DEBUG] [net.minecraftforge.network.HandshakeHandler/FMLHANDSHAKE]: Received acknowledgement from client
[10Aug2026 03:05:12.313] [Netty Epoll Server IO #2/DEBUG] [net.minecraftforge.network.LoginWrapper/FMLHANDSHAKE]: Recieved login wrapper packet event for channel fml:handshake with index 4
[10Aug2026 03:05:12.316] [Netty Epoll Server IO #2/DEBUG] [net.minecraftforge.network.HandshakeHandler/FMLHANDSHAKE]: Received client indexed reply 4 of type net.minecraftforge.network.HandshakeMessages$C2SAcknowledge
[10Aug2026 03:05:12.316] [Netty Epoll Server IO #2/DEBUG] [net.minecraftforge.network.HandshakeHandler/FMLHANDSHAKE]: Received acknowledgement from client
[10Aug2026 03:05:12.475] [Netty Epoll Server IO #2/DEBUG] [net.minecraftforge.network.LoginWrapper/FMLHANDSHAKE]: Recieved login wrapper packet event for channel fml:handshake with index 5
[10Aug2026 03:05:12.476] [Netty Epoll Server IO #2/DEBUG] [net.minecraftforge.network.HandshakeHandler/FMLHANDSHAKE]: Received client indexed reply 5 of type net.minecraftforge.network.HandshakeMessages$C2SAcknowledge
[10Aug2026 03:05:12.476] [Netty Epoll Server IO #2/DEBUG] [net.minecraftforge.network.HandshakeHandler/FMLHANDSHAKE]: Received acknowledgement from client
[10Aug2026 03:05:12.476] [Netty Epoll Server IO #2/DEBUG] [net.minecraftforge.network.LoginWrapper/FMLHANDSHAKE]: Recieved login wrapper packet event for channel fml:handshake with index 6
[10Aug2026 03:05:12.476] [Netty Epoll Server IO #2/DEBUG] [net.minecraftforge.network.HandshakeHandler/FMLHANDSHAKE]: Received client indexed reply 6 of type net.minecraftforge.network.HandshakeMessages$C2SAcknowledge
[10Aug2026 03:05:12.476] [Netty Epoll Server IO #2/DEBUG] [net.minecraftforge.network.HandshakeHandler/FMLHANDSHAKE]: Received acknowledgement from client
[10Aug2026 03:05:12.476] [Netty Epoll Server IO #2/DEBUG] [net.minecraftforge.network.LoginWrapper/FMLHANDSHAKE]: Recieved login wrapper packet event for channel fml:handshake with index 7
[10Aug2026 03:05:12.476] [Netty Epoll Server IO #2/DEBUG] [net.minecraftforge.network.HandshakeHandler/FMLHANDSHAKE]: Received client indexed reply 7 of type net.minecraftforge.network.HandshakeMessages$C2SAcknowledge
[10Aug2026 03:05:12.476] [Netty Epoll Server IO #2/DEBUG] [net.minecraftforge.network.HandshakeHandler/FMLHANDSHAKE]: Received acknowledgement from client
[10Aug2026 03:05:12.583] [Netty Epoll Server IO #2/DEBUG] [net.minecraftforge.network.LoginWrapper/FMLHANDSHAKE]: Recieved login wrapper packet event for channel fml:handshake with index 8
[10Aug2026 03:05:12.583] [Netty Epoll Server IO #2/DEBUG] [net.minecraftforge.network.HandshakeHandler/FMLHANDSHAKE]: Received client indexed reply 8 of type net.minecraftforge.network.HandshakeMessages$C2SAcknowledge
[10Aug2026 03:05:12.583] [Netty Epoll Server IO #2/DEBUG] [net.minecraftforge.network.HandshakeHandler/FMLHANDSHAKE]: Received acknowledgement from client
[10Aug2026 03:05:12.584] [Netty Epoll Server IO #2/DEBUG] [net.minecraftforge.network.LoginWrapper/FMLHANDSHAKE]: Recieved login wrapper packet event for channel fml:handshake with index 9
[10Aug2026 03:05:12.584] [Netty Epoll Server IO #2/DEBUG] [net.minecraftforge.network.HandshakeHandler/FMLHANDSHAKE]: Received client indexed reply 9 of type net.minecraftforge.network.HandshakeMessages$C2SAcknowledge
[10Aug2026 03:05:12.585] [Netty Epoll Server IO #2/DEBUG] [net.minecraftforge.network.HandshakeHandler/FMLHANDSHAKE]: Received acknowledgement from client
[10Aug2026 03:05:12.585] [Netty Epoll Server IO #2/DEBUG] [net.minecraftforge.network.LoginWrapper/FMLHANDSHAKE]: Recieved login wrapper packet event for channel fml:handshake with index 10
[10Aug2026 03:05:12.585] [Netty Epoll Server IO #2/DEBUG] [net.minecraftforge.network.HandshakeHandler/FMLHANDSHAKE]: Received client indexed reply 10 of type net.minecraftforge.network.HandshakeMessages$C2SAcknowledge
[10Aug2026 03:05:12.585] [Netty Epoll Server IO #2/DEBUG] [net.minecraftforge.network.HandshakeHandler/FMLHANDSHAKE]: Received acknowledgement from client
[10Aug2026 03:05:12.585] [Netty Epoll Server IO #2/DEBUG] [net.minecraftforge.network.LoginWrapper/FMLHANDSHAKE]: Recieved login wrapper packet event for channel fml:handshake with index 11
[10Aug2026 03:05:12.585] [Netty Epoll Server IO #2/DEBUG] [net.minecraftforge.network.HandshakeHandler/FMLHANDSHAKE]: Received client indexed reply 11 of type net.minecraftforge.network.HandshakeMessages$C2SAcknowledge
[10Aug2026 03:05:12.586] [Netty Epoll Server IO #2/DEBUG] [net.minecraftforge.network.HandshakeHandler/FMLHANDSHAKE]: Received acknowledgement from client
[10Aug2026 03:05:12.586] [Netty Epoll Server IO #2/DEBUG] [net.minecraftforge.network.LoginWrapper/FMLHANDSHAKE]: Recieved login wrapper packet event for channel fml:handshake with index 12
[10Aug2026 03:05:12.586] [Netty Epoll Server IO #2/DEBUG] [net.minecraftforge.network.HandshakeHandler/FMLHANDSHAKE]: Received client indexed reply 12 of type net.minecraftforge.network.HandshakeMessages$C2SAcknowledge
[10Aug2026 03:05:12.586] [Netty Epoll Server IO #2/DEBUG] [net.minecraftforge.network.HandshakeHandler/FMLHANDSHAKE]: Received acknowledgement from client
[10Aug2026 03:05:12.587] [Netty Epoll Server IO #2/DEBUG] [net.minecraftforge.network.LoginWrapper/FMLHANDSHAKE]: Recieved login wrapper packet event for channel fml:handshake with index 13
[10Aug2026 03:05:12.587] [Netty Epoll Server IO #2/DEBUG] [net.minecraftforge.network.HandshakeHandler/FMLHANDSHAKE]: Received client indexed reply 13 of type net.minecraftforge.network.HandshakeMessages$C2SAcknowledge
[10Aug2026 03:05:12.587] [Netty Epoll Server IO #2/DEBUG] [net.minecraftforge.network.HandshakeHandler/FMLHANDSHAKE]: Received acknowledgement from client
[10Aug2026 03:05:12.680] [Netty Epoll Server IO #2/DEBUG] [net.minecraftforge.network.LoginWrapper/FMLHANDSHAKE]: Recieved login wrapper packet event for channel fml:handshake with index 14
[10Aug2026 03:05:12.680] [Netty Epoll Server IO #2/DEBUG] [net.minecraftforge.network.HandshakeHandler/FMLHANDSHAKE]: Received client indexed reply 14 of type net.minecraftforge.network.HandshakeMessages$C2SAcknowledge
[10Aug2026 03:05:12.681] [Netty Epoll Server IO #2/DEBUG] [net.minecraftforge.network.HandshakeHandler/FMLHANDSHAKE]: Received acknowledgement from client
[10Aug2026 03:05:12.681] [Netty Epoll Server IO #2/DEBUG] [net.minecraftforge.network.LoginWrapper/FMLHANDSHAKE]: Recieved login wrapper packet event for channel fml:handshake with index 15
[10Aug2026 03:05:12.681] [Netty Epoll Server IO #2/DEBUG] [net.minecraftforge.network.HandshakeHandler/FMLHANDSHAKE]: Received client indexed reply 15 of type net.minecraftforge.network.HandshakeMessages$C2SAcknowledge
[10Aug2026 03:05:12.681] [Netty Epoll Server IO #2/DEBUG] [net.minecraftforge.network.HandshakeHandler/FMLHANDSHAKE]: Received acknowledgement from client
[10Aug2026 03:05:12.681] [Netty Epoll Server IO #2/DEBUG] [net.minecraftforge.network.LoginWrapper/FMLHANDSHAKE]: Recieved login wrapper packet event for channel fml:handshake with index 16
[10Aug2026 03:05:12.681] [Netty Epoll Server IO #2/DEBUG] [net.minecraftforge.network.HandshakeHandler/FMLHANDSHAKE]: Received client indexed reply 16 of type net.minecraftforge.network.HandshakeMessages$C2SAcknowledge
[10Aug2026 03:05:12.681] [Netty Epoll Server IO #2/DEBUG] [net.minecraftforge.network.HandshakeHandler/FMLHANDSHAKE]: Received acknowledgement from client
[10Aug2026 03:05:12.681] [Netty Epoll Server IO #2/DEBUG] [net.minecraftforge.network.LoginWrapper/FMLHANDSHAKE]: Recieved login wrapper packet event for channel fml:handshake with index 17
[10Aug2026 03:05:12.681] [Netty Epoll Server IO #2/DEBUG] [net.minecraftforge.network.HandshakeHandler/FMLHANDSHAKE]: Received client indexed reply 17 of type net.minecraftforge.network.HandshakeMessages$C2SAcknowledge
[10Aug2026 03:05:12.681] [Netty Epoll Server IO #2/DEBUG] [net.minecraftforge.network.HandshakeHandler/FMLHANDSHAKE]: Received acknowledgement from client
[10Aug2026 03:05:12.682] [Netty Epoll Server IO #2/DEBUG] [net.minecraftforge.network.LoginWrapper/FMLHANDSHAKE]: Recieved login wrapper packet event for channel fml:handshake with index 18
[10Aug2026 03:05:12.682] [Netty Epoll Server IO #2/DEBUG] [net.minecraftforge.network.HandshakeHandler/FMLHANDSHAKE]: Received client indexed reply 18 of type net.minecraftforge.network.HandshakeMessages$C2SAcknowledge
[10Aug2026 03:05:12.682] [Netty Epoll Server IO #2/DEBUG] [net.minecraftforge.network.HandshakeHandler/FMLHANDSHAKE]: Received acknowledgement from client
[10Aug2026 03:05:12.682] [Netty Epoll Server IO #2/DEBUG] [net.minecraftforge.network.LoginWrapper/FMLHANDSHAKE]: Recieved login wrapper packet event for channel fml:handshake with index 19
[10Aug2026 03:05:12.682] [Netty Epoll Server IO #2/DEBUG] [net.minecraftforge.network.HandshakeHandler/FMLHANDSHAKE]: Received client indexed reply 19 of type net.minecraftforge.network.HandshakeMessages$C2SAcknowledge
[10Aug2026 03:05:12.682] [Netty Epoll Server IO #2/DEBUG] [net.minecraftforge.network.HandshakeHandler/FMLHANDSHAKE]: Received acknowledgement from client
[10Aug2026 03:05:12.682] [Netty Epoll Server IO #2/DEBUG] [net.minecraftforge.network.LoginWrapper/FMLHANDSHAKE]: Recieved login wrapper packet event for channel fml:handshake with index 20
[10Aug2026 03:05:12.682] [Netty Epoll Server IO #2/DEBUG] [net.minecraftforge.network.HandshakeHandler/FMLHANDSHAKE]: Received client indexed reply 20 of type net.minecraftforge.network.HandshakeMessages$C2SAcknowledge
[10Aug2026 03:05:12.682] [Netty Epoll Server IO #2/DEBUG] [net.minecraftforge.network.HandshakeHandler/FMLHANDSHAKE]: Received acknowledgement from client
[10Aug2026 03:05:12.682] [Netty Epoll Server IO #2/DEBUG] [net.minecraftforge.network.LoginWrapper/FMLHANDSHAKE]: Recieved login wrapper packet event for channel fml:handshake with index 21
[10Aug2026 03:05:12.682] [Netty Epoll Server IO #2/DEBUG] [net.minecraftforge.network.HandshakeHandler/FMLHANDSHAKE]: Received client indexed reply 21 of type net.minecraftforge.network.HandshakeMessages$C2SAcknowledge
[10Aug2026 03:05:12.682] [Netty Epoll Server IO #2/DEBUG] [net.minecraftforge.network.HandshakeHandler/FMLHANDSHAKE]: Received acknowledgement from client
[10Aug2026 03:05:12.769] [Netty Epoll Server IO #2/DEBUG] [net.minecraftforge.network.LoginWrapper/FMLHANDSHAKE]: Recieved login wrapper packet event for channel fml:handshake with index 22
[10Aug2026 03:05:12.769] [Netty Epoll Server IO #2/DEBUG] [net.minecraftforge.network.HandshakeHandler/FMLHANDSHAKE]: Received client indexed reply 22 of type net.minecraftforge.network.HandshakeMessages$C2SAcknowledge
[10Aug2026 03:05:12.769] [Netty Epoll Server IO #2/DEBUG] [net.minecraftforge.network.HandshakeHandler/FMLHANDSHAKE]: Received acknowledgement from client
[10Aug2026 03:05:12.769] [Netty Epoll Server IO #2/DEBUG] [net.minecraftforge.network.LoginWrapper/FMLHANDSHAKE]: Recieved login wrapper packet event for channel fml:handshake with index 23
[10Aug2026 03:05:12.769] [Netty Epoll Server IO #2/DEBUG] [net.minecraftforge.network.HandshakeHandler/FMLHANDSHAKE]: Received client indexed reply 23 of type net.minecraftforge.network.HandshakeMessages$C2SAcknowledge
[10Aug2026 03:05:12.769] [Netty Epoll Server IO #2/DEBUG] [net.minecraftforge.network.HandshakeHandler/FMLHANDSHAKE]: Received acknowledgement from client
[10Aug2026 03:05:12.770] [Netty Epoll Server IO #2/DEBUG] [net.minecraftforge.network.LoginWrapper/FMLHANDSHAKE]: Recieved login wrapper packet event for channel fml:handshake with index 24
[10Aug2026 03:05:12.770] [Netty Epoll Server IO #2/DEBUG] [net.minecraftforge.network.HandshakeHandler/FMLHANDSHAKE]: Received client indexed reply 24 of type net.minecraftforge.network.HandshakeMessages$C2SAcknowledge
[10Aug2026 03:05:12.771] [Netty Epoll Server IO #2/DEBUG] [net.minecraftforge.network.HandshakeHandler/FMLHANDSHAKE]: Received acknowledgement from client
[10Aug2026 03:05:12.771] [Netty Epoll Server IO #2/DEBUG] [net.minecraftforge.network.LoginWrapper/FMLHANDSHAKE]: Recieved login wrapper packet event for channel fml:handshake with index 25
[10Aug2026 03:05:12.771] [Netty Epoll Server IO #2/DEBUG] [net.minecraftforge.network.HandshakeHandler/FMLHANDSHAKE]: Received client indexed reply 25 of type net.minecraftforge.network.HandshakeMessages$C2SAcknowledge
[10Aug2026 03:05:12.771] [Netty Epoll Server IO #2/DEBUG] [net.minecraftforge.network.HandshakeHandler/FMLHANDSHAKE]: Received acknowledgement from client
[10Aug2026 03:05:12.773] [Netty Epoll Server IO #2/DEBUG] [net.minecraftforge.network.LoginWrapper/FMLHANDSHAKE]: Recieved login wrapper packet event for channel fml:handshake with index 26
[10Aug2026 03:05:12.773] [Netty Epoll Server IO #2/DEBUG] [net.minecraftforge.network.HandshakeHandler/FMLHANDSHAKE]: Received client indexed reply 26 of type net.minecraftforge.network.HandshakeMessages$C2SAcknowledge
[10Aug2026 03:05:12.773] [Netty Epoll Server IO #2/DEBUG] [net.minecraftforge.network.HandshakeHandler/FMLHANDSHAKE]: Received acknowledgement from client
[10Aug2026 03:05:12.773] [Netty Epoll Server IO #2/DEBUG] [net.minecraftforge.network.LoginWrapper/FMLHANDSHAKE]: Recieved login wrapper packet event for channel fml:handshake with index 27
[10Aug2026 03:05:12.773] [Netty Epoll Server IO #2/DEBUG] [net.minecraftforge.network.HandshakeHandler/FMLHANDSHAKE]: Received client indexed reply 27 of type net.minecraftforge.network.HandshakeMessages$C2SAcknowledge
[10Aug2026 03:05:12.773] [Netty Epoll Server IO #2/DEBUG] [net.minecraftforge.network.HandshakeHandler/FMLHANDSHAKE]: Received acknowledgement from client
[10Aug2026 03:05:12.773] [Netty Epoll Server IO #2/DEBUG] [net.minecraftforge.network.LoginWrapper/FMLHANDSHAKE]: Recieved login wrapper packet event for channel fml:handshake with index 28
[10Aug2026 03:05:12.773] [Netty Epoll Server IO #2/DEBUG] [net.minecraftforge.network.HandshakeHandler/FMLHANDSHAKE]: Received client indexed reply 28 of type net.minecraftforge.network.HandshakeMessages$C2SAcknowledge
[10Aug2026 03:05:12.773] [Netty Epoll Server IO #2/DEBUG] [net.minecraftforge.network.HandshakeHandler/FMLHANDSHAKE]: Received acknowledgement from client
[10Aug2026 03:05:12.779] [Netty Epoll Server IO #2/DEBUG] [net.minecraftforge.network.LoginWrapper/FMLHANDSHAKE]: Recieved login wrapper packet event for channel fml:handshake with index 29
[10Aug2026 03:05:12.779] [Netty Epoll Server IO #2/DEBUG] [net.minecraftforge.network.HandshakeHandler/FMLHANDSHAKE]: Received client indexed reply 29 of type net.minecraftforge.network.HandshakeMessages$C2SAcknowledge
[10Aug2026 03:05:12.779] [Netty Epoll Server IO #2/DEBUG] [net.minecraftforge.network.HandshakeHandler/FMLHANDSHAKE]: Received acknowledgement from client
[10Aug2026 03:05:12.803] [Server thread/DEBUG] [net.minecraftforge.network.HandshakeHandler/FMLHANDSHAKE]: Handshake complete!
[10Aug2026 03:05:12.948] [Server thread/INFO] [net.minecraft.server.players.PlayerList/]: Darkiumoun[/100.76.89.1:51397] logged in with entity id 2186 at (330.84488371908316, 140.3869836428732, -301.91984189220926)
[10Aug2026 03:05:12.948] [Server thread/DEBUG] [net.minecraftforge.network.filters.NetworkFilters/]: Injected net.minecraftforge.network.filters.ForgeConnectionNetworkFilter@68abd2bd into net.minecraft.network.Connection@44524c72
[10Aug2026 03:05:12.977] [Server thread/INFO] [ModernFix/]: Using enhanced recipe sync for player Darkiumoun
[10Aug2026 03:05:13.006] [Server thread/INFO] [net.minecraft.server.MinecraftServer/]: Darkiumoun joined the game
[10Aug2026 03:05:13.027] [Server thread/INFO] [me.edoren.skin_changer.server.SkinProviderController/]: Player Darkiumoun just logged in with id c4e857d5-16b0-386e-b080-ca2361fd0700
[10Aug2026 03:05:13.030] [Server thread/INFO] [Jade/]: Syncing config to Darkiumoun (c4e857d5-16b0-386e-b080-ca2361fd0700)
[10Aug2026 03:05:13.030] [ForkJoinPool-4-worker-2/INFO] [me.edoren.skin_changer.server.SkinProviderController/]: Loading local skin for player Darkiumoun[c4e857d5-16b0-386e-b080-ca2361fd0700]
[10Aug2026 03:05:13.041] [ForkJoinPool-4-worker-2/DEBUG] [me.edoren.skin_changer.common.NetworkUtils/]: Downloading file https://playerdb.co/api/player/minecraft/Darkiumoun
[10Aug2026 03:05:13.122] [ForkJoinPool-4-worker-2/INFO] [me.edoren.skin_changer.common.NetworkUtils/]: File https://playerdb.co/api/player/minecraft/Darkiumoun downloaded
[10Aug2026 03:05:13.130] [ForkJoinPool-4-worker-2/DEBUG] [me.edoren.skin_changer.common.NetworkUtils/]: Downloading file https://crafatar.com/capes/2f6a3eaf-5eba-45cd-94b6-342e7f37203f
[10Aug2026 03:05:13.305] [ForkJoinPool-4-worker-2/INFO] [me.edoren.skin_changer.common.NetworkUtils/]: Error downloading file https://crafatar.com/capes/2f6a3eaf-5eba-45cd-94b6-342e7f37203f
[10Aug2026 03:07:00.436] [Server thread/INFO] [net.minecraft.server.network.ServerGamePacketListenerImpl/]: Darkiumoun lost connection: Disconnected
[10Aug2026 03:07:00.436] [Server thread/INFO] [net.minecraft.server.MinecraftServer/]: Darkiumoun left the game
[10Aug2026 03:07:00.437] [Server thread/INFO] [me.edoren.skin_changer.server.SkinProviderController/]: Removing session data for player Darkiumoun[c4e857d5-16b0-386e-b080-ca2361fd0700]
[10Aug2026 03:07:00.447] [Server thread/INFO] [net.minecraft.server.MinecraftServer/]: /advancement (grant|revoke)
[10Aug2026 03:07:00.447] [Server thread/INFO] [net.minecraft.server.MinecraftServer/]: /attribute <target> <attribute> (get|base|modifier)
[10Aug2026 03:07:00.447] [Server thread/INFO] [net.minecraft.server.MinecraftServer/]: /execute (run|if|unless|as|at|store|positioned|rotated|facing|align|anchored|in|summon|on)
[10Aug2026 03:07:00.447] [Server thread/INFO] [net.minecraft.server.MinecraftServer/]: /bossbar (add|remove|list|set|get)
[10Aug2026 03:07:00.448] [Server thread/INFO] [net.minecraft.server.MinecraftServer/]: /clear [<targets>]
[10Aug2026 03:07:00.448] [Server thread/INFO] [net.minecraft.server.MinecraftServer/]: /clone (<begin>|from)
[10Aug2026 03:07:00.448] [Server thread/INFO] [net.minecraft.server.MinecraftServer/]: /damage <target> <amount> [<damageType>]
[10Aug2026 03:07:00.448] [Server thread/INFO] [net.minecraft.server.MinecraftServer/]: /data (merge|get|remove|modify)
[10Aug2026 03:07:00.448] [Server thread/INFO] [net.minecraft.server.MinecraftServer/]: /datapack (enable|disable|list)
[10Aug2026 03:07:00.448] [Server thread/INFO] [net.minecraft.server.MinecraftServer/]: /debug (start|stop|function)
[10Aug2026 03:07:00.448] [Server thread/INFO] [net.minecraft.server.MinecraftServer/]: /defaultgamemode <gamemode>
[10Aug2026 03:07:00.448] [Server thread/INFO] [net.minecraft.server.MinecraftServer/]: /difficulty [peaceful|easy|normal|hard]
[10Aug2026 03:07:00.448] [Server thread/INFO] [net.minecraft.server.MinecraftServer/]: /effect (clear|give)
[10Aug2026 03:07:00.448] [Server thread/INFO] [net.minecraft.server.MinecraftServer/]: /me <action>
[10Aug2026 03:07:00.449] [Server thread/INFO] [net.minecraft.server.MinecraftServer/]: /enchant <targets> <enchantment> [<level>]
[10Aug2026 03:07:00.449] [Server thread/INFO] [net.minecraft.server.MinecraftServer/]: /experience (add|set|query)
[10Aug2026 03:07:00.449] [Server thread/INFO] [net.minecraft.server.MinecraftServer/]: /xp -> experience
[10Aug2026 03:07:00.449] [Server thread/INFO] [net.minecraft.server.MinecraftServer/]: /fill <from> <to> <block> [replace|keep|outline|hollow|destroy]
[10Aug2026 03:07:00.449] [Server thread/INFO] [net.minecraft.server.MinecraftServer/]: /fillbiome <from> <to> <biome> [replace]
[10Aug2026 03:07:00.449] [Server thread/INFO] [net.minecraft.server.MinecraftServer/]: /forceload (add|remove|query)
[10Aug2026 03:07:00.449] [Server thread/INFO] [net.minecraft.server.MinecraftServer/]: /function <name>
[10Aug2026 03:07:00.449] [Server thread/INFO] [net.minecraft.server.MinecraftServer/]: /gamemode <gamemode> [<target>]
[10Aug2026 03:07:00.449] [Server thread/INFO] [net.minecraft.server.MinecraftServer/]: /gamerule (announceAdvancements|artifacts.anglersHat.luckOfTheSeaLevelBonus|artifacts.anglersHat.lureLevelBonus|artifacts.antidoteVessel.enabled|artifacts.antidoteVessel.maxEffectDuration|artifacts.aquaDashers.enabled|artifacts.bunnyHoppers.doCancelFallDamage|artifacts.bunnyHoppers.jumpBoostLevel|artifacts.charmOfSinking.enabled|artifacts.chorusTotem.cooldown|artifacts.chorusTotem.doConsumeOnUse|artifacts.chorusTotem.healthRestored|artifacts.chorusTotem.teleportationChance|artifacts.cloudInABottle.enabled|artifacts.cloudInABottle.sprintJumpHorizontalVelocity|artifacts.cloudInABottle.sprintJumpVerticalVelocity|artifacts.cowboyHat.speedLevel|artifacts.crossNecklace.bonusInvincibilityTicks|artifacts.crossNecklace.cooldown|artifacts.crystalHeart.healthBonus|artifacts.diggingClaws.digSpeedBonus|artifacts.diggingClaws.toolTier|artifacts.eternalSteak.cooldown|artifacts.eternalSteak.enabled|artifacts.everlastingBeef.cooldown|artifacts.everlastingBeef.enabled|artifacts.feralClaws.attackSpeedBonus|artifacts.fireGauntlet.fireDuration|artifacts.flamePendant.cooldown|artifacts.flamePendant.doGrantFireResistance|artifacts.flamePendant.fireDuration|artifacts.flamePendant.strikeChance|artifacts.flippers.swimSpeedBonus|artifacts.goldenHook.experienceBonus|artifacts.heliumFlamingo.flightDuration|artifacts.heliumFlamingo.rechargeDuration|artifacts.kittySlippers.enabled|artifacts.luckyScarf.fortuneBonus|artifacts.nightVisionGoggles.enabled|artifacts.nightVisionGoggles.strength|artifacts.noveltyDrinkingHat.drinkingDurationMultiplier|artifacts.noveltyDrinkingHat.eatingDurationMultiplier|artifacts.obsidianSkull.fireResistanceCooldown|artifacts.obsidianSkull.fireResistanceDuration|artifacts.onionRing.hasteDurationPerFoodPoint|artifacts.onionRing.hasteLevel|artifacts.panicNecklace.cooldown|artifacts.panicNecklace.speedDuration|artifacts.panicNecklace.speedLevel|artifacts.pickaxeHeater.enabled|artifacts.plasticDrinkingHat.drinkingDurationMultiplier|artifacts.plasticDrinkingHat.eatingDurationMultiplier|artifacts.pocketPiston.knockbackStrength|artifacts.powerGlove.attackDamageBonus|artifacts.rootedBoots.doGrowPlantsAfterEating|artifacts.rootedBoots.enabled|artifacts.rootedBoots.hungerReplenishingDuration|artifacts.runningShoes.doIncreaseStepHeight|artifacts.runningShoes.speedBonus|artifacts.scarfOfInvisibility.enabled|artifacts.shockPendant.cooldown|artifacts.shockPendant.doCancelLightningDamage|artifacts.shockPendant.strikeChance|artifacts.snorkel.enabled|artifacts.snorkel.isInfinite|artifacts.snorkel.waterBreathingDuration|artifacts.snowshoes.allowWalkingOnPowderSnow|artifacts.snowshoes.slipperinessReduction|artifacts.steadfastSpikes.enabled|artifacts.steadfastSpikes.knockbackResistance|artifacts.superstitiousHat.lootingLevelBonus|artifacts.thornPendant.cooldown|artifacts.thornPendant.maxDamage|artifacts.thornPendant.minDamage|artifacts.thornPendant.strikeChance|artifacts.umbrella.isGlider|artifacts.umbrella.isShield|artifacts.universalAttractor.enabled|artifacts.vampiricGlove.absorptionChance|artifacts.vampiricGlove.absorptionRatio|artifacts.vampiricGlove.maxHealingPerHit|artifacts.villagerHat.reputationBonus|artifacts.whoopeeCushion.fartChance|blockExplosionDropDecay|commandBlockOutput|commandModificationBlockLimit|disableElytraMovementCheck|disableRaids|doDaylightCycle|doEntityDrops|doFireTick|doImmediateRespawn|doInsomnia|doLimitedCrafting|doMobLoot|doMobSpawning|doPatrolSpawning|doTileDrops|doTraderSpawning|doVinesSpread|doWardenSpawning|doWeatherCycle|drowningDamage|fakeLavaSourceConversion|fakeWaterSourceConversion|fallDamage|fireDamage|forgiveDeadPlayers|freezeDamage|globalSoundEvents|keepInventory|lavaSourceConversion|logAdminCommands|maxCommandChainLength|maxEntityCramming|mobExplosionDropDecay|mobGriefing|naturalRegeneration|playersSleepingPercentage|randomTickSpeed|reducedDebugInfo|sendCommandFeedback|showDeathMessages|snowAccumulationHeight|spawnRadius|spectatorsGenerateChunks|tntExplosionDropDecay|universalAnger|waterSourceConversion)
[10Aug2026 03:07:00.450] [Server thread/INFO] [net.minecraft.server.MinecraftServer/]: /give <targets> <item> [<count>]
[10Aug2026 03:07:00.450] [Server thread/INFO] [net.minecraft.server.MinecraftServer/]: /help [<command>]
[10Aug2026 03:07:00.450] [Server thread/INFO] [net.minecraft.server.MinecraftServer/]: /item (replace|modify)
[10Aug2026 03:07:00.450] [Server thread/INFO] [net.minecraft.server.MinecraftServer/]: /kick <targets> [<reason>]
[10Aug2026 03:07:00.450] [Server thread/INFO] [net.minecraft.server.MinecraftServer/]: /kill [<targets>]
[10Aug2026 03:07:00.450] [Server thread/INFO] [net.minecraft.server.MinecraftServer/]: /list [uuids]
[10Aug2026 03:07:00.450] [Server thread/INFO] [net.minecraft.server.MinecraftServer/]: /locate (structure|biome|poi)
[10Aug2026 03:07:00.450] [Server thread/INFO] [net.minecraft.server.MinecraftServer/]: /loot (replace|insert|give|spawn)
[10Aug2026 03:07:00.450] [Server thread/INFO] [net.minecraft.server.MinecraftServer/]: /msg <targets> <message>
[10Aug2026 03:07:00.451] [Server thread/INFO] [net.minecraft.server.MinecraftServer/]: /tell -> msg
[10Aug2026 03:07:00.451] [Server thread/INFO] [net.minecraft.server.MinecraftServer/]: /w -> msg
[10Aug2026 03:07:00.451] [Server thread/INFO] [net.minecraft.server.MinecraftServer/]: /particle <name> [<pos>]
[10Aug2026 03:07:00.451] [Server thread/INFO] [net.minecraft.server.MinecraftServer/]: /place (feature|jigsaw|structure|template)
[10Aug2026 03:07:00.451] [Server thread/INFO] [net.minecraft.server.MinecraftServer/]: /playsound <sound> (master|music|record|weather|block|hostile|neutral|player|ambient|voice)
[10Aug2026 03:07:00.451] [Server thread/INFO] [net.minecraft.server.MinecraftServer/]: /reload
[10Aug2026 03:07:00.451] [Server thread/INFO] [net.minecraft.server.MinecraftServer/]: /recipe (give|take)
[10Aug2026 03:07:00.451] [Server thread/INFO] [net.minecraft.server.MinecraftServer/]: /return <value>
[10Aug2026 03:07:00.451] [Server thread/INFO] [net.minecraft.server.MinecraftServer/]: /ride <target> (mount|dismount)
[10Aug2026 03:07:00.451] [Server thread/INFO] [net.minecraft.server.MinecraftServer/]: /say <message>
[10Aug2026 03:07:00.451] [Server thread/INFO] [net.minecraft.server.MinecraftServer/]: /schedule (function|clear)
[10Aug2026 03:07:00.452] [Server thread/INFO] [net.minecraft.server.MinecraftServer/]: /scoreboard (objectives|players)
[10Aug2026 03:07:00.452] [Server thread/INFO] [net.minecraft.server.MinecraftServer/]: /seed
[10Aug2026 03:07:00.452] [Server thread/INFO] [net.minecraft.server.MinecraftServer/]: /setblock <pos> <block> [destroy|keep|replace]
[10Aug2026 03:07:00.452] [Server thread/INFO] [net.minecraft.server.MinecraftServer/]: /spawnpoint [<targets>]
[10Aug2026 03:07:00.452] [Server thread/INFO] [net.minecraft.server.MinecraftServer/]: /setworldspawn [<pos>]
[10Aug2026 03:07:00.452] [Server thread/INFO] [net.minecraft.server.MinecraftServer/]: /spectate [<target>]
[10Aug2026 03:07:00.452] [Server thread/INFO] [net.minecraft.server.MinecraftServer/]: /spreadplayers <center> <spreadDistance> <maxRange> (<respectTeams>|under)
[10Aug2026 03:07:00.452] [Server thread/INFO] [net.minecraft.server.MinecraftServer/]: /stopsound <targets> [*|master|music|record|weather|block|hostile|neutral|player|ambient|voice]
[10Aug2026 03:07:00.452] [Server thread/INFO] [net.minecraft.server.MinecraftServer/]: /summon <entity> [<pos>]
[10Aug2026 03:07:00.452] [Server thread/INFO] [net.minecraft.server.MinecraftServer/]: /tag <targets> (add|remove|list)
[10Aug2026 03:07:00.452] [Server thread/INFO] [net.minecraft.server.MinecraftServer/]: /team (list|add|remove|empty|join|leave|modify)
[10Aug2026 03:07:00.452] [Server thread/INFO] [net.minecraft.server.MinecraftServer/]: /teammsg <message>
[10Aug2026 03:07:00.452] [Server thread/INFO] [net.minecraft.server.MinecraftServer/]: /tm -> teammsg
[10Aug2026 03:07:00.452] [Server thread/INFO] [net.minecraft.server.MinecraftServer/]: /teleport (<location>|<destination>|<targets>)
[10Aug2026 03:07:00.453] [Server thread/INFO] [net.minecraft.server.MinecraftServer/]: /tp -> teleport
[10Aug2026 03:07:00.453] [Server thread/INFO] [net.minecraft.server.MinecraftServer/]: /tellraw <targets> <message>
[10Aug2026 03:07:00.453] [Server thread/INFO] [net.minecraft.server.MinecraftServer/]: /time (set|add|query)
[10Aug2026 03:07:00.453] [Server thread/INFO] [net.minecraft.server.MinecraftServer/]: /title <targets> (clear|reset|title|subtitle|actionbar|times)
[10Aug2026 03:07:00.453] [Server thread/INFO] [net.minecraft.server.MinecraftServer/]: /trigger <objective> [add|set]
[10Aug2026 03:07:00.453] [Server thread/INFO] [net.minecraft.server.MinecraftServer/]: /weather (clear|rain|thunder)
[10Aug2026 03:07:00.453] [Server thread/INFO] [net.minecraft.server.MinecraftServer/]: /worldborder (add|set|center|damage|get|warning)
[10Aug2026 03:07:00.453] [Server thread/INFO] [net.minecraft.server.MinecraftServer/]: /jfr (start|stop)
[10Aug2026 03:07:00.453] [Server thread/INFO] [net.minecraft.server.MinecraftServer/]: /ban-ip <target> [<reason>]
[10Aug2026 03:07:00.453] [Server thread/INFO] [net.minecraft.server.MinecraftServer/]: /banlist [ips|players]
[10Aug2026 03:07:00.453] [Server thread/INFO] [net.minecraft.server.MinecraftServer/]: /ban <targets> [<reason>]
[10Aug2026 03:07:00.453] [Server thread/INFO] [net.minecraft.server.MinecraftServer/]: /deop <targets>
[10Aug2026 03:07:00.454] [Server thread/INFO] [net.minecraft.server.MinecraftServer/]: /op <targets>
[10Aug2026 03:07:00.454] [Server thread/INFO] [net.minecraft.server.MinecraftServer/]: /pardon <targets>
[10Aug2026 03:07:00.454] [Server thread/INFO] [net.minecraft.server.MinecraftServer/]: /pardon-ip <target>
[10Aug2026 03:07:00.454] [Server thread/INFO] [net.minecraft.server.MinecraftServer/]: /perf (start|stop)
[10Aug2026 03:07:00.454] [Server thread/INFO] [net.minecraft.server.MinecraftServer/]: /save-all [flush]
[10Aug2026 03:07:00.454] [Server thread/INFO] [net.minecraft.server.MinecraftServer/]: /save-off
[10Aug2026 03:07:00.454] [Server thread/INFO] [net.minecraft.server.MinecraftServer/]: /save-on
[10Aug2026 03:07:00.454] [Server thread/INFO] [net.minecraft.server.MinecraftServer/]: /setidletimeout <minutes>
[10Aug2026 03:07:00.455] [Server thread/INFO] [net.minecraft.server.MinecraftServer/]: /stop
[10Aug2026 03:07:00.455] [Server thread/INFO] [net.minecraft.server.MinecraftServer/]: /whitelist (on|off|list|add|remove|reload)
[10Aug2026 03:07:00.455] [Server thread/INFO] [net.minecraft.server.MinecraftServer/]: /skin (set|clear|player)
[10Aug2026 03:07:00.455] [Server thread/INFO] [net.minecraft.server.MinecraftServer/]: /cape (set|clear|player)
[10Aug2026 03:07:00.455] [Server thread/INFO] [net.minecraft.server.MinecraftServer/]: /waystones (activate|forget|place|count|list|cooldown)
[10Aug2026 03:07:00.455] [Server thread/INFO] [net.minecraft.server.MinecraftServer/]: /balm (dev|export)
[10Aug2026 03:07:00.455] [Server thread/INFO] [net.minecraft.server.MinecraftServer/]: /structureessentials (getBiomeTags|showGenerationTimes|getBiomesForTag|getStructuresNearby|getSimilarForBiome)
[10Aug2026 03:07:00.455] [Server thread/INFO] [net.minecraft.server.MinecraftServer/]: /placebo (serialize_loot_table|hand|string_to_obj)
[10Aug2026 03:07:00.456] [Server thread/INFO] [net.minecraft.server.MinecraftServer/]: /modernfix (upgradeStructures|mcfunctions)
[10Aug2026 03:07:00.456] [Server thread/INFO] [net.minecraft.server.MinecraftServer/]: /mfsrc
[10Aug2026 03:07:00.456] [Server thread/INFO] [net.minecraft.server.MinecraftServer/]: /carryon (debug|clear|place)
[10Aug2026 03:07:00.457] [Server thread/INFO] [net.minecraft.server.MinecraftServer/]: /sbp (list|give|removeNonPlayer|template)
[10Aug2026 03:07:00.457] [Server thread/INFO] [net.minecraft.server.MinecraftServer/]: /sophisticatedbackpacks -> sbp
[10Aug2026 03:07:00.457] [Server thread/INFO] [net.minecraft.server.MinecraftServer/]: /forge (tps|track|entity|generate|dimensions|mods|tags)
[10Aug2026 03:07:00.457] [Server thread/INFO] [net.minecraft.server.MinecraftServer/]: /config showfile <mod> <type>
[10Aug2026 03:07:00.457] [Server thread/INFO] [net.minecraft.server.MinecraftServer/]: /supplementaries (globe|reload|configs|roll|cage|record|map)
[10Aug2026 03:07:00.458] [Server thread/INFO] [net.minecraft.server.MinecraftServer/]: /jade (show|hide)
[10Aug2026 03:07:00.458] [Server thread/INFO] [net.minecraft.server.MinecraftServer/]: /chunky [cancel|center|confirm|continue|corners|help|pattern|pause|progress|quiet|radius|reload|selection|shape|silent|spawn|start|trim|worldborder|world]
[10Aug2026 03:07:00.458] [Server thread/INFO] [net.minecraft.server.MinecraftServer/]: /curios (list|replace|set|add|remove|clear|drop|reset)
[10Aug2026 03:07:00.458] [Server thread/INFO] [net.minecraft.server.MinecraftServer/]: /sc (dump|connect|help|bug)
[10Aug2026 03:07:00.458] [Server thread/INFO] [net.minecraft.server.MinecraftServer/]: /tbacceptteleport [<target>]
[10Aug2026 03:07:00.459] [Server thread/INFO] [net.minecraft.server.MinecraftServer/]: /tbgui
[10Aug2026 03:07:00.459] [Server thread/INFO] [net.minecraft.server.MinecraftServer/]: /tbknowledge [<player>]
[10Aug2026 03:07:00.459] [Server thread/INFO] [net.minecraft.server.MinecraftServer/]: /tbalignment [<player>]
[10Aug2026 03:07:00.460] [Server thread/INFO] [net.minecraft.server.MinecraftServer/]: /tbrecovery [save_all_players|save_player|load_player]
[10Aug2026 03:07:00.460] [Server thread/INFO] [net.minecraft.server.MinecraftServer/]: /tbrequestteleport [<target>]
[10Aug2026 03:07:00.460] [Server thread/INFO] [net.minecraft.server.MinecraftServer/]: /tbrestoreinventory [<player>]
[10Aug2026 03:07:00.460] [Server thread/INFO] [net.minecraft.server.MinecraftServer/]: /tbrevivefamiliar [<player>]
[10Aug2026 03:07:00.460] [Server thread/INFO] [net.minecraft.server.MinecraftServer/]: /tbshowlastgrave [<player>]
[10Aug2026 03:07:00.460] [Server thread/INFO] [net.minecraft.server.MinecraftServer/]: /tbsiege [start|stop]
[10Aug2026 03:07:00.460] [Server thread/INFO] [net.minecraft.server.MinecraftServer/]: /tbteleport [pos|player|grave|death|home|discovery|biome]
[10Aug2026 03:07:00.461] [Server thread/INFO] [net.minecraft.server.MinecraftServer/]: /coro config common (reload|save|get|set)
[10Aug2026 03:07:00.461] [Server thread/INFO] [net.minecraft.server.MinecraftServer/]: /quantified (webpanel|stats|config|mods|gpu|dev)
[10Aug2026 03:07:00.461] [Server thread/INFO] [net.minecraft.server.MinecraftServer/]: /open-patchouli-book <targets> <book> [<entry>]
[10Aug2026 03:07:00.461] [Server thread/INFO] [net.minecraft.server.MinecraftServer/]: /polymorph conflicts
[10Aug2026 03:07:00.461] [Server thread/INFO] [net.minecraft.server.MinecraftServer/]: /cmdconfig
[10Aug2026 03:07:00.480] [Netty Epoll Server IO #3/DEBUG] [net.minecraftforge.network.HandshakeHandler/FMLHANDSHAKE]: Starting new modded impl connection. Found 30 messages to dispatch.
[10Aug2026 03:07:00.497] [Netty Epoll Server IO #4/DEBUG] [net.minecraftforge.network.HandshakeHandler/FMLHANDSHAKE]: Starting new modded impl connection. Found 30 messages to dispatch.
[10Aug2026 03:07:00.523] [Server thread/WARN] [net.minecraft.network.Connection/]: handleDisconnection() called twice
[10Aug2026 03:07:00.530] [Server thread/INFO] [net.minecraft.server.network.ServerLoginPacketListenerImpl/]: com.mojang.authlib.GameProfile@756ee163[id=<null>,name=Darkiumoun,properties={},legacy=false] (/100.76.89.1:60995) lost connection: Disconnected
[10Aug2026 03:07:00.531] [Server thread/INFO] [net.minecraft.server.network.ServerLoginPacketListenerImpl/]: com.mojang.authlib.GameProfile@64b20d63[id=<null>,name=Darkiumoun,properties={},legacy=false] (/100.76.89.1:59024) lost connection: Disconnected
[10Aug2026 03:07:00.594] [Server thread/WARN] [net.minecraft.server.MinecraftServer/]: Can't keep up! Is the server overloaded? Running 93795ms or 1875 ticks behind
[10Aug2026 03:07:05.597] [Netty Epoll Server IO #5/DEBUG] [net.minecraftforge.network.HandshakeHandler/FMLHANDSHAKE]: Starting new modded impl connection. Found 30 messages to dispatch.
[10Aug2026 03:07:05.600] [Server thread/DEBUG] [net.minecraftforge.network.HandshakeHandler/FMLHANDSHAKE]: Sending ticking packet info 'FrameworkConfig refurbished_furniture:server' to 'framework:handshake' sequence 0
[10Aug2026 03:07:05.600] [Server thread/DEBUG] [net.minecraftforge.network.HandshakeHandler/FMLHANDSHAKE]: Sending ticking packet info 'net.minecraftforge.network.HandshakeMessages$S2CModData' to 'fml:handshake' sequence 1
[10Aug2026 03:07:05.600] [Server thread/DEBUG] [net.minecraftforge.network.HandshakeHandler/FMLHANDSHAKE]: Sending ticking packet info 'net.minecraftforge.network.HandshakeMessages$S2CModList' to 'fml:handshake' sequence 2
[10Aug2026 03:07:05.600] [Server thread/DEBUG] [net.minecraftforge.network.HandshakeHandler/FMLHANDSHAKE]: Sending ticking packet info 'Registry minecraft:command_argument_type' to 'fml:handshake' sequence 3
[10Aug2026 03:07:05.600] [Server thread/DEBUG] [net.minecraftforge.network.HandshakeHandler/FMLHANDSHAKE]: Sending ticking packet info 'Registry minecraft:recipe_serializer' to 'fml:handshake' sequence 4
[10Aug2026 03:07:05.600] [Server thread/DEBUG] [net.minecraftforge.network.HandshakeHandler/FMLHANDSHAKE]: Sending ticking packet info 'Registry minecraft:sound_event' to 'fml:handshake' sequence 5
[10Aug2026 03:07:05.600] [Server thread/DEBUG] [net.minecraftforge.network.HandshakeHandler/FMLHANDSHAKE]: Sending ticking packet info 'Registry minecraft:particle_type' to 'fml:handshake' sequence 6
[10Aug2026 03:07:05.600] [Server thread/DEBUG] [net.minecraftforge.network.HandshakeHandler/FMLHANDSHAKE]: Sending ticking packet info 'Registry minecraft:villager_profession' to 'fml:handshake' sequence 7
[10Aug2026 03:07:05.600] [Server thread/DEBUG] [net.minecraftforge.network.HandshakeHandler/FMLHANDSHAKE]: Sending ticking packet info 'Registry minecraft:item' to 'fml:handshake' sequence 8
[10Aug2026 03:07:05.600] [Server thread/DEBUG] [net.minecraftforge.network.HandshakeHandler/FMLHANDSHAKE]: Sending ticking packet info 'Registry minecraft:potion' to 'fml:handshake' sequence 9
[10Aug2026 03:07:05.600] [Server thread/DEBUG] [net.minecraftforge.network.HandshakeHandler/FMLHANDSHAKE]: Sending ticking packet info 'Registry minecraft:painting_variant' to 'fml:handshake' sequence 10
[10Aug2026 03:07:05.600] [Server thread/DEBUG] [net.minecraftforge.network.HandshakeHandler/FMLHANDSHAKE]: Sending ticking packet info 'Registry forge:fluid_type' to 'fml:handshake' sequence 11
[10Aug2026 03:07:05.600] [Server thread/DEBUG] [net.minecraftforge.network.HandshakeHandler/FMLHANDSHAKE]: Sending ticking packet info 'Registry minecraft:block_entity_type' to 'fml:handshake' sequence 12
[10Aug2026 03:07:05.600] [Server thread/DEBUG] [net.minecraftforge.network.HandshakeHandler/FMLHANDSHAKE]: Sending ticking packet info 'Registry forge:display_contexts' to 'fml:handshake' sequence 13
[10Aug2026 03:07:05.600] [Server thread/DEBUG] [net.minecraftforge.network.HandshakeHandler/FMLHANDSHAKE]: Sending ticking packet info 'Registry minecraft:block' to 'fml:handshake' sequence 14
[10Aug2026 03:07:05.600] [Server thread/DEBUG] [net.minecraftforge.network.HandshakeHandler/FMLHANDSHAKE]: Sending ticking packet info 'Registry forge:entity_data_serializers' to 'fml:handshake' sequence 15
[10Aug2026 03:07:05.600] [Server thread/DEBUG] [net.minecraftforge.network.HandshakeHandler/FMLHANDSHAKE]: Sending ticking packet info 'Registry minecraft:mob_effect' to 'fml:handshake' sequence 16
[10Aug2026 03:07:05.600] [Server thread/DEBUG] [net.minecraftforge.network.HandshakeHandler/FMLHANDSHAKE]: Sending ticking packet info 'Registry minecraft:stat_type' to 'fml:handshake' sequence 17
[10Aug2026 03:07:05.600] [Server thread/DEBUG] [net.minecraftforge.network.HandshakeHandler/FMLHANDSHAKE]: Sending ticking packet info 'Registry tombstone:perks' to 'fml:handshake' sequence 18
[10Aug2026 03:07:05.600] [Server thread/DEBUG] [net.minecraftforge.network.HandshakeHandler/FMLHANDSHAKE]: Sending ticking packet info 'Registry minecraft:menu' to 'fml:handshake' sequence 19
[10Aug2026 03:07:05.600] [Server thread/DEBUG] [net.minecraftforge.network.HandshakeHandler/FMLHANDSHAKE]: Sending ticking packet info 'Registry minecraft:enchantment' to 'fml:handshake' sequence 20
[10Aug2026 03:07:05.600] [Server thread/DEBUG] [net.minecraftforge.network.HandshakeHandler/FMLHANDSHAKE]: Sending ticking packet info 'Registry minecraft:fluid' to 'fml:handshake' sequence 21
[10Aug2026 03:07:05.600] [Server thread/DEBUG] [net.minecraftforge.network.HandshakeHandler/FMLHANDSHAKE]: Sending ticking packet info 'Registry minecraft:entity_type' to 'fml:handshake' sequence 22
[10Aug2026 03:07:05.600] [Server thread/DEBUG] [net.minecraftforge.network.HandshakeHandler/FMLHANDSHAKE]: Sending ticking packet info 'Config securitycraft-server.toml' to 'fml:handshake' sequence 23
[10Aug2026 03:07:05.600] [Server thread/DEBUG] [net.minecraftforge.network.HandshakeHandler/FMLHANDSHAKE]: Sending ticking packet info 'Config curios-server.toml' to 'fml:handshake' sequence 24
[10Aug2026 03:07:05.601] [Server thread/DEBUG] [net.minecraftforge.network.HandshakeHandler/FMLHANDSHAKE]: Sending ticking packet info 'Config tombstone-server.toml' to 'fml:handshake' sequence 25
[10Aug2026 03:07:05.601] [Server thread/DEBUG] [net.minecraftforge.network.HandshakeHandler/FMLHANDSHAKE]: Sending ticking packet info 'Config sophisticatedbackpacks-server.toml' to 'fml:handshake' sequence 26
[10Aug2026 03:07:05.601] [Server thread/DEBUG] [net.minecraftforge.network.HandshakeHandler/FMLHANDSHAKE]: Sending ticking packet info 'Config jei-server.toml' to 'fml:handshake' sequence 27
[10Aug2026 03:07:05.601] [Server thread/DEBUG] [net.minecraftforge.network.HandshakeHandler/FMLHANDSHAKE]: Sending ticking packet info 'Config forge-server.toml' to 'fml:handshake' sequence 28
[10Aug2026 03:07:05.601] [Server thread/DEBUG] [net.minecraftforge.network.HandshakeHandler/FMLHANDSHAKE]: Sending ticking packet info 'Config ntgl-server.toml' to 'fml:handshake' sequence 29
[10Aug2026 03:07:05.702] [Netty Epoll Server IO #5/DEBUG] [net.minecraftforge.network.LoginWrapper/FMLHANDSHAKE]: Recieved login wrapper packet event for channel framework:handshake with index 0
[10Aug2026 03:07:05.702] [Netty Epoll Server IO #5/DEBUG] [net.minecraftforge.network.HandshakeHandler/FMLHANDSHAKE]: Received client indexed reply 0 of type com.mrcrayfish.framework.api.network.message.HandshakeMessage$Acknowledge
[10Aug2026 03:07:05.702] [Netty Epoll Server IO #5/DEBUG] [Framework/FRAMEWORK_HANDSHAKE]: Received acknowledgement from client
[10Aug2026 03:07:05.799] [Netty Epoll Server IO #5/DEBUG] [net.minecraftforge.network.LoginWrapper/FMLHANDSHAKE]: Recieved login wrapper packet event for channel fml:handshake with index 2
[10Aug2026 03:07:05.799] [Netty Epoll Server IO #5/DEBUG] [net.minecraftforge.network.HandshakeHandler/FMLHANDSHAKE]: Received client indexed reply 2 of type net.minecraftforge.network.HandshakeMessages$C2SModListReply
[10Aug2026 03:07:05.799] [Netty Epoll Server IO #5/DEBUG] [net.minecraftforge.network.HandshakeHandler/FMLHANDSHAKE]: Received client connection with modlist [kuma_api, supermartijn642configlib, watermedia_youtube_plugin, trashslot, sodiumextras, watermedia, geckolib, playeranimator, jei, xaerolib, trender, stalwart_dungeons, sophisticatedcore, ntgl, waystones, structureessentials, clumps, xaeroworldmap, controlling, placebo, modernfix, citadel, alexsmobs, naturescompass, artifacts, sophisticatedbackpacks, iceandfire, bygonenether, balm, blueprint, carryon, sodiumoptionsapi, chat_heads, puzzlesaccessapi, cloth_config, sound_physics_remastered, crash_assistant, forge, supplementaries, sodiumdynamiclights, embeddium, rubidium, ironchest, minecraft, endergetic, alexscaves, littleframes, terrablender, moonlight, fabric_api_base, mousetweaks, biomesoplenty, mixinsquared, jade, endrem, creativecore, chunky, spectrelib, supermartijn642corelib, lionfishapi, kotlinforforge, cataclysm, curios, patchouli, xaerominimap, oculus, betterbiomeblend, searchables, polymorph, securitycraft, mr_dungeons_andtaverns, entityculling, tombstone, immediatelyfast, coroutil, fastfurnace, architectury, skin_changer, appleskin, ferritecore, cupboard, transition, refurbished_furniture, puzzleslib, quantified, framework, expandability, essential]
[10Aug2026 03:07:05.799] [Netty Epoll Server IO #5/DEBUG] [net.minecraftforge.network.NetworkRegistry/NETREGISTRY]: Channel 'supplementaries:channel' : Version test of '0' from client : ACCEPTED
[10Aug2026 03:07:05.799] [Netty Epoll Server IO #5/DEBUG] [net.minecraftforge.network.NetworkRegistry/NETREGISTRY]: Channel 'alexscaves:main_channel' : Version test of '1' from client : ACCEPTED
[10Aug2026 03:07:05.799] [Netty Epoll Server IO #5/DEBUG] [net.minecraftforge.network.NetworkRegistry/NETREGISTRY]: Channel 'jei:channel' : Version test of '1.0.0' from client : ACCEPTED
[10Aug2026 03:07:05.799] [Netty Epoll Server IO #5/DEBUG] [net.minecraftforge.network.NetworkRegistry/NETREGISTRY]: Channel 'minecraft:unregister' : Version test of 'FML3' from client : ACCEPTED
[10Aug2026 03:07:05.799] [Netty Epoll Server IO #5/DEBUG] [net.minecraftforge.network.NetworkRegistry/NETREGISTRY]: Channel 'xaerominimap:main' : Version test of '1.0' from client : ACCEPTED
[10Aug2026 03:07:05.800] [Netty Epoll Server IO #5/DEBUG] [net.minecraftforge.network.NetworkRegistry/NETREGISTRY]: Channel 'sophisticatedbackpacks:channel' : Version test of '3.24.62.2017' from client : ACCEPTED
[10Aug2026 03:07:05.800] [Netty Epoll Server IO #5/DEBUG] [net.minecraftforge.network.NetworkRegistry/NETREGISTRY]: Channel 'ntgl:play' : Version test of '1' from client : ACCEPTED
[10Aug2026 03:07:05.800] [Netty Epoll Server IO #5/DEBUG] [net.minecraftforge.network.NetworkRegistry/NETREGISTRY]: Channel 'framework:play' : Version test of '1' from client : ACCEPTED
[10Aug2026 03:07:05.800] [Netty Epoll Server IO #5/DEBUG] [net.minecraftforge.network.NetworkRegistry/NETREGISTRY]: Channel 'endergetic:net' : Version test of 'EE1' from client : ACCEPTED
[10Aug2026 03:07:05.800] [Netty Epoll Server IO #5/DEBUG] [net.minecraftforge.network.NetworkRegistry/NETREGISTRY]: Channel 'cataclysm:main_channel' : Version test of '1' from client : ACCEPTED
[10Aug2026 03:07:05.800] [Netty Epoll Server IO #5/DEBUG] [net.minecraftforge.network.NetworkRegistry/NETREGISTRY]: Channel 'lionfishapi:main_channel' : Version test of '1' from client : ACCEPTED
[10Aug2026 03:07:05.800] [Netty Epoll Server IO #5/DEBUG] [net.minecraftforge.network.NetworkRegistry/NETREGISTRY]: Channel 'forge:tier_sorting' : Version test of '1.0' from client : ACCEPTED
[10Aug2026 03:07:05.800] [Netty Epoll Server IO #5/DEBUG] [net.minecraftforge.network.NetworkRegistry/NETREGISTRY]: Channel 'spectrelib:main' : Version test of '1' from client : ACCEPTED
[10Aug2026 03:07:05.800] [Netty Epoll Server IO #5/DEBUG] [net.minecraftforge.network.NetworkRegistry/NETREGISTRY]: Channel 'alexsmobs:main_channel' : Version test of '1' from client : ACCEPTED
[10Aug2026 03:07:05.800] [Netty Epoll Server IO #5/DEBUG] [net.minecraftforge.network.NetworkRegistry/NETREGISTRY]: Channel 'fml:play' : Version test of 'FML3' from client : ACCEPTED
[10Aug2026 03:07:05.800] [Netty Epoll Server IO #5/DEBUG] [net.minecraftforge.network.NetworkRegistry/NETREGISTRY]: Channel 'creativecore:main' : Version test of '1' from client : ACCEPTED
[10Aug2026 03:07:05.800] [Netty Epoll Server IO #5/DEBUG] [net.minecraftforge.network.NetworkRegistry/NETREGISTRY]: Channel 'modernfix:ingredient_sync' : Version test of '1' from client : ACCEPTED
[10Aug2026 03:07:05.800] [Netty Epoll Server IO #5/DEBUG] [net.minecraftforge.network.NetworkRegistry/NETREGISTRY]: Channel 'blueprint:net' : Version test of 'BP1' from client : ACCEPTED
[10Aug2026 03:07:05.800] [Netty Epoll Server IO #5/DEBUG] [net.minecraftforge.network.NetworkRegistry/NETREGISTRY]: Channel 'xaeroworldmap:main' : Version test of '1.0' from client : ACCEPTED
[10Aug2026 03:07:05.800] [Netty Epoll Server IO #5/DEBUG] [net.minecraftforge.network.NetworkRegistry/NETREGISTRY]: Channel 'minecraft:register' : Version test of 'FML3' from client : ACCEPTED
[10Aug2026 03:07:05.800] [Netty Epoll Server IO #5/DEBUG] [net.minecraftforge.network.NetworkRegistry/NETREGISTRY]: Channel 'geckolib:main' : Version test of '1' from client : ACCEPTED
[10Aug2026 03:07:05.800] [Netty Epoll Server IO #5/DEBUG] [net.minecraftforge.network.NetworkRegistry/NETREGISTRY]: Channel 'moonlight:channel' : Version test of '0' from client : ACCEPTED
[10Aug2026 03:07:05.800] [Netty Epoll Server IO #5/DEBUG] [net.minecraftforge.network.NetworkRegistry/NETREGISTRY]: Channel 'refurbished_furniture:play' : Version test of '1' from client : ACCEPTED
[10Aug2026 03:07:05.800] [Netty Epoll Server IO #5/DEBUG] [net.minecraftforge.network.NetworkRegistry/NETREGISTRY]: Channel 'stalwart_dungeons:stalwart_dungeons' : Version test of '1' from client : ACCEPTED
[10Aug2026 03:07:05.800] [Netty Epoll Server IO #5/DEBUG] [net.minecraftforge.network.NetworkRegistry/NETREGISTRY]: Channel 'architectury:network' : Version test of '1' from client : ACCEPTED
[10Aug2026 03:07:05.800] [Netty Epoll Server IO #5/DEBUG] [net.minecraftforge.network.NetworkRegistry/NETREGISTRY]: Channel 'carryon:carryonpackets' : Version test of '1.0' from client : ACCEPTED
[10Aug2026 03:07:05.800] [Netty Epoll Server IO #5/DEBUG] [net.minecraftforge.network.NetworkRegistry/NETREGISTRY]: Channel 'citadel:main_channel' : Version test of '1' from client : ACCEPTED
[10Aug2026 03:07:05.800] [Netty Epoll Server IO #5/DEBUG] [net.minecraftforge.network.NetworkRegistry/NETREGISTRY]: Channel 'puzzleslib:1' : Version test of '1' from client : ACCEPTED
[10Aug2026 03:07:05.800] [Netty Epoll Server IO #5/DEBUG] [net.minecraftforge.network.NetworkRegistry/NETREGISTRY]: Channel 'securitycraft:securitycraft' : Version test of 'v1.9.8' from client : ACCEPTED
[10Aug2026 03:07:05.800] [Netty Epoll Server IO #5/DEBUG] [net.minecraftforge.network.NetworkRegistry/NETREGISTRY]: Channel 'iceandfire:main_channel' : Version test of '1' from client : ACCEPTED
[10Aug2026 03:07:05.800] [Netty Epoll Server IO #5/DEBUG] [net.minecraftforge.network.NetworkRegistry/NETREGISTRY]: Channel 'modernfix:main' : Version test of '1' from client : ACCEPTED
[10Aug2026 03:07:05.800] [Netty Epoll Server IO #5/DEBUG] [net.minecraftforge.network.NetworkRegistry/NETREGISTRY]: Channel 'curios:main' : Version test of '1' from client : ACCEPTED
[10Aug2026 03:07:05.800] [Netty Epoll Server IO #5/DEBUG] [net.minecraftforge.network.NetworkRegistry/NETREGISTRY]: Channel 'placebo:placebo' : Version test of '1.0.0' from client : ACCEPTED
[10Aug2026 03:07:05.800] [Netty Epoll Server IO #5/DEBUG] [net.minecraftforge.network.NetworkRegistry/NETREGISTRY]: Channel 'balm:network' : Version test of '1.0' from client : ACCEPTED
[10Aug2026 03:07:05.800] [Netty Epoll Server IO #5/DEBUG] [net.minecraftforge.network.NetworkRegistry/NETREGISTRY]: Channel 'polymorph:main' : Version test of '1' from client : ACCEPTED
[10Aug2026 03:07:05.800] [Netty Epoll Server IO #5/DEBUG] [net.minecraftforge.network.NetworkRegistry/NETREGISTRY]: Channel 'littleframes:main' : Version test of '1' from client : ACCEPTED
[10Aug2026 03:07:05.800] [Netty Epoll Server IO #5/DEBUG] [net.minecraftforge.network.NetworkRegistry/NETREGISTRY]: Channel 'framework:handshake' : Version test of '1' from client : ACCEPTED
[10Aug2026 03:07:05.800] [Netty Epoll Server IO #5/DEBUG] [net.minecraftforge.network.NetworkRegistry/NETREGISTRY]: Channel 'fml:loginwrapper' : Version test of 'FML3' from client : ACCEPTED
[10Aug2026 03:07:05.800] [Netty Epoll Server IO #5/DEBUG] [net.minecraftforge.network.NetworkRegistry/NETREGISTRY]: Channel 'supermartijn642configlib:sync_configs' : Version test of '1.1.8' from client : ACCEPTED
[10Aug2026 03:07:05.800] [Netty Epoll Server IO #5/DEBUG] [net.minecraftforge.network.NetworkRegistry/NETREGISTRY]: Channel 'trashslot:network' : Version test of '1.0' from client : ACCEPTED
[10Aug2026 03:07:05.800] [Netty Epoll Server IO #5/DEBUG] [net.minecraftforge.network.NetworkRegistry/NETREGISTRY]: Channel 'tombstone:tombstone_channel' : Version test of 'tombstone-9.0.9' from client : ACCEPTED
[10Aug2026 03:07:05.800] [Netty Epoll Server IO #5/DEBUG] [net.minecraftforge.network.NetworkRegistry/NETREGISTRY]: Channel 'xaerolib:main' : Version test of '1.0' from client : ACCEPTED
[10Aug2026 03:07:05.800] [Netty Epoll Server IO #5/DEBUG] [net.minecraftforge.network.NetworkRegistry/NETREGISTRY]: Channel 'naturescompass:naturescompass' : Version test of '1.0' from client : ACCEPTED
[10Aug2026 03:07:05.800] [Netty Epoll Server IO #5/DEBUG] [net.minecraftforge.network.NetworkRegistry/NETREGISTRY]: Channel 'sophisticatedcore:channel' : Version test of '1.3.74.2216' from client : ACCEPTED
[10Aug2026 03:07:05.800] [Netty Epoll Server IO #5/DEBUG] [net.minecraftforge.network.NetworkRegistry/NETREGISTRY]: Channel 'patchouli:main' : Version test of '1' from client : ACCEPTED
[10Aug2026 03:07:05.800] [Netty Epoll Server IO #5/DEBUG] [net.minecraftforge.network.NetworkRegistry/NETREGISTRY]: Channel 'fml:handshake' : Version test of 'FML3' from client : ACCEPTED
[10Aug2026 03:07:05.800] [Netty Epoll Server IO #5/DEBUG] [net.minecraftforge.network.NetworkRegistry/NETREGISTRY]: Channel 'ironchest:network' : Version test of '1' from client : ACCEPTED
[10Aug2026 03:07:05.800] [Netty Epoll Server IO #5/DEBUG] [net.minecraftforge.network.NetworkRegistry/NETREGISTRY]: Channel 'forge:split' : Version test of '1.1' from client : ACCEPTED
[10Aug2026 03:07:05.800] [Netty Epoll Server IO #5/DEBUG] [net.minecraftforge.network.NetworkRegistry/NETREGISTRY]: Channel 'waystones:network' : Version test of '1.0' from client : ACCEPTED
[10Aug2026 03:07:05.800] [Netty Epoll Server IO #5/DEBUG] [net.minecraftforge.network.NetworkRegistry/NETREGISTRY]: Channel 'jade:networking' : Version test of '2' from client : ACCEPTED
[10Aug2026 03:07:05.800] [Netty Epoll Server IO #5/DEBUG] [net.minecraftforge.network.NetworkRegistry/NETREGISTRY]: Accepting channel list from client
[10Aug2026 03:07:05.801] [Netty Epoll Server IO #5/DEBUG] [net.minecraftforge.network.HandshakeHandler/FMLHANDSHAKE]: Accepted client connection mod list
[10Aug2026 03:07:05.801] [Netty Epoll Server IO #5/DEBUG] [net.minecraftforge.network.LoginWrapper/FMLHANDSHAKE]: Recieved login wrapper packet event for channel fml:handshake with index 3
[10Aug2026 03:07:05.801] [Netty Epoll Server IO #5/DEBUG] [net.minecraftforge.network.HandshakeHandler/FMLHANDSHAKE]: Received client indexed reply 3 of type net.minecraftforge.network.HandshakeMessages$C2SAcknowledge
[10Aug2026 03:07:05.801] [Netty Epoll Server IO #5/DEBUG] [net.minecraftforge.network.HandshakeHandler/FMLHANDSHAKE]: Received acknowledgement from client
[10Aug2026 03:07:05.801] [Netty Epoll Server IO #5/DEBUG] [net.minecraftforge.network.LoginWrapper/FMLHANDSHAKE]: Recieved login wrapper packet event for channel fml:handshake with index 4
[10Aug2026 03:07:05.801] [Netty Epoll Server IO #5/DEBUG] [net.minecraftforge.network.HandshakeHandler/FMLHANDSHAKE]: Received client indexed reply 4 of type net.minecraftforge.network.HandshakeMessages$C2SAcknowledge
[10Aug2026 03:07:05.801] [Netty Epoll Server IO #5/DEBUG] [net.minecraftforge.network.HandshakeHandler/FMLHANDSHAKE]: Received acknowledgement from client
[10Aug2026 03:07:05.999] [Netty Epoll Server IO #5/DEBUG] [net.minecraftforge.network.LoginWrapper/FMLHANDSHAKE]: Recieved login wrapper packet event for channel fml:handshake with index 5
[10Aug2026 03:07:05.999] [Netty Epoll Server IO #5/DEBUG] [net.minecraftforge.network.HandshakeHandler/FMLHANDSHAKE]: Received client indexed reply 5 of type net.minecraftforge.network.HandshakeMessages$C2SAcknowledge
[10Aug2026 03:07:06.000] [Netty Epoll Server IO #5/DEBUG] [net.minecraftforge.network.HandshakeHandler/FMLHANDSHAKE]: Received acknowledgement from client
[10Aug2026 03:07:06.000] [Netty Epoll Server IO #5/DEBUG] [net.minecraftforge.network.LoginWrapper/FMLHANDSHAKE]: Recieved login wrapper packet event for channel fml:handshake with index 6
[10Aug2026 03:07:06.000] [Netty Epoll Server IO #5/DEBUG] [net.minecraftforge.network.HandshakeHandler/FMLHANDSHAKE]: Received client indexed reply 6 of type net.minecraftforge.network.HandshakeMessages$C2SAcknowledge
[10Aug2026 03:07:06.000] [Netty Epoll Server IO #5/DEBUG] [net.minecraftforge.network.HandshakeHandler/FMLHANDSHAKE]: Received acknowledgement from client
[10Aug2026 03:07:06.000] [Netty Epoll Server IO #5/DEBUG] [net.minecraftforge.network.LoginWrapper/FMLHANDSHAKE]: Recieved login wrapper packet event for channel fml:handshake with index 7
[10Aug2026 03:07:06.000] [Netty Epoll Server IO #5/DEBUG] [net.minecraftforge.network.HandshakeHandler/FMLHANDSHAKE]: Received client indexed reply 7 of type net.minecraftforge.network.HandshakeMessages$C2SAcknowledge
[10Aug2026 03:07:06.000] [Netty Epoll Server IO #5/DEBUG] [net.minecraftforge.network.HandshakeHandler/FMLHANDSHAKE]: Received acknowledgement from client
[10Aug2026 03:07:06.107] [Netty Epoll Server IO #5/DEBUG] [net.minecraftforge.network.LoginWrapper/FMLHANDSHAKE]: Recieved login wrapper packet event for channel fml:handshake with index 8
[10Aug2026 03:07:06.107] [Netty Epoll Server IO #5/DEBUG] [net.minecraftforge.network.HandshakeHandler/FMLHANDSHAKE]: Received client indexed reply 8 of type net.minecraftforge.network.HandshakeMessages$C2SAcknowledge
[10Aug2026 03:07:06.107] [Netty Epoll Server IO #5/DEBUG] [net.minecraftforge.network.HandshakeHandler/FMLHANDSHAKE]: Received acknowledgement from client
[10Aug2026 03:07:06.108] [Netty Epoll Server IO #5/DEBUG] [net.minecraftforge.network.LoginWrapper/FMLHANDSHAKE]: Recieved login wrapper packet event for channel fml:handshake with index 9
[10Aug2026 03:07:06.108] [Netty Epoll Server IO #5/DEBUG] [net.minecraftforge.network.HandshakeHandler/FMLHANDSHAKE]: Received client indexed reply 9 of type net.minecraftforge.network.HandshakeMessages$C2SAcknowledge
[10Aug2026 03:07:06.108] [Netty Epoll Server IO #5/DEBUG] [net.minecraftforge.network.HandshakeHandler/FMLHANDSHAKE]: Received acknowledgement from client
[10Aug2026 03:07:06.108] [Netty Epoll Server IO #5/DEBUG] [net.minecraftforge.network.LoginWrapper/FMLHANDSHAKE]: Recieved login wrapper packet event for channel fml:handshake with index 10
[10Aug2026 03:07:06.108] [Netty Epoll Server IO #5/DEBUG] [net.minecraftforge.network.HandshakeHandler/FMLHANDSHAKE]: Received client indexed reply 10 of type net.minecraftforge.network.HandshakeMessages$C2SAcknowledge
[10Aug2026 03:07:06.108] [Netty Epoll Server IO #5/DEBUG] [net.minecraftforge.network.HandshakeHandler/FMLHANDSHAKE]: Received acknowledgement from client
[10Aug2026 03:07:06.108] [Netty Epoll Server IO #5/DEBUG] [net.minecraftforge.network.LoginWrapper/FMLHANDSHAKE]: Recieved login wrapper packet event for channel fml:handshake with index 11
[10Aug2026 03:07:06.108] [Netty Epoll Server IO #5/DEBUG] [net.minecraftforge.network.HandshakeHandler/FMLHANDSHAKE]: Received client indexed reply 11 of type net.minecraftforge.network.HandshakeMessages$C2SAcknowledge
[10Aug2026 03:07:06.108] [Netty Epoll Server IO #5/DEBUG] [net.minecraftforge.network.HandshakeHandler/FMLHANDSHAKE]: Received acknowledgement from client
[10Aug2026 03:07:06.110] [Netty Epoll Server IO #5/DEBUG] [net.minecraftforge.network.LoginWrapper/FMLHANDSHAKE]: Recieved login wrapper packet event for channel fml:handshake with index 12
[10Aug2026 03:07:06.110] [Netty Epoll Server IO #5/DEBUG] [net.minecraftforge.network.HandshakeHandler/FMLHANDSHAKE]: Received client indexed reply 12 of type net.minecraftforge.network.HandshakeMessages$C2SAcknowledge
[10Aug2026 03:07:06.111] [Netty Epoll Server IO #5/DEBUG] [net.minecraftforge.network.HandshakeHandler/FMLHANDSHAKE]: Received acknowledgement from client
[10Aug2026 03:07:06.111] [Netty Epoll Server IO #5/DEBUG] [net.minecraftforge.network.LoginWrapper/FMLHANDSHAKE]: Recieved login wrapper packet event for channel fml:handshake with index 13
[10Aug2026 03:07:06.111] [Netty Epoll Server IO #5/DEBUG] [net.minecraftforge.network.HandshakeHandler/FMLHANDSHAKE]: Received client indexed reply 13 of type net.minecraftforge.network.HandshakeMessages$C2SAcknowledge
[10Aug2026 03:07:06.111] [Netty Epoll Server IO #5/DEBUG] [net.minecraftforge.network.HandshakeHandler/FMLHANDSHAKE]: Received acknowledgement from client
[10Aug2026 03:07:06.200] [Netty Epoll Server IO #5/DEBUG] [net.minecraftforge.network.LoginWrapper/FMLHANDSHAKE]: Recieved login wrapper packet event for channel fml:handshake with index 14
[10Aug2026 03:07:06.200] [Netty Epoll Server IO #5/DEBUG] [net.minecraftforge.network.HandshakeHandler/FMLHANDSHAKE]: Received client indexed reply 14 of type net.minecraftforge.network.HandshakeMessages$C2SAcknowledge
[10Aug2026 03:07:06.200] [Netty Epoll Server IO #5/DEBUG] [net.minecraftforge.network.HandshakeHandler/FMLHANDSHAKE]: Received acknowledgement from client
[10Aug2026 03:07:06.201] [Netty Epoll Server IO #5/DEBUG] [net.minecraftforge.network.LoginWrapper/FMLHANDSHAKE]: Recieved login wrapper packet event for channel fml:handshake with index 15
[10Aug2026 03:07:06.201] [Netty Epoll Server IO #5/DEBUG] [net.minecraftforge.network.HandshakeHandler/FMLHANDSHAKE]: Received client indexed reply 15 of type net.minecraftforge.network.HandshakeMessages$C2SAcknowledge
[10Aug2026 03:07:06.201] [Netty Epoll Server IO #5/DEBUG] [net.minecraftforge.network.HandshakeHandler/FMLHANDSHAKE]: Received acknowledgement from client
[10Aug2026 03:07:06.201] [Netty Epoll Server IO #5/DEBUG] [net.minecraftforge.network.LoginWrapper/FMLHANDSHAKE]: Recieved login wrapper packet event for channel fml:handshake with index 16
[10Aug2026 03:07:06.201] [Netty Epoll Server IO #5/DEBUG] [net.minecraftforge.network.HandshakeHandler/FMLHANDSHAKE]: Received client indexed reply 16 of type net.minecraftforge.network.HandshakeMessages$C2SAcknowledge
[10Aug2026 03:07:06.201] [Netty Epoll Server IO #5/DEBUG] [net.minecraftforge.network.HandshakeHandler/FMLHANDSHAKE]: Received acknowledgement from client
[10Aug2026 03:07:06.201] [Netty Epoll Server IO #5/DEBUG] [net.minecraftforge.network.LoginWrapper/FMLHANDSHAKE]: Recieved login wrapper packet event for channel fml:handshake with index 17
[10Aug2026 03:07:06.201] [Netty Epoll Server IO #5/DEBUG] [net.minecraftforge.network.HandshakeHandler/FMLHANDSHAKE]: Received client indexed reply 17 of type net.minecraftforge.network.HandshakeMessages$C2SAcknowledge
[10Aug2026 03:07:06.201] [Netty Epoll Server IO #5/DEBUG] [net.minecraftforge.network.HandshakeHandler/FMLHANDSHAKE]: Received acknowledgement from client
[10Aug2026 03:07:06.201] [Netty Epoll Server IO #5/DEBUG] [net.minecraftforge.network.LoginWrapper/FMLHANDSHAKE]: Recieved login wrapper packet event for channel fml:handshake with index 18
[10Aug2026 03:07:06.202] [Netty Epoll Server IO #5/DEBUG] [net.minecraftforge.network.HandshakeHandler/FMLHANDSHAKE]: Received client indexed reply 18 of type net.minecraftforge.network.HandshakeMessages$C2SAcknowledge
[10Aug2026 03:07:06.202] [Netty Epoll Server IO #5/DEBUG] [net.minecraftforge.network.HandshakeHandler/FMLHANDSHAKE]: Received acknowledgement from client
[10Aug2026 03:07:06.202] [Netty Epoll Server IO #5/DEBUG] [net.minecraftforge.network.LoginWrapper/FMLHANDSHAKE]: Recieved login wrapper packet event for channel fml:handshake with index 19
[10Aug2026 03:07:06.202] [Netty Epoll Server IO #5/DEBUG] [net.minecraftforge.network.HandshakeHandler/FMLHANDSHAKE]: Received client indexed reply 19 of type net.minecraftforge.network.HandshakeMessages$C2SAcknowledge
[10Aug2026 03:07:06.202] [Netty Epoll Server IO #5/DEBUG] [net.minecraftforge.network.HandshakeHandler/FMLHANDSHAKE]: Received acknowledgement from client
[10Aug2026 03:07:06.202] [Netty Epoll Server IO #5/DEBUG] [net.minecraftforge.network.LoginWrapper/FMLHANDSHAKE]: Recieved login wrapper packet event for channel fml:handshake with index 20
[10Aug2026 03:07:06.202] [Netty Epoll Server IO #5/DEBUG] [net.minecraftforge.network.HandshakeHandler/FMLHANDSHAKE]: Received client indexed reply 20 of type net.minecraftforge.network.HandshakeMessages$C2SAcknowledge
[10Aug2026 03:07:06.202] [Netty Epoll Server IO #5/DEBUG] [net.minecraftforge.network.HandshakeHandler/FMLHANDSHAKE]: Received acknowledgement from client
[10Aug2026 03:07:06.202] [Netty Epoll Server IO #5/DEBUG] [net.minecraftforge.network.LoginWrapper/FMLHANDSHAKE]: Recieved login wrapper packet event for channel fml:handshake with index 21
[10Aug2026 03:07:06.202] [Netty Epoll Server IO #5/DEBUG] [net.minecraftforge.network.HandshakeHandler/FMLHANDSHAKE]: Received client indexed reply 21 of type net.minecraftforge.network.HandshakeMessages$C2SAcknowledge
[10Aug2026 03:07:06.202] [Netty Epoll Server IO #5/DEBUG] [net.minecraftforge.network.HandshakeHandler/FMLHANDSHAKE]: Received acknowledgement from client
[10Aug2026 03:07:06.292] [Netty Epoll Server IO #5/DEBUG] [net.minecraftforge.network.LoginWrapper/FMLHANDSHAKE]: Recieved login wrapper packet event for channel fml:handshake with index 22
[10Aug2026 03:07:06.292] [Netty Epoll Server IO #5/DEBUG] [net.minecraftforge.network.HandshakeHandler/FMLHANDSHAKE]: Received client indexed reply 22 of type net.minecraftforge.network.HandshakeMessages$C2SAcknowledge
[10Aug2026 03:07:06.292] [Netty Epoll Server IO #5/DEBUG] [net.minecraftforge.network.HandshakeHandler/FMLHANDSHAKE]: Received acknowledgement from client
[10Aug2026 03:07:06.293] [Netty Epoll Server IO #5/DEBUG] [net.minecraftforge.network.LoginWrapper/FMLHANDSHAKE]: Recieved login wrapper packet event for channel fml:handshake with index 23
[10Aug2026 03:07:06.293] [Netty Epoll Server IO #5/DEBUG] [net.minecraftforge.network.HandshakeHandler/FMLHANDSHAKE]: Received client indexed reply 23 of type net.minecraftforge.network.HandshakeMessages$C2SAcknowledge
[10Aug2026 03:07:06.293] [Netty Epoll Server IO #5/DEBUG] [net.minecraftforge.network.HandshakeHandler/FMLHANDSHAKE]: Received acknowledgement from client
[10Aug2026 03:07:06.293] [Netty Epoll Server IO #5/DEBUG] [net.minecraftforge.network.LoginWrapper/FMLHANDSHAKE]: Recieved login wrapper packet event for channel fml:handshake with index 24
[10Aug2026 03:07:06.293] [Netty Epoll Server IO #5/DEBUG] [net.minecraftforge.network.HandshakeHandler/FMLHANDSHAKE]: Received client indexed reply 24 of type net.minecraftforge.network.HandshakeMessages$C2SAcknowledge
[10Aug2026 03:07:06.293] [Netty Epoll Server IO #5/DEBUG] [net.minecraftforge.network.HandshakeHandler/FMLHANDSHAKE]: Received acknowledgement from client
[10Aug2026 03:07:06.293] [Netty Epoll Server IO #5/DEBUG] [net.minecraftforge.network.LoginWrapper/FMLHANDSHAKE]: Recieved login wrapper packet event for channel fml:handshake with index 25
[10Aug2026 03:07:06.293] [Netty Epoll Server IO #5/DEBUG] [net.minecraftforge.network.HandshakeHandler/FMLHANDSHAKE]: Received client indexed reply 25 of type net.minecraftforge.network.HandshakeMessages$C2SAcknowledge
[10Aug2026 03:07:06.293] [Netty Epoll Server IO #5/DEBUG] [net.minecraftforge.network.HandshakeHandler/FMLHANDSHAKE]: Received acknowledgement from client
[10Aug2026 03:07:06.294] [Netty Epoll Server IO #5/DEBUG] [net.minecraftforge.network.LoginWrapper/FMLHANDSHAKE]: Recieved login wrapper packet event for channel fml:handshake with index 26
[10Aug2026 03:07:06.294] [Netty Epoll Server IO #5/DEBUG] [net.minecraftforge.network.HandshakeHandler/FMLHANDSHAKE]: Received client indexed reply 26 of type net.minecraftforge.network.HandshakeMessages$C2SAcknowledge
[10Aug2026 03:07:06.294] [Netty Epoll Server IO #5/DEBUG] [net.minecraftforge.network.HandshakeHandler/FMLHANDSHAKE]: Received acknowledgement from client
[10Aug2026 03:07:06.294] [Netty Epoll Server IO #5/DEBUG] [net.minecraftforge.network.LoginWrapper/FMLHANDSHAKE]: Recieved login wrapper packet event for channel fml:handshake with index 27
[10Aug2026 03:07:06.294] [Netty Epoll Server IO #5/DEBUG] [net.minecraftforge.network.HandshakeHandler/FMLHANDSHAKE]: Received client indexed reply 27 of type net.minecraftforge.network.HandshakeMessages$C2SAcknowledge
[10Aug2026 03:07:06.294] [Netty Epoll Server IO #5/DEBUG] [net.minecraftforge.network.HandshakeHandler/FMLHANDSHAKE]: Received acknowledgement from client
[10Aug2026 03:07:06.294] [Netty Epoll Server IO #5/DEBUG] [net.minecraftforge.network.LoginWrapper/FMLHANDSHAKE]: Recieved login wrapper packet event for channel fml:handshake with index 28
[10Aug2026 03:07:06.294] [Netty Epoll Server IO #5/DEBUG] [net.minecraftforge.network.HandshakeHandler/FMLHANDSHAKE]: Received client indexed reply 28 of type net.minecraftforge.network.HandshakeMessages$C2SAcknowledge
[10Aug2026 03:07:06.294] [Netty Epoll Server IO #5/DEBUG] [net.minecraftforge.network.HandshakeHandler/FMLHANDSHAKE]: Received acknowledgement from client
[10Aug2026 03:07:06.294] [Netty Epoll Server IO #5/DEBUG] [net.minecraftforge.network.LoginWrapper/FMLHANDSHAKE]: Recieved login wrapper packet event for channel fml:handshake with index 29
[10Aug2026 03:07:06.294] [Netty Epoll Server IO #5/DEBUG] [net.minecraftforge.network.HandshakeHandler/FMLHANDSHAKE]: Received client indexed reply 29 of type net.minecraftforge.network.HandshakeMessages$C2SAcknowledge
[10Aug2026 03:07:06.294] [Netty Epoll Server IO #5/DEBUG] [net.minecraftforge.network.HandshakeHandler/FMLHANDSHAKE]: Received acknowledgement from client
[10Aug2026 03:07:06.300] [Server thread/DEBUG] [net.minecraftforge.network.HandshakeHandler/FMLHANDSHAKE]: Handshake complete!
[10Aug2026 03:07:06.365] [Server thread/INFO] [net.minecraft.server.players.PlayerList/]: Darkiumoun[/100.76.89.1:60998] logged in with entity id 2378 at (366.5476112821406, 126.64792636250702, -350.51873232786613)
[10Aug2026 03:07:06.365] [Server thread/DEBUG] [net.minecraftforge.network.filters.NetworkFilters/]: Injected net.minecraftforge.network.filters.ForgeConnectionNetworkFilter@43a659d3 into net.minecraft.network.Connection@5fe66735
[10Aug2026 03:07:06.378] [Server thread/INFO] [ModernFix/]: Using enhanced recipe sync for player Darkiumoun
[10Aug2026 03:07:06.398] [Server thread/INFO] [net.minecraft.server.MinecraftServer/]: Darkiumoun joined the game
[10Aug2026 03:07:06.403] [Server thread/INFO] [me.edoren.skin_changer.server.SkinProviderController/]: Player Darkiumoun just logged in with id c4e857d5-16b0-386e-b080-ca2361fd0700
[10Aug2026 03:07:06.405] [ForkJoinPool-4-worker-3/INFO] [me.edoren.skin_changer.server.SkinProviderController/]: Loading local skin for player Darkiumoun[c4e857d5-16b0-386e-b080-ca2361fd0700]
[10Aug2026 03:07:06.405] [ForkJoinPool-4-worker-3/DEBUG] [me.edoren.skin_changer.common.NetworkUtils/]: Downloading file https://playerdb.co/api/player/minecraft/Darkiumoun
[10Aug2026 03:07:06.408] [Server thread/INFO] [Jade/]: Syncing config to Darkiumoun (c4e857d5-16b0-386e-b080-ca2361fd0700)
[10Aug2026 03:07:06.467] [ForkJoinPool-4-worker-3/INFO] [me.edoren.skin_changer.common.NetworkUtils/]: File https://playerdb.co/api/player/minecraft/Darkiumoun downloaded
[10Aug2026 03:07:06.467] [ForkJoinPool-4-worker-3/DEBUG] [me.edoren.skin_changer.common.NetworkUtils/]: Downloading file https://crafatar.com/capes/2f6a3eaf-5eba-45cd-94b6-342e7f37203f
[10Aug2026 03:07:06.583] [ForkJoinPool-4-worker-3/INFO] [me.edoren.skin_changer.common.NetworkUtils/]: Error downloading file https://crafatar.com/capes/2f6a3eaf-5eba-45cd-94b6-342e7f37203f
[10Aug2026 03:07:19.261] [Worker-Main-1/DEBUG] [ModernFix/]: Using cached upgraded version of iceandfire:graveyard/graveyard_top
[10Aug2026 03:07:19.270] [Worker-Main-1/DEBUG] [ModernFix/]: Using cached upgraded version of iceandfire:graveyard/graveyard_bottom
[10Aug2026 03:07:19.869] [Server thread/WARN] [net.minecraft.server.network.ServerGamePacketListenerImpl/]: Darkiumoun moved too quickly! 14.386756481301404,-3.0834401696356224,10.15527602153037
[10Aug2026 03:07:24.179] [Worker-Main-1/DEBUG] [ModernFix/]: Using cached upgraded version of nova_structures:tavern/tavern_house_dark_oak
[10Aug2026 03:07:25.749] [Server thread/DEBUG] [ModernFix/]: Generating capability dispatcher #13 for types: [net.p3pp3rf1y.sophisticatedbackpacks.backpack.BackpackItem$2 -> indeterminate (bytecode analysis disabled), net.p3pp3rf1y.sophisticatedbackpacks.compat.curios.CuriosCompat$1 -> indeterminate (bytecode analysis disabled)]
[10Aug2026 03:07:25.749] [Worker-Main-2/DEBUG] [ModernFix/]: Using cached upgraded version of nova_structures:wild_ruin/wild_ruin_19
[10Aug2026 03:08:00.998] [Worker-Main-1/DEBUG] [ModernFix/]: Using cached upgraded version of nova_structures:creeping_crypt/crypt_entry/creeping_crypit_entry_house
[10Aug2026 03:08:06.429] [Server thread/ERROR] [net.minecraft.Util/]: POI data mismatch: already registered at BlockPos{x=684, y=-41, z=-185}
[10Aug2026 03:08:06.430] [Server thread/ERROR] [net.minecraft.Util/]: POI data mismatch: already registered at BlockPos{x=684, y=-41, z=-186}
[10Aug2026 03:10:38.785] [Worker-Main-3/DEBUG] [ModernFix/]: Using cached upgraded version of nova_structures:well/well_anchor_spruce
[10Aug2026 03:10:38.799] [Worker-Main-3/DEBUG] [ModernFix/]: Using cached upgraded version of nova_structures:well/well_anchor_savana
[10Aug2026 03:10:38.829] [Worker-Main-3/DEBUG] [ModernFix/]: Using cached upgraded version of nova_structures:well/well_anchor_jungle
[10Aug2026 03:10:38.854] [Worker-Main-3/DEBUG] [ModernFix/]: Using cached upgraded version of nova_structures:well/well_anchor_dark_oak
[10Aug2026 03:10:38.866] [Worker-Main-3/DEBUG] [ModernFix/]: Using cached upgraded version of nova_structures:well/well_anchor_oak
[10Aug2026 03:10:38.887] [Worker-Main-3/DEBUG] [ModernFix/]: Using cached upgraded version of nova_structures:well/well_anchor_birch
[10Aug2026 03:10:39.122] [Server thread/DEBUG] [net.minecraftforge.common.ForgeHooks/WP]: Gathering id map for writing to world save world
[10Aug2026 03:10:39.142] [Server thread/DEBUG] [net.minecraftforge.common.ForgeHooks/WP]: ID Map collection complete world
[10Aug2026 03:11:09.772] [Worker-Main-2/DEBUG] [ModernFix/]: Using cached upgraded version of nova_structures:witch_villa/backyard/witch_villa_backyard_1
[10Aug2026 03:11:12.269] [Server thread/ERROR] [net.minecraft.Util/]: POI data mismatch: already registered at BlockPos{x=716, y=-36, z=-402}
