[10Aug2026 03:02:33.640] [main/INFO] [cpw.mods.modlauncher.Launcher/MODLAUNCHER]: ModLauncher running: args [--launchTarget, forgeserver, --fml.forgeVersion, 47.3.7, --fml.mcVersion, 1.20.1, --fml.forgeGroup, net.minecraftforge, --fml.mcpVersion, 20230612.114412, nogui]
[10Aug2026 03:02:33.647] [main/INFO] [cpw.mods.modlauncher.Launcher/MODLAUNCHER]: ModLauncher 10.0.9+10.0.9+main.dcd20f30 starting: java version 17.0.19 by Ubuntu; OS Linux arch amd64 version 6.8.0-1052-azure
[10Aug2026 03:02:34.965] [main/INFO] [net.minecraftforge.fml.loading.ImmediateWindowHandler/]: ImmediateWindowProvider not loading because launch target is forgeserver
[10Aug2026 03:02:35.028] [main/INFO] [mixin/]: SpongePowered MIXIN Subsystem Version=0.8.5 Source=union:/workspaces/papuproyecto/servidor_minecraft/libraries/org/spongepowered/mixin/0.8.5/mixin-0.8.5.jar%2365!/ Service=ModLauncher Env=SERVER
[10Aug2026 03:02:35.514] [main/WARN] [net.minecraftforge.fml.loading.moddiscovery.ModFileParser/LOADING]: Mod file /workspaces/papuproyecto/servidor_minecraft/libraries/net/minecraftforge/fmlcore/1.20.1-47.3.7/fmlcore-1.20.1-47.3.7.jar is missing mods.toml file
[10Aug2026 03:02:35.519] [main/WARN] [net.minecraftforge.fml.loading.moddiscovery.ModFileParser/LOADING]: Mod file /workspaces/papuproyecto/servidor_minecraft/libraries/net/minecraftforge/javafmllanguage/1.20.1-47.3.7/javafmllanguage-1.20.1-47.3.7.jar is missing mods.toml file
[10Aug2026 03:02:35.520] [main/WARN] [net.minecraftforge.fml.loading.moddiscovery.ModFileParser/LOADING]: Mod file /workspaces/papuproyecto/servidor_minecraft/libraries/net/minecraftforge/lowcodelanguage/1.20.1-47.3.7/lowcodelanguage-1.20.1-47.3.7.jar is missing mods.toml file
[10Aug2026 03:02:35.523] [main/WARN] [net.minecraftforge.fml.loading.moddiscovery.ModFileParser/LOADING]: Mod file /workspaces/papuproyecto/servidor_minecraft/libraries/net/minecraftforge/mclanguage/1.20.1-47.3.7/mclanguage-1.20.1-47.3.7.jar is missing mods.toml file
[10Aug2026 03:02:35.983] [main/INFO] [net.minecraftforge.fml.loading.moddiscovery.JarInJarDependencyLocator/]: Found 17 dependencies adding them to mods collection
[10Aug2026 03:02:38.585] [main/INFO] [mixin/]: Compatibility level set to JAVA_17
[10Aug2026 03:02:38.825] [main/INFO] [mixin/]: Successfully loaded Mixin Connector [com.sonicether.soundphysics.MixinConnector]
[10Aug2026 03:02:38.828] [main/INFO] [cpw.mods.modlauncher.LaunchServiceHandler/MODLAUNCHER]: Launching target 'forgeserver' with arguments [nogui]
[10Aug2026 03:02:38.840] [main/WARN] [mixin/]: Reference map 'trashslot.refmap.json' for trashslot.mixins.json could not be read. If this is a development environment you can ignore this message
[10Aug2026 03:02:39.096] [main/INFO] [ModernFix/]: Loaded configuration file for ModernFix 5.27.66+mc1.20.1: 110 options available, 0 override(s) found
[10Aug2026 03:02:39.098] [main/INFO] [ModernFix/]: Applying Nashorn fix
[10Aug2026 03:02:39.119] [main/INFO] [ModernFix/]: Applied Forge config corruption patch
[10Aug2026 03:02:39.249] [main/WARN] [mixin/]: Reference map 'puzzlesaccessapi.common.refmap.json' for puzzlesaccessapi.common.mixins.json could not be read. If this is a development environment you can ignore this message
[10Aug2026 03:02:39.341] [main/WARN] [mixin/]: Reference map 'coroutil.refmap.json' for coroutil.mixins.json could not be read. If this is a development environment you can ignore this message
[10Aug2026 03:02:39.400] [main/INFO] [Puzzles Lib/]: Loading 72 mods:
	- alexscaves 2.0.2
	- alexsmobs 1.22.9
	- architectury 9.2.14
	- artifacts 9.5.19
		\-- expandability 9.0.4
	- balm 7.3.42
		\-- kuma_api 20.1.12
	- betterbiomeblend 1.4.0
	- biomesoplenty 18.0.0.592
	- blueprint 7.1.3
	- bygonenether 1.3.2
	- carryon 2.1.2.7
	- cataclysm 3.31
	- chunky 1.3.146
	- citadel 2.6.3
	- cloth_config 11.1.136
	- clumps 12.0.0.4
	- coroutil 1.20.1-1.3.7
	- creativecore 2.12.39
	- cupboard 1.20.1-3.9
	- curios 5.14.1+1.20.1
	- endergetic 5.0.1
	- endrem 5.3.3-R-1.20.1
	- entityculling 1.10.5
		|-- transition 1.0.21
		\-- trender 1.0.15
	- fastfurnace 8.0.2
	- ferritecore 6.0.1
	- forge 47.3.7
	- framework 0.8.0
	- geckolib 4.8.4
	- iceandfire 2.1.13-1.20.1
	- immediatelyfast 1.5.5+1.20.4
	- ironchest 1.20.1-14.4.4
	- jade 11.13.3+forge
	- jei 15.20.0.112
	- kotlinforforge 4.12.0
	- lionfishapi 3.0
	- littleframes 1.4.3
	- minecraft 1.20.1
	- modernfix 5.27.66+mc1.20.1
	- moonlight 1.20-2.16.34
	- mr_dungeons_andtaverns 3.0.3.f
	- naturescompass 1.20.1-1.12.0-forge
	- ntgl 3.1.2
	- patchouli 1.20.1-85-FORGE
	- placebo 8.6.3
	- playeranimator 1.0.2-rc1+1.20
	- polymorph 0.49.10+1.20.1
		\-- spectrelib 0.13.17+1.20.1
	- puzzleslib 8.1.33
		\-- puzzlesaccessapi 20.1.1
	- quantified 2.2.0
	- refurbished_furniture 1.0.20
	- securitycraft 1.9.8
	- skin_changer 0.6.6
	- sophisticatedbackpacks 3.24.62.2017
	- sophisticatedcore 1.3.74.2216
	- sound_physics_remastered 1.20.1-1.5.1
	- stalwart_dungeons 1.2.8
	- structureessentials 1.20.1-5.0
	- supermartijn642configlib 1.1.8
	- supermartijn642corelib 1.1.22
	- supplementaries 1.20-2.8.17
		\-- mixinsquared 0.1.1
	- terrablender 3.0.1.10
	- tombstone 9.0.9
	- trashslot 15.1.5
	- waystones 14.1.20
	- xaerominimap 26.4.2
		\-- xaerolib 1.7.1
	- xaeroworldmap 1.44.2
[10Aug2026 03:02:39.623] [main/INFO] [com.cupboard.Cupboard/]: Loaded config for: structureessentials.json
[10Aug2026 03:02:39.765] [main/INFO] [net.minecraftforge.coremod.CoreMod.placebo/COREMODLOG]: Patching IForgeItemStack#getEnchantmentLevel
[10Aug2026 03:02:39.804] [main/INFO] [net.minecraftforge.coremod.CoreMod.placebo/COREMODLOG]: Patching IForgeItemStack#getEnchantmentLevel
[10Aug2026 03:02:41.002] [main/WARN] [mixin/]: Error loading class: me/jellysquid/mods/sodium/client/world/biome/BiomeColorCache (java.lang.ClassNotFoundException: me.jellysquid.mods.sodium.client.world.biome.BiomeColorCache)
[10Aug2026 03:02:41.002] [main/WARN] [mixin/]: @Mixin target me.jellysquid.mods.sodium.client.world.biome.BiomeColorCache was not found betterbiomeblend-embeddium.mixins.json:MixinBiomeColorCache
[10Aug2026 03:02:41.003] [main/WARN] [mixin/]: Error loading class: me/jellysquid/mods/sodium/client/gui/SodiumGameOptionPages (java.lang.ClassNotFoundException: me.jellysquid.mods.sodium.client.gui.SodiumGameOptionPages)
[10Aug2026 03:02:41.004] [main/WARN] [mixin/]: @Mixin target me.jellysquid.mods.sodium.client.gui.SodiumGameOptionPages was not found betterbiomeblend-embeddium.mixins.json:MixinSodiumGameOptionPages
[10Aug2026 03:02:41.390] [main/INFO] [MixinExtras|Service/]: Initializing MixinExtras via com.llamalad7.mixinextras.service.MixinExtrasServiceImpl(version=0.5.3).
[10Aug2026 03:02:42.203] [main/INFO] [net.minecraft.server.Bootstrap/]: ModernFix reached bootstrap stage (11.80 s after launch)
[10Aug2026 03:02:42.404] [main/WARN] [mixin/]: @Final field delegatesByName:Ljava/util/Map; in modernfix-modernfix.mixins.json:perf.forge_registry_alloc.ForgeRegistryMixin should be final
[10Aug2026 03:02:42.404] [main/WARN] [mixin/]: @Final field delegatesByValue:Ljava/util/Map; in modernfix-modernfix.mixins.json:perf.forge_registry_alloc.ForgeRegistryMixin should be final
[10Aug2026 03:02:43.943] [main/INFO] [net.minecraft.server.Bootstrap/]: Vanilla bootstrap took 1713 milliseconds
[10Aug2026 03:02:45.115] [main/INFO] [net.minecraftforge.coremod.CoreMod.placebo/COREMODLOG]: Patching IForgeItemStack#getEnchantmentLevel
[10Aug2026 03:02:45.116] [main/INFO] [net.minecraftforge.coremod.CoreMod.placebo/COREMODLOG]: Patching IForgeItemStack#getEnchantmentLevel
[10Aug2026 03:02:45.343] [main/INFO] [net.minecraftforge.coremod.CoreMod.placebo/COREMODLOG]: Patching IForgeItemStack#getEnchantmentLevel
[10Aug2026 03:02:45.344] [main/INFO] [net.minecraftforge.coremod.CoreMod.placebo/COREMODLOG]: Patching IForgeItemStack#getEnchantmentLevel
[10Aug2026 03:02:46.842] [main/WARN] [mixin/]: @Inject(@At("INVOKE_ASSIGN")) Shift.BY=2 on refurbished_furniture.common.mixins.json:LevelChunkMixin::handler$bgg000$refurbishedFurniture$AfterRemoveBlockEntity exceeds the maximum allowed value: 0. Increase the value of maxShiftBy to suppress this warning.
[10Aug2026 03:02:47.895] [main/WARN] [mixin/]: Mixin alexscaves.mixins.json:SwampHutPieceMixin has multiple constructors, (Lnet/minecraft/world/level/levelgen/structure/pieces/StructurePieceType;IIIIIILnet/minecraft/core/Direction;)V was selected

[10Aug2026 03:02:48.053] [main/WARN] [mixin/]: Static binding violation: PRIVATE @Overwrite method m_47505_ in modernfix-modernfix.mixins.json:perf.remove_biome_temperature_cache.BiomeMixin cannot reduce visibiliy of PUBLIC target method, visibility will be upgraded.
[10Aug2026 03:02:48.658] [modloading-worker-0/INFO] [xaero.lib.XaeroLib/]: Registering common data for channel xaerolib:main!
[10Aug2026 03:02:48.688] [modloading-worker-0/INFO] [xaero.lib.XaeroLib/]: Loading primary common config for channel xaerolib:main!
[10Aug2026 03:02:48.696] [modloading-worker-0/INFO] [xaero.lib.XaeroLib/]: Loading server config profiles for channel xaerolib:main!
[10Aug2026 03:02:48.761] [modloading-worker-0/INFO] [net.blay09.mods.balm.forge.config.ForgeBalmConfig/]: Registering config for trashslot:common (COMMON) with 5 properties.
[10Aug2026 03:02:48.775] [modloading-worker-0/INFO] [net.blay09.mods.balm.forge.config.ForgeBalmConfig/]: Registering config for waystones:common (COMMON) with 46 properties.
[10Aug2026 03:02:48.817] [modloading-worker-0/INFO] [xaero.map.WorldMap/]: Registering common data for channel xaeroworldmap:main!
[10Aug2026 03:02:48.868] [modloading-worker-0/INFO] [xaero.map.WorldMap/]: Loading primary common config for channel xaeroworldmap:main!
[10Aug2026 03:02:48.871] [modloading-worker-0/INFO] [xaero.map.WorldMap/]: Loading server config profiles for channel xaeroworldmap:main!
[10Aug2026 03:02:49.030] [modloading-worker-0/INFO] [dev.architectury.networking.forge.NetworkManagerImpl/]: Registering C2S receiver with id architectury:sync_ids
[10Aug2026 03:02:49.035] [modloading-worker-0/INFO] [dev.architectury.networking.forge.NetworkManagerImpl/]: Registering C2S receiver with id artifacts:networking_channel/42a7ad70b1cc371599a0eff744096b8a
[10Aug2026 03:02:49.040] [modloading-worker-0/INFO] [dev.architectury.networking.forge.NetworkManagerImpl/]: Registering C2S receiver with id artifacts:networking_channel/74a5e841822a3a87854ae896a33430d6
[10Aug2026 03:02:49.044] [modloading-worker-0/INFO] [dev.architectury.networking.forge.NetworkManagerImpl/]: Registering C2S receiver with id artifacts:networking_channel/eb3d1e2748533430848cadf0f37c7e9c
[10Aug2026 03:02:49.045] [modloading-worker-0/INFO] [dev.architectury.networking.forge.NetworkManagerImpl/]: Registering C2S receiver with id artifacts:networking_channel/91c8520f19f93b3e8b6a727568e194ab
[10Aug2026 03:02:49.049] [modloading-worker-0/INFO] [dev.architectury.networking.forge.NetworkManagerImpl/]: Registering C2S receiver with id artifacts:networking_channel/8c2784d778293fd482ed84b8aa5fedb9
[10Aug2026 03:02:49.050] [modloading-worker-0/INFO] [dev.architectury.networking.forge.NetworkManagerImpl/]: Registering C2S receiver with id artifacts:networking_channel/ea038224ea783d40b2863f52239e2604
[10Aug2026 03:02:49.051] [modloading-worker-0/INFO] [dev.architectury.networking.forge.NetworkManagerImpl/]: Registering C2S receiver with id artifacts:networking_channel/97ad64b7ecaf33209991c4f031501a58
[10Aug2026 03:02:49.433] [modloading-worker-0/INFO] [net.minecraftforge.common.ForgeMod/FORGEMOD]: Forge mod loading, version 47.3.7, for MC 1.20.1 with MCP 20230612.114412
[10Aug2026 03:02:49.434] [modloading-worker-0/INFO] [net.minecraftforge.common.MinecraftForge/FORGE]: MinecraftForge v47.3.7 Initialized
[10Aug2026 03:02:50.738] [modloading-worker-0/INFO] [xaero.common.HudMod/]: Registering common data for channel xaerominimap:main!
[10Aug2026 03:02:50.773] [modloading-worker-0/INFO] [xaero.common.HudMod/]: Loading primary common config for channel xaerominimap:main!
[10Aug2026 03:02:50.774] [modloading-worker-0/INFO] [xaero.common.HudMod/]: Loading server config profiles for channel xaerominimap:main!
[10Aug2026 03:02:50.977] [modloading-worker-0/INFO] [coroutil/]: forge loader environment detected
[10Aug2026 03:02:51.077] [modloading-worker-0/INFO] [com.cupboard.Cupboard/]: Loaded config for: cupboard.json
[10Aug2026 03:02:51.127] [modloading-worker-0/INFO] [org.admany.quantified.core.forge.wide.QuantifiedForgeWideBootstrap/]: Configured LWJGL stack size to 64 MiB (67108864 bytes)
[10Aug2026 03:02:51.130] [modloading-worker-0/INFO] [org.admany.quantified.core.forge.wide.QuantifiedForgeWideBootstrap/]: [Quantified] Quantified API starting
[10Aug2026 03:02:51.166] [modloading-worker-0/INFO] [org.admany.quantified.core.forge.wide.QuantifiedForgeWideBootstrap/]: Loaded flat configuration from /workspaces/papuproyecto/servidor_minecraft/config/QuantifiedAPI/quantified_config.json
[10Aug2026 03:02:51.177] [modloading-worker-0/INFO] [org.admany.quantified.core.forge.wide.QuantifiedForgeWideBootstrap/]: Quantified GPU config: enabled=true, preferredBackend=VULKAN_PREFERRED, vulkanDevice=auto, openclDevice=auto, forceOpenCL=false
[10Aug2026 03:02:51.177] [modloading-worker-0/INFO] [org.admany.quantified.core.forge.wide.QuantifiedForgeWideBootstrap/]: [Quantified] Quantified Core Starting
[10Aug2026 03:02:51.177] [modloading-worker-0/INFO] [Puzzles Lib/]: Constructing common components for puzzleslib:main
[10Aug2026 03:02:51.189] [modloading-worker-0/INFO] [org.admany.quantified.core.forge.wide.QuantifiedForgeWideBootstrap/]: Async scheduler configured with 1 foreground and 1 background threads (4 cores detected)
[10Aug2026 03:02:51.189] [modloading-worker-0/INFO] [org.admany.quantified.core.forge.wide.QuantifiedForgeWideBootstrap/]: [Quantified] Quantified Async Pool Start
[10Aug2026 03:02:51.228] [modloading-worker-0/INFO] [be.florens.expandability.ExpandAbility/]: ExpandAbility here, who dis?
[10Aug2026 03:02:51.240] [modloading-worker-0/INFO] [thedarkcolour.kotlinforforge.test.KotlinForForge/]: Kotlin For Forge Enabled!
[10Aug2026 03:02:51.247] [modloading-worker-0/INFO] [org.admany.quantified.core.common.cache.disk.DiskCacheManager/]: Initialized disk cache at: /workspaces/papuproyecto/servidor_minecraft/config/QuantifiedAPI/cache
[10Aug2026 03:02:51.265] [modloading-worker-0/INFO] [org.admany.quantified.core.forge.wide.QuantifiedForgeWideBootstrap/]: OpenCL initialization deferred to background probe.
[10Aug2026 03:02:51.277] [modloading-worker-0/INFO] [org.admany.quantified.core.common.gpu.backend.VulkanProbeScheduler/]: Vulkan probe scheduler armed (maxAttempts=3, initialDelayMs=0, retryDelayMs=60000)
[10Aug2026 03:02:51.281] [modloading-worker-0/INFO] [org.admany.quantified.core.common.gpu.backend.VulkanProbeScheduler/]: Scheduling Vulkan probe attempt #1 (initial) in 0 ms
[10Aug2026 03:02:51.287] [modloading-worker-0/INFO] [org.admany.quantified.core.forge.wide.QuantifiedForgeWideBootstrap/]: Vulkan initialization deferred to background probe (isolated bundled runtime for legacy Minecraft).
[10Aug2026 03:02:51.288] [Quantified-Vulkan-Probe-Scheduler/INFO] [org.admany.quantified.core.common.gpu.backend.VulkanProbeScheduler/]: Running Vulkan probe attempt #1 (initial)
[10Aug2026 03:02:51.290] [Quantified-Vulkan-Probe-Scheduler/INFO] [org.admany.quantified.core.common.gpu.backend.VulkanRuntime/]: [Vulkan][Probe 1] Reprobe requested on thread 'Quantified-Vulkan-Probe-Scheduler' (group=main')
[10Aug2026 03:02:51.290] [Quantified-Vulkan-Probe-Scheduler/INFO] [org.admany.quantified.core.common.gpu.backend.VulkanRuntime/]: [Vulkan][Probe 1] Probe start on thread 'Quantified-Vulkan-Probe-Scheduler' LWJGL-stack=64 MiB
[10Aug2026 03:02:51.304] [Quantified-Vulkan-Probe-Scheduler/INFO] [org.admany.quantified.core.common.gpu.backend.VulkanRuntime/]: [Vulkan][Probe 1] Environment: os=Linux 6.8.0-1052-azure, arch=amd64, java=17.0.19, vendor=Ubuntu, lwjgl.stack.bytes=67108864, quantified.lwjgl.stackSizeBytes=67108864, quantified.lwjgl.stackSizeKb=65536, quantified.gpuThreadStackBytes=<unset>, quantified.gpuThreadStackKb=<unset>, quantified.probeThreadStackBytes=<unset>, quantified.probeThreadStackKb=<unset>, org.lwjgl.system.stackSizeKb=65536
[10Aug2026 03:02:51.310] [Quantified-Vulkan-Probe-Scheduler/INFO] [org.admany.quantified.core.common.gpu.backend.VulkanRuntime/]: [Vulkan][Probe 1] Loader env: VK_ICD_FILENAMES=<unset>, VK_DRIVER_FILES=<unset>, VK_LAYER_PATH=<unset>, VK_INSTANCE_LAYERS=<unset>, VK_LOADER_DEBUG=<unset>, VK_LOADER_LAYERS_DISABLE=<unset>
[10Aug2026 03:02:51.383] [modloading-worker-0/INFO] [org.admany.quantified.core.forge.wide.QuantifiedForgeWideBootstrap/]: Vulkan isolated runtime classes loaded successfully for legacy Minecraft.
[10Aug2026 03:02:51.384] [modloading-worker-0/INFO] [org.admany.quantified.core.forge.wide.QuantifiedForgeWideBootstrap/]: All Quantified API classes successfully initialized.
[10Aug2026 03:02:51.384] [modloading-worker-0/INFO] [org.admany.quantified.core.forge.wide.QuantifiedForgeWideBootstrap/]: Quantified API initialized successfully.
[10Aug2026 03:02:51.385] [modloading-worker-0/INFO] [org.admany.quantified.core.forge.wide.QuantifiedForgeWideBootstrap/]: [Quantified] Quantified API has been called out by:
  - [Quantified Frontend] (Version 2.2.0) at 03:02
  - [test-mod] (Version 1.0.0) at 03:02
[10Aug2026 03:02:51.395] [modloading-worker-0/INFO] [org.admany.quantified.core.compat.LegacyApiRegistry/]: Quantified API v2: no legacy v1.x mod integrations detected.
[10Aug2026 03:02:51.686] [Quantified-Vulkan-Probe-Scheduler/INFO] [org.admany.quantified.core.common.gpu.backend.VulkanRuntime/]: [Vulkan][Probe 1] Launching isolated Vulkan probe: /usr/lib/jvm/java-17-openjdk-amd64/bin/java -Xms16m -Xmx256m -XX:MaxDirectMemorySize=128m -Xss16m -Dorg.lwjgl.system.stackSize=16384 -Dquantified.lwjgl.stackSizeKb=16384 -Dquantified.lwjgl.stackSizeBytes=16777216 -Dorg.lwjgl.system.SharedLibraryExtractPath=/workspaces/papuproyecto/servidor_minecraft/config/QuantifiedAPI/cache/tools/vulkanProbe/natives -Dorg.lwjgl.librarypath=/workspaces/papuproyecto/servidor_minecraft/config/QuantifiedAPI/cache/tools/vulkanProbe/natives -cp /workspaces/papuproyecto/servidor_minecraft/config/QuantifiedAPI/cache/tools/vulkanProbe/quantified-vulkan-probe.jar:/workspaces/papuproyecto/servidor_minecraft/config/QuantifiedAPI/cache/tools/vulkanProbe/lib/lwjgl-3.3.3-natives-linux-arm64.jar:/workspaces/papuproyecto/servidor_minecraft/config/QuantifiedAPI/cache/tools/vulkanProbe/lib/lwjgl-3.3.3-natives-linux.jar:/workspaces/papuproyecto/servidor_minecraft/config/QuantifiedAPI/cache/tools/vulkanProbe/lib/lwjgl-3.3.3-natives-windows.jar:/workspaces/papuproyecto/servidor_minecraft/config/QuantifiedAPI/cache/tools/vulkanProbe/lib/lwjgl-3.3.3.jar:/workspaces/papuproyecto/servidor_minecraft/config/QuantifiedAPI/cache/tools/vulkanProbe/lib/lwjgl-vulkan-3.3.3.jar org.admany.quantified.vulkan.probe.VulkanProbeEntrypoint [VK_LOADER_LAYERS_DISABLE=~implicit~, VK_LOADER_DEBUG=error]
[10Aug2026 03:02:51.740] [Quantified-Vulkan-Probe-Stdout/INFO] [org.admany.quantified.core.common.gpu.backend.VulkanRuntime/]: [Vulkan][Probe 1] [Subprocess] [probe] [heartbeat] startup
[10Aug2026 03:02:51.740] [Quantified-Vulkan-Probe-Stdout/INFO] [org.admany.quantified.core.common.gpu.backend.VulkanRuntime/]: [Vulkan][Probe 1] [Subprocess] [probe] [heartbeat] pre-librarypath-config
[10Aug2026 03:02:51.761] [Quantified-Vulkan-Probe-Stdout/INFO] [org.admany.quantified.core.common.gpu.backend.VulkanRuntime/]: [Vulkan][Probe 1] [Subprocess] [probe] java=17.0.19, vendor=Ubuntu, os=Linux 6.8.0-1052-azure, arch=amd64
[10Aug2026 03:02:51.765] [Quantified-Vulkan-Probe-Stdout/INFO] [org.admany.quantified.core.common.gpu.backend.VulkanRuntime/]: [Vulkan][Probe 1] [Subprocess] [probe] org.lwjgl.system.stackSizeKb=16384, quantified.lwjgl.stackSizeBytes=16777216
[10Aug2026 03:02:51.765] [Quantified-Vulkan-Probe-Stdout/INFO] [org.admany.quantified.core.common.gpu.backend.VulkanRuntime/]: [Vulkan][Probe 1] [Subprocess] [probe] java.library.path=/tmp/_MEIuXk0Wj:/usr/java/packages/lib:/usr/lib/x86_64-linux-gnu/jni:/lib/x86_64-linux-gnu:/usr/lib/x86_64-linux-gnu:/usr/lib/jni:/lib:/usr/lib
[10Aug2026 03:02:51.766] [Quantified-Vulkan-Probe-Stdout/INFO] [org.admany.quantified.core.common.gpu.backend.VulkanRuntime/]: [Vulkan][Probe 1] [Subprocess] [probe] org.lwjgl.librarypath=/workspaces/papuproyecto/servidor_minecraft/config/QuantifiedAPI/cache/tools/vulkanProbe/natives
[10Aug2026 03:02:51.766] [Quantified-Vulkan-Probe-Stdout/INFO] [org.admany.quantified.core.common.gpu.backend.VulkanRuntime/]: [Vulkan][Probe 1] [Subprocess] [probe] org.lwjgl.system.SharedLibraryExtractPath(original)=/workspaces/papuproyecto/servidor_minecraft/config/QuantifiedAPI/cache/tools/vulkanProbe/natives
[10Aug2026 03:02:51.766] [Quantified-Vulkan-Probe-Stdout/INFO] [org.admany.quantified.core.common.gpu.backend.VulkanRuntime/]: [Vulkan][Probe 1] [Subprocess] [probe] org.lwjgl.system.SharedLibraryExtractPath(effective)=/workspaces/papuproyecto/servidor_minecraft/config/QuantifiedAPI/cache/tools/vulkanProbe/natives
[10Aug2026 03:02:51.766] [Quantified-Vulkan-Probe-Stdout/INFO] [org.admany.quantified.core.common.gpu.backend.VulkanRuntime/]: [Vulkan][Probe 1] [Subprocess] [probe] [heartbeat] post-librarypath-config
[10Aug2026 03:02:51.775] [Quantified-Vulkan-Probe-Stdout/INFO] [org.admany.quantified.core.common.gpu.backend.VulkanRuntime/]: [Vulkan][Probe 1] [Subprocess] [probe] [heartbeat] pre-VK-init
[10Aug2026 03:02:51.917] [Quantified-Vulkan-Probe-Stdout/INFO] [org.admany.quantified.core.common.gpu.backend.VulkanRuntime/]: [Vulkan][Probe 1] [Subprocess] [LWJGL] Failed to load a library. Possible solutions:
[10Aug2026 03:02:51.917] [Quantified-Vulkan-Probe-Stdout/INFO] [org.admany.quantified.core.common.gpu.backend.VulkanRuntime/]: [Vulkan][Probe 1] [Subprocess] 	a) Install the library or the driver that provides the library.
[10Aug2026 03:02:51.917] [Quantified-Vulkan-Probe-Stdout/INFO] [org.admany.quantified.core.common.gpu.backend.VulkanRuntime/]: [Vulkan][Probe 1] [Subprocess] 	b) Ensure that the library is accessible from the system library paths.
[10Aug2026 03:02:51.920] [Quantified-Vulkan-Probe-Stdout/INFO] [org.admany.quantified.core.common.gpu.backend.VulkanRuntime/]: [Vulkan][Probe 1] [Subprocess] [LWJGL] Enable debug mode with -Dorg.lwjgl.util.Debug=true for better diagnostics.
[10Aug2026 03:02:51.920] [Quantified-Vulkan-Probe-Stdout/INFO] [org.admany.quantified.core.common.gpu.backend.VulkanRuntime/]: [Vulkan][Probe 1] [Subprocess] [LWJGL] Enable the SharedLibraryLoader debug mode with -Dorg.lwjgl.util.DebugLoader=true for better diagnostics.
[10Aug2026 03:02:51.920] [Quantified-Vulkan-Probe-Stdout/INFO] [org.admany.quantified.core.common.gpu.backend.VulkanRuntime/]: [Vulkan][Probe 1] [Subprocess] [probe] VK bootstrap failure: java.lang.UnsatisfiedLinkError: Failed to locate library: libvulkan.so.1
[10Aug2026 03:02:51.920] [Quantified-Vulkan-Probe-Stdout/INFO] [org.admany.quantified.core.common.gpu.backend.VulkanRuntime/]: [Vulkan][Probe 1] [Subprocess] java.lang.UnsatisfiedLinkError: Failed to locate library: libvulkan.so.1
[10Aug2026 03:02:51.920] [Quantified-Vulkan-Probe-Stdout/INFO] [org.admany.quantified.core.common.gpu.backend.VulkanRuntime/]: [Vulkan][Probe 1] [Subprocess] 	at org.lwjgl.system.Library.loadNative(Library.java:346)
[10Aug2026 03:02:51.921] [Quantified-Vulkan-Probe-Stdout/INFO] [org.admany.quantified.core.common.gpu.backend.VulkanRuntime/]: [Vulkan][Probe 1] [Subprocess] 	at org.lwjgl.system.Library.loadNative(Library.java:236)
[10Aug2026 03:02:51.921] [Quantified-Vulkan-Probe-Stdout/INFO] [org.admany.quantified.core.common.gpu.backend.VulkanRuntime/]: [Vulkan][Probe 1] [Subprocess] 	at org.lwjgl.system.Library.loadNative(Library.java:217)
[10Aug2026 03:02:51.921] [Quantified-Vulkan-Probe-Stdout/INFO] [org.admany.quantified.core.common.gpu.backend.VulkanRuntime/]: [Vulkan][Probe 1] [Subprocess] 	at org.lwjgl.system.Library.loadNative(Library.java:431)
[10Aug2026 03:02:51.921] [Quantified-Vulkan-Probe-Stdout/INFO] [org.admany.quantified.core.common.gpu.backend.VulkanRuntime/]: [Vulkan][Probe 1] [Subprocess] 	at org.lwjgl.system.Library.loadNative(Library.java:402)
[10Aug2026 03:02:51.921] [Quantified-Vulkan-Probe-Stdout/INFO] [org.admany.quantified.core.common.gpu.backend.VulkanRuntime/]: [Vulkan][Probe 1] [Subprocess] 	at org.lwjgl.vulkan.VK.create(VK.java:52)
[10Aug2026 03:02:51.921] [Quantified-Vulkan-Probe-Stdout/INFO] [org.admany.quantified.core.common.gpu.backend.VulkanRuntime/]: [Vulkan][Probe 1] [Subprocess] 	at org.lwjgl.vulkan.VK.<clinit>(VK.java:37)
[10Aug2026 03:02:51.921] [Quantified-Vulkan-Probe-Stdout/INFO] [org.admany.quantified.core.common.gpu.backend.VulkanRuntime/]: [Vulkan][Probe 1] [Subprocess] 	at java.base/java.lang.Class.forName0(Native Method)
[10Aug2026 03:02:51.921] [Quantified-Vulkan-Probe-Stdout/INFO] [org.admany.quantified.core.common.gpu.backend.VulkanRuntime/]: [Vulkan][Probe 1] [Subprocess] 	at java.base/java.lang.Class.forName(Class.java:377)
[10Aug2026 03:02:51.921] [Quantified-Vulkan-Probe-Stdout/INFO] [org.admany.quantified.core.common.gpu.backend.VulkanRuntime/]: [Vulkan][Probe 1] [Subprocess] 	at org.admany.quantified.vulkan.probe.VulkanProbeEntrypoint.bootstrapVulkanBinding(VulkanProbeEntrypoint.java:89)
[10Aug2026 03:02:51.921] [Quantified-Vulkan-Probe-Stdout/INFO] [org.admany.quantified.core.common.gpu.backend.VulkanRuntime/]: [Vulkan][Probe 1] [Subprocess] 	at org.admany.quantified.vulkan.probe.VulkanProbeEntrypoint.main(VulkanProbeEntrypoint.java:69)
[10Aug2026 03:02:51.921] [Quantified-Vulkan-Probe-Stdout/INFO] [org.admany.quantified.core.common.gpu.backend.VulkanRuntime/]: [Vulkan][Probe 1] [Subprocess] [probe] [heartbeat] post-VK-init-failed
[10Aug2026 03:02:51.922] [Quantified-Vulkan-Probe-Stdout/INFO] [org.admany.quantified.core.common.gpu.backend.VulkanRuntime/]: [Vulkan][Probe 1] [Subprocess] [probe] [heartbeat] done
[10Aug2026 03:02:51.922] [Quantified-Vulkan-Probe-Stdout/INFO] [org.admany.quantified.core.common.gpu.backend.VulkanRuntime/]: [Vulkan][Probe 1] [Subprocess] {"ok":false,"code":"vk_class_init_failed","maxApiVersion":0,"selectedApiVersion":0,"devices":[],"failure":"UnsatisfiedLinkError: Failed to locate library: libvulkan.so.1"}
[10Aug2026 03:02:51.933] [Quantified-Vulkan-Probe-Scheduler/WARN] [org.admany.quantified.core.common.gpu.backend.VulkanRuntime/]: [Vulkan][Probe 1] UnsatisfiedLinkError: Failed to locate library: libvulkan.so.1
[10Aug2026 03:02:51.944] [Quantified-Vulkan-Probe-Scheduler/INFO] [org.admany.quantified.core.common.gpu.backend.VulkanRuntime/]: [Quantified][GPU Startup][Vulkan] probe=1 inProcessAvailable=false executionCandidate=false mode=ISOLATED inProcessBindings=false embeddedProbeBundle=true devices=none reason=UnsatisfiedLinkError: Failed to locate library: libvulkan.so.1 linux{libvulkan=false,libopencl=false,dri=true,nvidia=false,vkIcdOverride=false,vkDriverOverride=false,openclVendorDir=false}
[10Aug2026 03:02:51.948] [Quantified-Vulkan-Probe-Scheduler/INFO] [org.admany.quantified.core.common.gpu.backend.VulkanProbeScheduler/]: Scheduling Vulkan probe attempt #2 (retry:unavailable) in 60000 ms
[10Aug2026 03:02:54.411] [main/INFO] [Moonlight/]: Initialized block sets in 17ms
[10Aug2026 03:02:55.217] [main/INFO] [ModernFix/]: Bypassed Mojang DFU
[10Aug2026 03:02:55.218] [main/INFO] [ModernFix/]: Instantiating Mojang DFU
[10Aug2026 03:02:56.308] [main/WARN] [net.minecraft.network.syncher.SynchedEntityData/]: defineId called for: class com.github.alexmodguy.alexscaves.server.entity.living.TremorzillaEntity from class com.github.alexmodguy.alexscaves.server.entity.living.LicowitchEntity
[10Aug2026 03:02:56.346] [Quantified-OpenCL-Probe/INFO] [org.admany.quantified.core.common.opencl.core.OpenCLRuntime/]: [OpenCL][Probe 1] Launching isolated OpenCL probe: /usr/lib/jvm/java-17-openjdk-amd64/bin/java -Xms16m -Xmx256m -Xss16m -Dorg.lwjgl.opencl.explicitInit=true -Dorg.lwjgl.system.stackSize=16384 -Dorg.lwjgl.system.SharedLibraryExtractPath=/workspaces/papuproyecto/servidor_minecraft/config/QuantifiedAPI/cache/tools/openclProbe/natives -Dorg.lwjgl.librarypath=/workspaces/papuproyecto/servidor_minecraft/config/QuantifiedAPI/cache/tools/openclProbe/natives -cp /workspaces/papuproyecto/servidor_minecraft/config/QuantifiedAPI/cache/tools/openclProbe/quantified-opencl-probe.jar:/workspaces/papuproyecto/servidor_minecraft/config/QuantifiedAPI/cache/tools/openclProbe/lib/lwjgl-3.3.3-natives-linux-arm64.jar:/workspaces/papuproyecto/servidor_minecraft/config/QuantifiedAPI/cache/tools/openclProbe/lib/lwjgl-3.3.3-natives-linux.jar:/workspaces/papuproyecto/servidor_minecraft/config/QuantifiedAPI/cache/tools/openclProbe/lib/lwjgl-3.3.3-natives-windows.jar:/workspaces/papuproyecto/servidor_minecraft/config/QuantifiedAPI/cache/tools/openclProbe/lib/lwjgl-3.3.3.jar:/workspaces/papuproyecto/servidor_minecraft/config/QuantifiedAPI/cache/tools/openclProbe/lib/lwjgl-opencl-3.3.3.jar org.admany.quantified.opencl.probe.OpenCLProbeEntrypoint
[10Aug2026 03:02:56.535] [Quantified-OpenCL-Probe-Stdout/INFO] [org.admany.quantified.core.common.opencl.core.OpenCLRuntime/]: [OpenCL][Probe 1] [Subprocess] [LWJGL] Failed to load a library. Possible solutions:
[10Aug2026 03:02:56.535] [Quantified-OpenCL-Probe-Stdout/INFO] [org.admany.quantified.core.common.opencl.core.OpenCLRuntime/]: [OpenCL][Probe 1] [Subprocess] 	a) Install the library or the driver that provides the library.
[10Aug2026 03:02:56.535] [Quantified-OpenCL-Probe-Stdout/INFO] [org.admany.quantified.core.common.opencl.core.OpenCLRuntime/]: [OpenCL][Probe 1] [Subprocess] 	b) Ensure that the library is accessible from the system library paths.
[10Aug2026 03:02:56.535] [Quantified-OpenCL-Probe-Stdout/INFO] [org.admany.quantified.core.common.opencl.core.OpenCLRuntime/]: [OpenCL][Probe 1] [Subprocess] [LWJGL] Enable debug mode with -Dorg.lwjgl.util.Debug=true for better diagnostics.
[10Aug2026 03:02:56.535] [Quantified-OpenCL-Probe-Stdout/INFO] [org.admany.quantified.core.common.opencl.core.OpenCLRuntime/]: [OpenCL][Probe 1] [Subprocess] [LWJGL] Enable the SharedLibraryLoader debug mode with -Dorg.lwjgl.util.DebugLoader=true for better diagnostics.
[10Aug2026 03:02:56.538] [Quantified-OpenCL-Probe-Stdout/INFO] [org.admany.quantified.core.common.opencl.core.OpenCLRuntime/]: [OpenCL][Probe 1] [Subprocess] {"ok":false,"devices":[],"failure":"UnsatisfiedLinkError: Failed to locate library: libOpenCL.so.1"}
[10Aug2026 03:02:56.903] [modloading-worker-0/INFO] [xaero.lib.XaeroLib/]: Loading XaeroLib common 1/2!
[10Aug2026 03:02:56.905] [modloading-worker-0/INFO] [com.structureessentials.StructureEssentials/]: structureessentials mod initialized
[10Aug2026 03:02:57.098] [modloading-worker-0/INFO] [dev.architectury.networking.forge.NetworkManagerImpl/]: Registering C2S receiver with id skin_changer:mbechannel/c6416779da663f62836ae72f0509aa3e
[10Aug2026 03:02:57.101] [modloading-worker-0/INFO] [dev.architectury.networking.forge.NetworkManagerImpl/]: Registering C2S receiver with id skin_changer:mbechannel/8489ea5ae87e3a6199b65ea21ca8f8c8
[10Aug2026 03:02:57.172] [Thread-0/INFO] [ModernFix/]: Please use /mfsrc to reload any changed mod config files
[10Aug2026 03:02:57.237] [main/INFO] [Supplementaries/]: Finished mod setup in: [0, 1, 0, 1, 0, 0, 37, 9, 1] ms
[10Aug2026 03:02:57.264] [Forge Version Check/INFO] [net.minecraftforge.fml.VersionChecker/]: [clumps] Starting version check at https://updates.blamejared.com/get?n=clumps&gv=1.20.1
[10Aug2026 03:02:57.333] [main/INFO] [Moonlight/]: Initialized color sets in 50ms
[10Aug2026 03:02:57.337] [main/INFO] [terrablender/]: Registered region minecraft:overworld to index 0 for type OVERWORLD
[10Aug2026 03:02:57.337] [main/INFO] [terrablender/]: Registered region minecraft:nether to index 0 for type NETHER
[10Aug2026 03:02:57.338] [main/INFO] [terrablender/]: Registered region biomesoplenty:overworld_primary to index 1 for type OVERWORLD
[10Aug2026 03:02:57.338] [main/INFO] [terrablender/]: Registered region biomesoplenty:overworld_secondary to index 2 for type OVERWORLD
[10Aug2026 03:02:57.338] [main/INFO] [terrablender/]: Registered region biomesoplenty:overworld_rare to index 3 for type OVERWORLD
[10Aug2026 03:02:57.338] [main/INFO] [terrablender/]: Registered region biomesoplenty:nether_common to index 1 for type NETHER
[10Aug2026 03:02:57.338] [main/INFO] [terrablender/]: Registered region biomesoplenty:nether_rare to index 2 for type NETHER
[10Aug2026 03:02:57.421] [main/INFO] [Framework/SYNCED_ENTITY_DATA]: Registered synced data key refurbished_furniture:lock_yaw for refurbished_furniture:seat
[10Aug2026 03:02:57.512] [modloading-worker-0/INFO] [xaero.lib.XaeroLib/]: Loading XaeroLib server 1/2!
[10Aug2026 03:02:57.513] [modloading-worker-0/INFO] [xaero.map.server.WorldMapServer/]: Loading Xaero's World Map - Stage 1/2 (Server)
[10Aug2026 03:02:57.513] [modloading-worker-0/INFO] [xaero.minimap.XaeroMinimap/]: Loading Xaero's Minimap - Stage 1/2 (Server)
[10Aug2026 03:02:57.538] [main/INFO] [xaero.map.server.WorldMapServer/]: Loading Xaero's World Map - Stage 2/2 (Server)
[10Aug2026 03:02:57.539] [main/INFO] [xaero.lib.XaeroLib/]: Loading XaeroLib common 2/2!
[10Aug2026 03:02:57.539] [main/INFO] [xaero.lib.XaeroLib/]: Loading XaeroLib server 2/2!
[10Aug2026 03:02:57.539] [main/INFO] [xaero.minimap.XaeroMinimap/]: Loading Xaero's Minimap - Stage 2/2 (Server)
[10Aug2026 03:02:57.745] [Forge Version Check/INFO] [net.minecraftforge.fml.VersionChecker/]: [clumps] Found status: BETA Current: 12.0.0.4 Target: 12.0.0.4
[10Aug2026 03:02:57.745] [Forge Version Check/INFO] [net.minecraftforge.fml.VersionChecker/]: [puzzlesaccessapi] Starting version check at https://raw.githubusercontent.com/Fuzss/modresources/main/update/puzzlesaccessapi.json
[10Aug2026 03:02:57.777] [Forge Version Check/INFO] [net.minecraftforge.fml.VersionChecker/]: [puzzlesaccessapi] Found status: BETA Current: 20.1.1 Target: null
[10Aug2026 03:02:57.777] [Forge Version Check/INFO] [net.minecraftforge.fml.VersionChecker/]: [sound_physics_remastered] Starting version check at https://update.maxhenkel.de/forge/sound_physics_remastered
[10Aug2026 03:02:57.850] [modloading-worker-0/INFO] [Jade/]: Start loading plugin at net.blay09.mods.waystones.compat.JadeIntegration
[10Aug2026 03:02:57.862] [modloading-worker-0/INFO] [Jade/]: Start loading plugin at net.blay09.mods.balm.forge.compat.hudinfo.ForgeJadeModCompat
[10Aug2026 03:02:57.863] [modloading-worker-0/INFO] [Jade/]: Start loading plugin at net.mehvahdjukaar.supplementaries.integration.JadeCompat
[10Aug2026 03:02:57.864] [modloading-worker-0/INFO] [Jade/]: Start loading plugin at snownee.jade.addon.vanilla.VanillaPlugin
[10Aug2026 03:02:57.874] [modloading-worker-0/INFO] [Jade/]: Start loading plugin at snownee.jade.addon.universal.UniversalPlugin
[10Aug2026 03:02:57.878] [modloading-worker-0/INFO] [Jade/]: Start loading plugin at snownee.jade.addon.core.CorePlugin
[10Aug2026 03:02:57.880] [modloading-worker-0/INFO] [Jade/]: Start loading plugin at net.geforcemods.securitycraft.compat.waila.JadeDataProvider
[10Aug2026 03:02:57.881] [modloading-worker-0/INFO] [Jade/]: Start loading plugin at ovh.corail.tombstone.compatibility.IntegrationJade
[10Aug2026 03:02:57.901] [main/INFO] [citadel/]: adding citadel surface rules via terrablender...
[10Aug2026 03:02:57.901] [main/INFO] [citadel/]: Added 0 vanilla biome surface rule types via terrablender
[10Aug2026 03:02:57.902] [main/INFO] [citadel/]: Added 1 modded biome surface rule types via terrablender
[10Aug2026 03:02:58.419] [Forge Version Check/INFO] [net.minecraftforge.fml.VersionChecker/]: [sound_physics_remastered] Found status: AHEAD Current: 1.20.1-1.5.1 Target: null
[10Aug2026 03:02:58.422] [Forge Version Check/INFO] [net.minecraftforge.fml.VersionChecker/]: [forge] Starting version check at https://files.minecraftforge.net/net/minecraftforge/forge/promotions_slim.json
[10Aug2026 03:02:58.527] [main/INFO] [com.mojang.authlib.yggdrasil.YggdrasilAuthenticationService/]: Environment: authHost='https://authserver.mojang.com', accountsHost='https://api.mojang.com', sessionHost='https://sessionserver.mojang.com', servicesHost='https://api.minecraftservices.com', name='PROD'
[10Aug2026 03:02:58.543] [Forge Version Check/INFO] [net.minecraftforge.fml.VersionChecker/]: [forge] Found status: OUTDATED Current: 47.3.7 Target: 47.4.10
[10Aug2026 03:02:58.543] [Forge Version Check/INFO] [net.minecraftforge.fml.VersionChecker/]: [supplementaries] Starting version check at https://raw.githubusercontent.com/MehVahdJukaar/Supplementaries/1.20/forge/update.json
[10Aug2026 03:02:58.565] [Forge Version Check/WARN] [net.minecraftforge.fml.VersionChecker/]: Failed to process update information
com.google.gson.JsonSyntaxException: java.lang.IllegalStateException: Expected BEGIN_OBJECT but was NUMBER at line 1 column 4 path $
	at com.google.gson.Gson.fromJson(Gson.java:1226) ~[gson-2.10.jar%2372!/:?]
	at com.google.gson.Gson.fromJson(Gson.java:1124) ~[gson-2.10.jar%2372!/:?]
	at com.google.gson.Gson.fromJson(Gson.java:1034) ~[gson-2.10.jar%2372!/:?]
	at com.google.gson.Gson.fromJson(Gson.java:969) ~[gson-2.10.jar%2372!/:?]
	at net.minecraftforge.fml.VersionChecker$1.process(VersionChecker.java:183) ~[fmlcore-1.20.1-47.3.7.jar%23226!/:?]
	at java.lang.Iterable.forEach(Iterable.java:75) ~[?:?]
	at net.minecraftforge.fml.VersionChecker$1.run(VersionChecker.java:114) ~[fmlcore-1.20.1-47.3.7.jar%23226!/:?]
Caused by: java.lang.IllegalStateException: Expected BEGIN_OBJECT but was NUMBER at line 1 column 4 path $
	at com.google.gson.stream.JsonReader.beginObject(JsonReader.java:393) ~[gson-2.10.jar%2372!/:?]
	at com.google.gson.internal.bind.MapTypeAdapterFactory$Adapter.read(MapTypeAdapterFactory.java:182) ~[gson-2.10.jar%2372!/:?]
	at com.google.gson.internal.bind.MapTypeAdapterFactory$Adapter.read(MapTypeAdapterFactory.java:144) ~[gson-2.10.jar%2372!/:?]
	at com.google.gson.Gson.fromJson(Gson.java:1214) ~[gson-2.10.jar%2372!/:?]
	... 6 more
[10Aug2026 03:02:58.567] [Forge Version Check/INFO] [net.minecraftforge.fml.VersionChecker/]: [securitycraft] Starting version check at https://www.github.com/Geforce132/SecurityCraft/raw/master/Updates/Forge.json
[10Aug2026 03:02:58.682] [Forge Version Check/INFO] [net.minecraftforge.fml.VersionChecker/]: [securitycraft] Found status: OUTDATED Current: 1.9.8 Target: 1.10.2.1
[10Aug2026 03:02:58.682] [Forge Version Check/INFO] [net.minecraftforge.fml.VersionChecker/]: [mr_dungeons_andtaverns] Starting version check at https://api.modrinth.com/updates/tpehi7ww/forge_updates.json
[10Aug2026 03:02:58.808] [Forge Version Check/INFO] [net.minecraftforge.fml.VersionChecker/]: [mr_dungeons_andtaverns] Found status: OUTDATED Current: 3.0.3.f Target: 3.0.3.f+mod
[10Aug2026 03:02:58.809] [Forge Version Check/INFO] [net.minecraftforge.fml.VersionChecker/]: [tombstone] Starting version check at https://raw.githubusercontent.com/Corail31/tombstone_lite/master/update.json
[10Aug2026 03:02:58.829] [Forge Version Check/INFO] [net.minecraftforge.fml.VersionChecker/]: [tombstone] Found status: OUTDATED Current: 9.0.9 Target: 9.1.4
[10Aug2026 03:02:58.829] [Forge Version Check/INFO] [net.minecraftforge.fml.VersionChecker/]: [puzzleslib] Starting version check at https://raw.githubusercontent.com/Fuzss/modresources/main/update/puzzleslib.json
[10Aug2026 03:02:58.840] [Forge Version Check/INFO] [net.minecraftforge.fml.VersionChecker/]: [puzzleslib] Found status: UP_TO_DATE Current: 8.1.33 Target: null
[10Aug2026 03:02:59.116] [main/WARN] [net.minecraft.server.packs.VanillaPackResourcesBuilder/]: Assets URL 'union:/workspaces/papuproyecto/servidor_minecraft/libraries/net/minecraft/server/1.20.1-20230612.114412/server-1.20.1-20230612.114412-srg.jar%23225!/assets/.mcassetsroot' uses unexpected schema
[10Aug2026 03:02:59.117] [main/WARN] [net.minecraft.server.packs.VanillaPackResourcesBuilder/]: Assets URL 'union:/workspaces/papuproyecto/servidor_minecraft/libraries/net/minecraft/server/1.20.1-20230612.114412/server-1.20.1-20230612.114412-srg.jar%23225!/data/.mcassetsroot' uses unexpected schema
[10Aug2026 03:02:59.579] [main/INFO] [com.teamabnormals.blueprint.core.Blueprint/]: Successfully loaded 0 data remolders!
[10Aug2026 03:02:59.582] [main/INFO] [Moonlight/]: Starting runtime resource generation for pack type SERVER_DATA with generators from mods [supplementaries]: [net.mehvahdjukaar.supplementaries.dynamicpack.ServerDynamicResourcesGenerator@443a7d07]
[10Aug2026 03:02:59.583] [main/INFO] [Moonlight/]: Generating runtime assets for pack Supplementaries Generated Pack (supplementaries)
[10Aug2026 03:02:59.643] [main/INFO] [Supplementaries/]: Generated runtime SERVER_DATA for pack Supplementaries Generated Pack (supplementaries) in: 59 ms (multithreaded)
[10Aug2026 03:02:59.643] [main/INFO] [Moonlight/]: Finished runtime resources generation for 1 packs in a total of 60 ms
[10Aug2026 03:03:00.819] [main/INFO] [org.admany.quantified.core.forge.commands.QuantifiedCommand/]: Quantified command tree registered for Forge omni bootstrap
[10Aug2026 03:03:00.960] [main/INFO] [com.github.alexthe666.alexsmobs.AlexsMobs/]: Adding datapack listener capsid_recipes
[10Aug2026 03:03:01.152] [Worker-Main-3/WARN] [artifacts.Artifacts/]: Tag entries for curios:tags/items/magic_book.json cleared by tombstone-1.20.1-9.0.9.jar
[10Aug2026 03:03:01.219] [Worker-Main-3/ERROR] [net.minecraft.tags.TagLoader/]: Couldn't load tag quark:vertical_slab as it is missing following references: bygonenether:withered_blackstone_vertical_slab (from bygonenether-1.3.2-1.20.x.jar), 
	bygonenether:cracked_withered_blackstone_vertical_slab (from bygonenether-1.3.2-1.20.x.jar), 
	bygonenether:warped_nether_brick_vertical_slab (from bygonenether-1.3.2-1.20.x.jar)
[10Aug2026 03:03:01.387] [Worker-Main-1/ERROR] [net.minecraft.tags.TagLoader/]: Couldn't load tag quark:wraith_spawnable as it is missing following references: quark:soul_stone (from bygonenether-1.3.2-1.20.x.jar)
[10Aug2026 03:03:01.388] [Worker-Main-1/ERROR] [net.minecraft.tags.TagLoader/]: Couldn't load tag quark:vertical_slab as it is missing following references: bygonenether:withered_blackstone_vertical_slab (from bygonenether-1.3.2-1.20.x.jar), 
	bygonenether:cracked_withered_blackstone_vertical_slab (from bygonenether-1.3.2-1.20.x.jar), 
	bygonenether:warped_nether_brick_vertical_slab (from bygonenether-1.3.2-1.20.x.jar)
[10Aug2026 03:03:02.085] [Worker-Main-2/ERROR] [net.minecraftforge.common.ForgeHooks/]: Couldn't parse element loot_tables:bygonenether:blocks/withered_blackstone_vertical_slab
java.lang.IllegalArgumentException: Can't find block bygonenether:withered_blackstone_vertical_slab
	at net.minecraft.world.level.storage.loot.predicates.LootItemBlockStatePropertyCondition$Serializer.m_81802_(LootItemBlockStatePropertyCondition.java:79) ~[server-1.20.1-20230612.114412-srg.jar%23225!/:?]
	at java.util.Optional.orElseThrow(Optional.java:403) ~[?:?]
	at net.minecraft.world.level.storage.loot.predicates.LootItemBlockStatePropertyCondition$Serializer.m_7561_(LootItemBlockStatePropertyCondition.java:79) ~[server-1.20.1-20230612.114412-srg.jar%23225!/:?]
	at net.minecraft.world.level.storage.loot.predicates.LootItemBlockStatePropertyCondition$Serializer.m_7561_(LootItemBlockStatePropertyCondition.java:68) ~[server-1.20.1-20230612.114412-srg.jar%23225!/:?]
	at net.minecraft.world.level.storage.loot.GsonAdapterFactory$JsonAdapter.deserialize(GsonAdapterFactory.java:102) ~[server-1.20.1-20230612.114412-srg.jar%23225!/:?]
	at com.google.gson.internal.bind.TreeTypeAdapter.read(TreeTypeAdapter.java:76) ~[gson-2.10.jar%2372!/:?]
	at com.google.gson.internal.bind.TypeAdapterRuntimeTypeWrapper.read(TypeAdapterRuntimeTypeWrapper.java:40) ~[gson-2.10.jar%2372!/:?]
	at com.google.gson.internal.bind.ArrayTypeAdapter.read(ArrayTypeAdapter.java:72) ~[gson-2.10.jar%2372!/:?]
	at com.google.gson.Gson.fromJson(Gson.java:1214) ~[gson-2.10.jar%2372!/:?]
	at com.google.gson.Gson.fromJson(Gson.java:1319) ~[gson-2.10.jar%2372!/:?]
	at com.google.gson.Gson.fromJson(Gson.java:1290) ~[gson-2.10.jar%2372!/:?]
	at com.google.gson.internal.bind.TreeTypeAdapter$GsonContextImpl.deserialize(TreeTypeAdapter.java:179) ~[gson-2.10.jar%2372!/:?]
	at net.minecraft.util.GsonHelper.m_13808_(GsonHelper.java:463) ~[server-1.20.1-20230612.114412-srg.jar%23225!/:?]
	at net.minecraft.util.GsonHelper.m_13845_(GsonHelper.java:481) ~[server-1.20.1-20230612.114412-srg.jar%23225!/:?]
	at net.minecraft.world.level.storage.loot.functions.LootItemConditionalFunction$Serializer.m_7561_(LootItemConditionalFunction.java:98) ~[server-1.20.1-20230612.114412-srg.jar%23225!/:?]
	at net.minecraft.world.level.storage.loot.functions.LootItemConditionalFunction$Serializer.m_7561_(LootItemConditionalFunction.java:88) ~[server-1.20.1-20230612.114412-srg.jar%23225!/:?]
	at net.minecraft.world.level.storage.loot.GsonAdapterFactory$JsonAdapter.deserialize(GsonAdapterFactory.java:102) ~[server-1.20.1-20230612.114412-srg.jar%23225!/:?]
	at com.google.gson.internal.bind.TreeTypeAdapter.read(TreeTypeAdapter.java:76) ~[gson-2.10.jar%2372!/:?]
	at com.google.gson.internal.bind.TypeAdapterRuntimeTypeWrapper.read(TypeAdapterRuntimeTypeWrapper.java:40) ~[gson-2.10.jar%2372!/:?]
	at com.google.gson.internal.bind.ArrayTypeAdapter.read(ArrayTypeAdapter.java:72) ~[gson-2.10.jar%2372!/:?]
	at com.google.gson.Gson.fromJson(Gson.java:1214) ~[gson-2.10.jar%2372!/:?]
	at com.google.gson.Gson.fromJson(Gson.java:1319) ~[gson-2.10.jar%2372!/:?]
	at com.google.gson.Gson.fromJson(Gson.java:1290) ~[gson-2.10.jar%2372!/:?]
	at com.google.gson.internal.bind.TreeTypeAdapter$GsonContextImpl.deserialize(TreeTypeAdapter.java:179) ~[gson-2.10.jar%2372!/:?]
	at net.minecraft.util.GsonHelper.m_13808_(GsonHelper.java:463) ~[server-1.20.1-20230612.114412-srg.jar%23225!/:?]
	at net.minecraft.util.GsonHelper.m_13845_(GsonHelper.java:481) ~[server-1.20.1-20230612.114412-srg.jar%23225!/:?]
	at net.minecraft.world.level.storage.loot.entries.LootPoolSingletonContainer$Serializer.m_5921_(LootPoolSingletonContainer.java:149) ~[server-1.20.1-20230612.114412-srg.jar%23225!/:?]
	at net.minecraft.world.level.storage.loot.entries.LootPoolSingletonContainer$Serializer.m_5921_(LootPoolSingletonContainer.java:129) ~[server-1.20.1-20230612.114412-srg.jar%23225!/:?]
	at net.minecraft.world.level.storage.loot.entries.LootPoolEntryContainer$Serializer.m_7561_(LootPoolEntryContainer.java:86) ~[server-1.20.1-20230612.114412-srg.jar%23225!/:?]
	at net.minecraft.world.level.storage.loot.entries.LootPoolEntryContainer$Serializer.m_7561_(LootPoolEntryContainer.java:74) ~[server-1.20.1-20230612.114412-srg.jar%23225!/:?]
	at net.minecraft.world.level.storage.loot.GsonAdapterFactory$JsonAdapter.deserialize(GsonAdapterFactory.java:102) ~[server-1.20.1-20230612.114412-srg.jar%23225!/:?]
	at com.google.gson.internal.bind.TreeTypeAdapter.read(TreeTypeAdapter.java:76) ~[gson-2.10.jar%2372!/:?]
	at com.google.gson.internal.bind.TypeAdapterRuntimeTypeWrapper.read(TypeAdapterRuntimeTypeWrapper.java:40) ~[gson-2.10.jar%2372!/:?]
	at com.google.gson.internal.bind.ArrayTypeAdapter.read(ArrayTypeAdapter.java:72) ~[gson-2.10.jar%2372!/:?]
	at com.google.gson.Gson.fromJson(Gson.java:1214) ~[gson-2.10.jar%2372!/:?]
	at com.google.gson.Gson.fromJson(Gson.java:1319) ~[gson-2.10.jar%2372!/:?]
	at com.google.gson.Gson.fromJson(Gson.java:1290) ~[gson-2.10.jar%2372!/:?]
	at com.google.gson.internal.bind.TreeTypeAdapter$GsonContextImpl.deserialize(TreeTypeAdapter.java:179) ~[gson-2.10.jar%2372!/:?]
	at net.minecraft.util.GsonHelper.m_13808_(GsonHelper.java:463) ~[server-1.20.1-20230612.114412-srg.jar%23225!/:?]
	at net.minecraft.util.GsonHelper.m_13836_(GsonHelper.java:471) ~[server-1.20.1-20230612.114412-srg.jar%23225!/:?]
	at net.minecraft.world.level.storage.loot.LootPool$Serializer.deserialize(LootPool.java:192) ~[server-1.20.1-20230612.114412-srg.jar%23225!/:?]
	at net.minecraft.world.level.storage.loot.LootPool$Serializer.deserialize(LootPool.java:189) ~[server-1.20.1-20230612.114412-srg.jar%23225!/:?]
	at com.google.gson.internal.bind.TreeTypeAdapter.read(TreeTypeAdapter.java:76) ~[gson-2.10.jar%2372!/:?]
	at com.google.gson.internal.bind.TypeAdapterRuntimeTypeWrapper.read(TypeAdapterRuntimeTypeWrapper.java:40) ~[gson-2.10.jar%2372!/:?]
	at com.google.gson.internal.bind.ArrayTypeAdapter.read(ArrayTypeAdapter.java:72) ~[gson-2.10.jar%2372!/:?]
	at com.google.gson.Gson.fromJson(Gson.java:1214) ~[gson-2.10.jar%2372!/:?]
	at com.google.gson.Gson.fromJson(Gson.java:1319) ~[gson-2.10.jar%2372!/:?]
	at com.google.gson.Gson.fromJson(Gson.java:1290) ~[gson-2.10.jar%2372!/:?]
	at com.google.gson.internal.bind.TreeTypeAdapter$GsonContextImpl.deserialize(TreeTypeAdapter.java:179) ~[gson-2.10.jar%2372!/:?]
	at net.minecraft.util.GsonHelper.m_13808_(GsonHelper.java:463) ~[server-1.20.1-20230612.114412-srg.jar%23225!/:?]
	at net.minecraft.util.GsonHelper.m_13845_(GsonHelper.java:481) ~[server-1.20.1-20230612.114412-srg.jar%23225!/:?]
	at net.minecraft.world.level.storage.loot.LootTable$Serializer.deserialize(LootTable.java:294) ~[server-1.20.1-20230612.114412-srg.jar%23225!/:?]
	at net.minecraft.world.level.storage.loot.LootTable$Serializer.deserialize(LootTable.java:291) ~[server-1.20.1-20230612.114412-srg.jar%23225!/:?]
	at com.google.gson.internal.bind.TreeTypeAdapter.read(TreeTypeAdapter.java:76) ~[gson-2.10.jar%2372!/:?]
	at com.google.gson.Gson.fromJson(Gson.java:1214) ~[gson-2.10.jar%2372!/:?]
	at com.google.gson.Gson.fromJson(Gson.java:1319) ~[gson-2.10.jar%2372!/:?]
	at com.google.gson.Gson.fromJson(Gson.java:1261) ~[gson-2.10.jar%2372!/:?]
	at net.minecraftforge.common.ForgeHooks.loadLootTable(ForgeHooks.java:871) ~[forge-1.20.1-47.3.7-universal.jar%23230!/:?]
	at net.minecraftforge.common.ForgeHooks.lambda$getLootTableDeserializer$3(ForgeHooks.java:848) ~[forge-1.20.1-47.3.7-universal.jar%23230!/:?]
	at net.minecraft.world.level.storage.loot.LootDataType.deserialize(LootDataType.java:45) ~[server-1.20.1-20230612.114412-srg.jar%23225!/:?]
	at net.minecraft.world.level.storage.loot.LootDataManager.lambda$scheduleElementParse$4(LootDataManager.java:56) ~[server-1.20.1-20230612.114412-srg.jar%23225!/:?]
	at java.util.HashMap.forEach(HashMap.java:1421) ~[?:?]
	at net.minecraft.world.level.storage.loot.LootDataManager.m_278660_(LootDataManager.java:55) ~[server-1.20.1-20230612.114412-srg.jar%23225!/:?]
	at java.util.concurrent.CompletableFuture$AsyncRun.run(CompletableFuture.java:1804) ~[?:?]
	at java.util.concurrent.CompletableFuture$AsyncRun.exec(CompletableFuture.java:1796) ~[?:?]
	at java.util.concurrent.ForkJoinTask.doExec(ForkJoinTask.java:373) ~[?:?]
	at java.util.concurrent.ForkJoinPool$WorkQueue.topLevelExec(ForkJoinPool.java:1182) ~[?:?]
	at java.util.concurrent.ForkJoinPool.scan(ForkJoinPool.java:1655) ~[?:?]
	at java.util.concurrent.ForkJoinPool.runWorker(ForkJoinPool.java:1622) ~[?:?]
	at java.util.concurrent.ForkJoinWorkerThread.run(ForkJoinWorkerThread.java:165) ~[?:?]
[10Aug2026 03:03:02.126] [Worker-Main-3/ERROR] [com.nukateam.ntgl.Ntgl/]: Missing required properties for ntgl:cc/equipment/t45/t45_body.json
[10Aug2026 03:03:02.127] [Worker-Main-3/INFO] [STDERR/]: [com.nukateam.chassis_core.modules.config.utils.ConfigUtils:lambda$getConfigMap$2:74]: java.io.InvalidObjectException: Missing required property: id
[10Aug2026 03:03:02.128] [Worker-Main-3/INFO] [STDERR/]: [com.nukateam.chassis_core.modules.config.utils.ConfigUtils:lambda$getConfigMap$2:74]: 	at TRANSFORMER/ntgl@3.1.2/com.nukateam.chassis_core.modules.config.annotation.Validator.isValidObject(Validator.java:30)
[10Aug2026 03:03:02.128] [Worker-Main-3/INFO] [STDERR/]: [com.nukateam.chassis_core.modules.config.utils.ConfigUtils:lambda$getConfigMap$2:74]: 	at TRANSFORMER/ntgl@3.1.2/com.nukateam.chassis_core.modules.config.utils.ConfigUtils.lambda$getConfigMap$2(ConfigUtils.java:64)
[10Aug2026 03:03:02.129] [Worker-Main-3/INFO] [STDERR/]: [com.nukateam.chassis_core.modules.config.utils.ConfigUtils:lambda$getConfigMap$2:74]: 	at java.base/java.util.Optional.ifPresent(Optional.java:178)
[10Aug2026 03:03:02.129] [Worker-Main-3/INFO] [STDERR/]: [com.nukateam.chassis_core.modules.config.utils.ConfigUtils:lambda$getConfigMap$2:74]: 	at TRANSFORMER/ntgl@3.1.2/com.nukateam.chassis_core.modules.config.utils.ConfigUtils.lambda$getConfigMap$3(ConfigUtils.java:59)
[10Aug2026 03:03:02.129] [Worker-Main-3/INFO] [STDERR/]: [com.nukateam.chassis_core.modules.config.utils.ConfigUtils:lambda$getConfigMap$2:74]: 	at java.base/java.util.ArrayList.forEach(ArrayList.java:1511)
[10Aug2026 03:03:02.129] [Worker-Main-3/INFO] [STDERR/]: [com.nukateam.chassis_core.modules.config.utils.ConfigUtils:lambda$getConfigMap$2:74]: 	at TRANSFORMER/ntgl@3.1.2/com.nukateam.chassis_core.modules.config.utils.ConfigUtils.lambda$getConfigMap$4(ConfigUtils.java:46)
[10Aug2026 03:03:02.130] [Worker-Main-3/INFO] [STDERR/]: [com.nukateam.chassis_core.modules.config.utils.ConfigUtils:lambda$getConfigMap$2:74]: 	at java.base/java.util.stream.ForEachOps$ForEachOp$OfRef.accept(ForEachOps.java:183)
[10Aug2026 03:03:02.130] [Worker-Main-3/INFO] [STDERR/]: [com.nukateam.chassis_core.modules.config.utils.ConfigUtils:lambda$getConfigMap$2:74]: 	at java.base/java.util.stream.ReferencePipeline$2$1.accept(ReferencePipeline.java:179)
[10Aug2026 03:03:02.130] [Worker-Main-3/INFO] [STDERR/]: [com.nukateam.chassis_core.modules.config.utils.ConfigUtils:lambda$getConfigMap$2:74]: 	at java.base/java.util.Iterator.forEachRemaining(Iterator.java:133)
[10Aug2026 03:03:02.130] [Worker-Main-3/INFO] [STDERR/]: [com.nukateam.chassis_core.modules.config.utils.ConfigUtils:lambda$getConfigMap$2:74]: 	at java.base/java.util.Spliterators$IteratorSpliterator.forEachRemaining(Spliterators.java:1845)
[10Aug2026 03:03:02.131] [Worker-Main-3/INFO] [STDERR/]: [com.nukateam.chassis_core.modules.config.utils.ConfigUtils:lambda$getConfigMap$2:74]: 	at java.base/java.util.stream.AbstractPipeline.copyInto(AbstractPipeline.java:509)
[10Aug2026 03:03:02.131] [Worker-Main-3/INFO] [STDERR/]: [com.nukateam.chassis_core.modules.config.utils.ConfigUtils:lambda$getConfigMap$2:74]: 	at java.base/java.util.stream.AbstractPipeline.wrapAndCopyInto(AbstractPipeline.java:499)
[10Aug2026 03:03:02.131] [Worker-Main-3/INFO] [STDERR/]: [com.nukateam.chassis_core.modules.config.utils.ConfigUtils:lambda$getConfigMap$2:74]: 	at java.base/java.util.stream.ForEachOps$ForEachOp.evaluateSequential(ForEachOps.java:150)
[10Aug2026 03:03:02.132] [Worker-Main-3/INFO] [STDERR/]: [com.nukateam.chassis_core.modules.config.utils.ConfigUtils:lambda$getConfigMap$2:74]: 	at java.base/java.util.stream.ForEachOps$ForEachOp$OfRef.evaluateSequential(ForEachOps.java:173)
[10Aug2026 03:03:02.132] [Worker-Main-3/INFO] [STDERR/]: [com.nukateam.chassis_core.modules.config.utils.ConfigUtils:lambda$getConfigMap$2:74]: 	at java.base/java.util.stream.AbstractPipeline.evaluate(AbstractPipeline.java:234)
[10Aug2026 03:03:02.132] [Worker-Main-3/INFO] [STDERR/]: [com.nukateam.chassis_core.modules.config.utils.ConfigUtils:lambda$getConfigMap$2:74]: 	at java.base/java.util.stream.ReferencePipeline.forEach(ReferencePipeline.java:596)
[10Aug2026 03:03:02.132] [Worker-Main-3/INFO] [STDERR/]: [com.nukateam.chassis_core.modules.config.utils.ConfigUtils:lambda$getConfigMap$2:74]: 	at TRANSFORMER/ntgl@3.1.2/com.nukateam.chassis_core.modules.config.utils.ConfigUtils.getConfigMap(ConfigUtils.java:34)
[10Aug2026 03:03:02.133] [Worker-Main-3/INFO] [STDERR/]: [com.nukateam.chassis_core.modules.config.utils.ConfigUtils:lambda$getConfigMap$2:74]: 	at TRANSFORMER/ntgl@3.1.2/com.nukateam.ntgl.modules.datapack.managers.NetworkEquipmentManager.prepare(NetworkEquipmentManager.java:46)
[10Aug2026 03:03:02.133] [Worker-Main-3/INFO] [STDERR/]: [com.nukateam.chassis_core.modules.config.utils.ConfigUtils:lambda$getConfigMap$2:74]: 	at TRANSFORMER/ntgl@3.1.2/com.nukateam.ntgl.modules.datapack.managers.NetworkEquipmentManager.m_5944_(NetworkEquipmentManager.java:29)
[10Aug2026 03:03:02.134] [Worker-Main-3/INFO] [STDERR/]: [com.nukateam.chassis_core.modules.config.utils.ConfigUtils:lambda$getConfigMap$2:74]: 	at TRANSFORMER/minecraft@1.20.1/net.minecraft.server.packs.resources.SimplePreparableReloadListener.m_10786_(SimplePreparableReloadListener.java:11)
[10Aug2026 03:03:02.138] [Worker-Main-3/INFO] [STDERR/]: [com.nukateam.chassis_core.modules.config.utils.ConfigUtils:lambda$getConfigMap$2:74]: 	at java.base/java.util.concurrent.CompletableFuture$AsyncSupply.run(CompletableFuture.java:1768)
[10Aug2026 03:03:02.138] [Worker-Main-3/INFO] [STDERR/]: [com.nukateam.chassis_core.modules.config.utils.ConfigUtils:lambda$getConfigMap$2:74]: 	at java.base/java.util.concurrent.CompletableFuture$AsyncSupply.exec(CompletableFuture.java:1760)
[10Aug2026 03:03:02.138] [Worker-Main-3/INFO] [STDERR/]: [com.nukateam.chassis_core.modules.config.utils.ConfigUtils:lambda$getConfigMap$2:74]: 	at java.base/java.util.concurrent.ForkJoinTask.doExec(ForkJoinTask.java:373)
[10Aug2026 03:03:02.138] [Worker-Main-3/INFO] [STDERR/]: [com.nukateam.chassis_core.modules.config.utils.ConfigUtils:lambda$getConfigMap$2:74]: 	at java.base/java.util.concurrent.ForkJoinPool$WorkQueue.topLevelExec(ForkJoinPool.java:1182)
[10Aug2026 03:03:02.138] [Worker-Main-3/INFO] [STDERR/]: [com.nukateam.chassis_core.modules.config.utils.ConfigUtils:lambda$getConfigMap$2:74]: 	at java.base/java.util.concurrent.ForkJoinPool.scan(ForkJoinPool.java:1655)
[10Aug2026 03:03:02.138] [Worker-Main-3/INFO] [STDERR/]: [com.nukateam.chassis_core.modules.config.utils.ConfigUtils:lambda$getConfigMap$2:74]: 	at java.base/java.util.concurrent.ForkJoinPool.runWorker(ForkJoinPool.java:1622)
[10Aug2026 03:03:02.138] [Worker-Main-3/INFO] [STDERR/]: [com.nukateam.chassis_core.modules.config.utils.ConfigUtils:lambda$getConfigMap$2:74]: 	at java.base/java.util.concurrent.ForkJoinWorkerThread.run(ForkJoinWorkerThread.java:165)
[10Aug2026 03:03:02.139] [Worker-Main-3/ERROR] [com.nukateam.ntgl.Ntgl/]: Missing required properties for ntgl:cc/equipment/t45/t45_helmet.json
[10Aug2026 03:03:02.139] [Worker-Main-3/INFO] [STDERR/]: [com.nukateam.chassis_core.modules.config.utils.ConfigUtils:lambda$getConfigMap$2:74]: java.io.InvalidObjectException: Missing required property: id
[10Aug2026 03:03:02.139] [Worker-Main-3/INFO] [STDERR/]: [com.nukateam.chassis_core.modules.config.utils.ConfigUtils:lambda$getConfigMap$2:74]: 	at TRANSFORMER/ntgl@3.1.2/com.nukateam.chassis_core.modules.config.annotation.Validator.isValidObject(Validator.java:30)
[10Aug2026 03:03:02.139] [Worker-Main-3/INFO] [STDERR/]: [com.nukateam.chassis_core.modules.config.utils.ConfigUtils:lambda$getConfigMap$2:74]: 	at TRANSFORMER/ntgl@3.1.2/com.nukateam.chassis_core.modules.config.utils.ConfigUtils.lambda$getConfigMap$2(ConfigUtils.java:64)
[10Aug2026 03:03:02.139] [Worker-Main-3/INFO] [STDERR/]: [com.nukateam.chassis_core.modules.config.utils.ConfigUtils:lambda$getConfigMap$2:74]: 	at java.base/java.util.Optional.ifPresent(Optional.java:178)
[10Aug2026 03:03:02.139] [Worker-Main-3/INFO] [STDERR/]: [com.nukateam.chassis_core.modules.config.utils.ConfigUtils:lambda$getConfigMap$2:74]: 	at TRANSFORMER/ntgl@3.1.2/com.nukateam.chassis_core.modules.config.utils.ConfigUtils.lambda$getConfigMap$3(ConfigUtils.java:59)
[10Aug2026 03:03:02.140] [Worker-Main-3/INFO] [STDERR/]: [com.nukateam.chassis_core.modules.config.utils.ConfigUtils:lambda$getConfigMap$2:74]: 	at java.base/java.util.ArrayList.forEach(ArrayList.java:1511)
[10Aug2026 03:03:02.140] [Worker-Main-3/INFO] [STDERR/]: [com.nukateam.chassis_core.modules.config.utils.ConfigUtils:lambda$getConfigMap$2:74]: 	at TRANSFORMER/ntgl@3.1.2/com.nukateam.chassis_core.modules.config.utils.ConfigUtils.lambda$getConfigMap$4(ConfigUtils.java:46)
[10Aug2026 03:03:02.140] [Worker-Main-3/INFO] [STDERR/]: [com.nukateam.chassis_core.modules.config.utils.ConfigUtils:lambda$getConfigMap$2:74]: 	at java.base/java.util.stream.ForEachOps$ForEachOp$OfRef.accept(ForEachOps.java:183)
[10Aug2026 03:03:02.140] [Worker-Main-3/INFO] [STDERR/]: [com.nukateam.chassis_core.modules.config.utils.ConfigUtils:lambda$getConfigMap$2:74]: 	at java.base/java.util.stream.ReferencePipeline$2$1.accept(ReferencePipeline.java:179)
[10Aug2026 03:03:02.140] [Worker-Main-3/INFO] [STDERR/]: [com.nukateam.chassis_core.modules.config.utils.ConfigUtils:lambda$getConfigMap$2:74]: 	at java.base/java.util.Iterator.forEachRemaining(Iterator.java:133)
[10Aug2026 03:03:02.140] [Worker-Main-3/INFO] [STDERR/]: [com.nukateam.chassis_core.modules.config.utils.ConfigUtils:lambda$getConfigMap$2:74]: 	at java.base/java.util.Spliterators$IteratorSpliterator.forEachRemaining(Spliterators.java:1845)
[10Aug2026 03:03:02.140] [Worker-Main-3/INFO] [STDERR/]: [com.nukateam.chassis_core.modules.config.utils.ConfigUtils:lambda$getConfigMap$2:74]: 	at java.base/java.util.stream.AbstractPipeline.copyInto(AbstractPipeline.java:509)
[10Aug2026 03:03:02.140] [Worker-Main-3/INFO] [STDERR/]: [com.nukateam.chassis_core.modules.config.utils.ConfigUtils:lambda$getConfigMap$2:74]: 	at java.base/java.util.stream.AbstractPipeline.wrapAndCopyInto(AbstractPipeline.java:499)
[10Aug2026 03:03:02.140] [Worker-Main-3/INFO] [STDERR/]: [com.nukateam.chassis_core.modules.config.utils.ConfigUtils:lambda$getConfigMap$2:74]: 	at java.base/java.util.stream.ForEachOps$ForEachOp.evaluateSequential(ForEachOps.java:150)
[10Aug2026 03:03:02.140] [Worker-Main-3/INFO] [STDERR/]: [com.nukateam.chassis_core.modules.config.utils.ConfigUtils:lambda$getConfigMap$2:74]: 	at java.base/java.util.stream.ForEachOps$ForEachOp$OfRef.evaluateSequential(ForEachOps.java:173)
[10Aug2026 03:03:02.141] [Worker-Main-3/INFO] [STDERR/]: [com.nukateam.chassis_core.modules.config.utils.ConfigUtils:lambda$getConfigMap$2:74]: 	at java.base/java.util.stream.AbstractPipeline.evaluate(AbstractPipeline.java:234)
[10Aug2026 03:03:02.141] [Worker-Main-3/INFO] [STDERR/]: [com.nukateam.chassis_core.modules.config.utils.ConfigUtils:lambda$getConfigMap$2:74]: 	at java.base/java.util.stream.ReferencePipeline.forEach(ReferencePipeline.java:596)
[10Aug2026 03:03:02.142] [Worker-Main-3/INFO] [STDERR/]: [com.nukateam.chassis_core.modules.config.utils.ConfigUtils:lambda$getConfigMap$2:74]: 	at TRANSFORMER/ntgl@3.1.2/com.nukateam.chassis_core.modules.config.utils.ConfigUtils.getConfigMap(ConfigUtils.java:34)
[10Aug2026 03:03:02.142] [Worker-Main-3/INFO] [STDERR/]: [com.nukateam.chassis_core.modules.config.utils.ConfigUtils:lambda$getConfigMap$2:74]: 	at TRANSFORMER/ntgl@3.1.2/com.nukateam.ntgl.modules.datapack.managers.NetworkEquipmentManager.prepare(NetworkEquipmentManager.java:46)
[10Aug2026 03:03:02.142] [Worker-Main-3/INFO] [STDERR/]: [com.nukateam.chassis_core.modules.config.utils.ConfigUtils:lambda$getConfigMap$2:74]: 	at TRANSFORMER/ntgl@3.1.2/com.nukateam.ntgl.modules.datapack.managers.NetworkEquipmentManager.m_5944_(NetworkEquipmentManager.java:29)
[10Aug2026 03:03:02.142] [Worker-Main-3/INFO] [STDERR/]: [com.nukateam.chassis_core.modules.config.utils.ConfigUtils:lambda$getConfigMap$2:74]: 	at TRANSFORMER/minecraft@1.20.1/net.minecraft.server.packs.resources.SimplePreparableReloadListener.m_10786_(SimplePreparableReloadListener.java:11)
[10Aug2026 03:03:02.143] [Worker-Main-3/INFO] [STDERR/]: [com.nukateam.chassis_core.modules.config.utils.ConfigUtils:lambda$getConfigMap$2:74]: 	at java.base/java.util.concurrent.CompletableFuture$AsyncSupply.run(CompletableFuture.java:1768)
[10Aug2026 03:03:02.143] [Worker-Main-3/INFO] [STDERR/]: [com.nukateam.chassis_core.modules.config.utils.ConfigUtils:lambda$getConfigMap$2:74]: 	at java.base/java.util.concurrent.CompletableFuture$AsyncSupply.exec(CompletableFuture.java:1760)
[10Aug2026 03:03:02.143] [Worker-Main-3/INFO] [STDERR/]: [com.nukateam.chassis_core.modules.config.utils.ConfigUtils:lambda$getConfigMap$2:74]: 	at java.base/java.util.concurrent.ForkJoinTask.doExec(ForkJoinTask.java:373)
[10Aug2026 03:03:02.143] [Worker-Main-3/INFO] [STDERR/]: [com.nukateam.chassis_core.modules.config.utils.ConfigUtils:lambda$getConfigMap$2:74]: 	at java.base/java.util.concurrent.ForkJoinPool$WorkQueue.topLevelExec(ForkJoinPool.java:1182)
[10Aug2026 03:03:02.144] [Worker-Main-3/INFO] [STDERR/]: [com.nukateam.chassis_core.modules.config.utils.ConfigUtils:lambda$getConfigMap$2:74]: 	at java.base/java.util.concurrent.ForkJoinPool.scan(ForkJoinPool.java:1655)
[10Aug2026 03:03:02.144] [Worker-Main-3/INFO] [STDERR/]: [com.nukateam.chassis_core.modules.config.utils.ConfigUtils:lambda$getConfigMap$2:74]: 	at java.base/java.util.concurrent.ForkJoinPool.runWorker(ForkJoinPool.java:1622)
[10Aug2026 03:03:02.144] [Worker-Main-3/INFO] [STDERR/]: [com.nukateam.chassis_core.modules.config.utils.ConfigUtils:lambda$getConfigMap$2:74]: 	at java.base/java.util.concurrent.ForkJoinWorkerThread.run(ForkJoinWorkerThread.java:165)
[10Aug2026 03:03:02.144] [Worker-Main-3/ERROR] [com.nukateam.ntgl.Ntgl/]: Missing required properties for ntgl:cc/equipment/t45/t45_left_arm.json
[10Aug2026 03:03:02.144] [Worker-Main-3/INFO] [STDERR/]: [com.nukateam.chassis_core.modules.config.utils.ConfigUtils:lambda$getConfigMap$2:74]: java.io.InvalidObjectException: Missing required property: id
[10Aug2026 03:03:02.144] [Worker-Main-3/INFO] [STDERR/]: [com.nukateam.chassis_core.modules.config.utils.ConfigUtils:lambda$getConfigMap$2:74]: 	at TRANSFORMER/ntgl@3.1.2/com.nukateam.chassis_core.modules.config.annotation.Validator.isValidObject(Validator.java:30)
[10Aug2026 03:03:02.144] [Worker-Main-3/INFO] [STDERR/]: [com.nukateam.chassis_core.modules.config.utils.ConfigUtils:lambda$getConfigMap$2:74]: 	at TRANSFORMER/ntgl@3.1.2/com.nukateam.chassis_core.modules.config.utils.ConfigUtils.lambda$getConfigMap$2(ConfigUtils.java:64)
[10Aug2026 03:03:02.145] [Worker-Main-3/INFO] [STDERR/]: [com.nukateam.chassis_core.modules.config.utils.ConfigUtils:lambda$getConfigMap$2:74]: 	at java.base/java.util.Optional.ifPresent(Optional.java:178)
[10Aug2026 03:03:02.145] [Worker-Main-3/INFO] [STDERR/]: [com.nukateam.chassis_core.modules.config.utils.ConfigUtils:lambda$getConfigMap$2:74]: 	at TRANSFORMER/ntgl@3.1.2/com.nukateam.chassis_core.modules.config.utils.ConfigUtils.lambda$getConfigMap$3(ConfigUtils.java:59)
[10Aug2026 03:03:02.145] [Worker-Main-3/INFO] [STDERR/]: [com.nukateam.chassis_core.modules.config.utils.ConfigUtils:lambda$getConfigMap$2:74]: 	at java.base/java.util.ArrayList.forEach(ArrayList.java:1511)
[10Aug2026 03:03:02.146] [Worker-Main-3/INFO] [STDERR/]: [com.nukateam.chassis_core.modules.config.utils.ConfigUtils:lambda$getConfigMap$2:74]: 	at TRANSFORMER/ntgl@3.1.2/com.nukateam.chassis_core.modules.config.utils.ConfigUtils.lambda$getConfigMap$4(ConfigUtils.java:46)
[10Aug2026 03:03:02.146] [Worker-Main-3/INFO] [STDERR/]: [com.nukateam.chassis_core.modules.config.utils.ConfigUtils:lambda$getConfigMap$2:74]: 	at java.base/java.util.stream.ForEachOps$ForEachOp$OfRef.accept(ForEachOps.java:183)
[10Aug2026 03:03:02.146] [Worker-Main-3/INFO] [STDERR/]: [com.nukateam.chassis_core.modules.config.utils.ConfigUtils:lambda$getConfigMap$2:74]: 	at java.base/java.util.stream.ReferencePipeline$2$1.accept(ReferencePipeline.java:179)
[10Aug2026 03:03:02.146] [Worker-Main-3/INFO] [STDERR/]: [com.nukateam.chassis_core.modules.config.utils.ConfigUtils:lambda$getConfigMap$2:74]: 	at java.base/java.util.Iterator.forEachRemaining(Iterator.java:133)
[10Aug2026 03:03:02.147] [Worker-Main-3/INFO] [STDERR/]: [com.nukateam.chassis_core.modules.config.utils.ConfigUtils:lambda$getConfigMap$2:74]: 	at java.base/java.util.Spliterators$IteratorSpliterator.forEachRemaining(Spliterators.java:1845)
[10Aug2026 03:03:02.147] [Worker-Main-3/INFO] [STDERR/]: [com.nukateam.chassis_core.modules.config.utils.ConfigUtils:lambda$getConfigMap$2:74]: 	at java.base/java.util.stream.AbstractPipeline.copyInto(AbstractPipeline.java:509)
[10Aug2026 03:03:02.147] [Worker-Main-3/INFO] [STDERR/]: [com.nukateam.chassis_core.modules.config.utils.ConfigUtils:lambda$getConfigMap$2:74]: 	at java.base/java.util.stream.AbstractPipeline.wrapAndCopyInto(AbstractPipeline.java:499)
[10Aug2026 03:03:02.148] [Worker-Main-3/INFO] [STDERR/]: [com.nukateam.chassis_core.modules.config.utils.ConfigUtils:lambda$getConfigMap$2:74]: 	at java.base/java.util.stream.ForEachOps$ForEachOp.evaluateSequential(ForEachOps.java:150)
[10Aug2026 03:03:02.149] [Worker-Main-3/INFO] [STDERR/]: [com.nukateam.chassis_core.modules.config.utils.ConfigUtils:lambda$getConfigMap$2:74]: 	at java.base/java.util.stream.ForEachOps$ForEachOp$OfRef.evaluateSequential(ForEachOps.java:173)
[10Aug2026 03:03:02.149] [Worker-Main-3/INFO] [STDERR/]: [com.nukateam.chassis_core.modules.config.utils.ConfigUtils:lambda$getConfigMap$2:74]: 	at java.base/java.util.stream.AbstractPipeline.evaluate(AbstractPipeline.java:234)
[10Aug2026 03:03:02.149] [Worker-Main-3/INFO] [STDERR/]: [com.nukateam.chassis_core.modules.config.utils.ConfigUtils:lambda$getConfigMap$2:74]: 	at java.base/java.util.stream.ReferencePipeline.forEach(ReferencePipeline.java:596)
[10Aug2026 03:03:02.149] [Worker-Main-3/INFO] [STDERR/]: [com.nukateam.chassis_core.modules.config.utils.ConfigUtils:lambda$getConfigMap$2:74]: 	at TRANSFORMER/ntgl@3.1.2/com.nukateam.chassis_core.modules.config.utils.ConfigUtils.getConfigMap(ConfigUtils.java:34)
[10Aug2026 03:03:02.149] [Worker-Main-3/INFO] [STDERR/]: [com.nukateam.chassis_core.modules.config.utils.ConfigUtils:lambda$getConfigMap$2:74]: 	at TRANSFORMER/ntgl@3.1.2/com.nukateam.ntgl.modules.datapack.managers.NetworkEquipmentManager.prepare(NetworkEquipmentManager.java:46)
[10Aug2026 03:03:02.149] [Worker-Main-3/INFO] [STDERR/]: [com.nukateam.chassis_core.modules.config.utils.ConfigUtils:lambda$getConfigMap$2:74]: 	at TRANSFORMER/ntgl@3.1.2/com.nukateam.ntgl.modules.datapack.managers.NetworkEquipmentManager.m_5944_(NetworkEquipmentManager.java:29)
[10Aug2026 03:03:02.149] [Worker-Main-3/INFO] [STDERR/]: [com.nukateam.chassis_core.modules.config.utils.ConfigUtils:lambda$getConfigMap$2:74]: 	at TRANSFORMER/minecraft@1.20.1/net.minecraft.server.packs.resources.SimplePreparableReloadListener.m_10786_(SimplePreparableReloadListener.java:11)
[10Aug2026 03:03:02.150] [Worker-Main-3/INFO] [STDERR/]: [com.nukateam.chassis_core.modules.config.utils.ConfigUtils:lambda$getConfigMap$2:74]: 	at java.base/java.util.concurrent.CompletableFuture$AsyncSupply.run(CompletableFuture.java:1768)
[10Aug2026 03:03:02.150] [Worker-Main-3/INFO] [STDERR/]: [com.nukateam.chassis_core.modules.config.utils.ConfigUtils:lambda$getConfigMap$2:74]: 	at java.base/java.util.concurrent.CompletableFuture$AsyncSupply.exec(CompletableFuture.java:1760)
[10Aug2026 03:03:02.150] [Worker-Main-3/INFO] [STDERR/]: [com.nukateam.chassis_core.modules.config.utils.ConfigUtils:lambda$getConfigMap$2:74]: 	at java.base/java.util.concurrent.ForkJoinTask.doExec(ForkJoinTask.java:373)
[10Aug2026 03:03:02.151] [Worker-Main-3/INFO] [STDERR/]: [com.nukateam.chassis_core.modules.config.utils.ConfigUtils:lambda$getConfigMap$2:74]: 	at java.base/java.util.concurrent.ForkJoinPool$WorkQueue.topLevelExec(ForkJoinPool.java:1182)
[10Aug2026 03:03:02.151] [Worker-Main-3/INFO] [STDERR/]: [com.nukateam.chassis_core.modules.config.utils.ConfigUtils:lambda$getConfigMap$2:74]: 	at java.base/java.util.concurrent.ForkJoinPool.scan(ForkJoinPool.java:1655)
[10Aug2026 03:03:02.151] [Worker-Main-3/INFO] [STDERR/]: [com.nukateam.chassis_core.modules.config.utils.ConfigUtils:lambda$getConfigMap$2:74]: 	at java.base/java.util.concurrent.ForkJoinPool.runWorker(ForkJoinPool.java:1622)
[10Aug2026 03:03:02.151] [Worker-Main-3/INFO] [STDERR/]: [com.nukateam.chassis_core.modules.config.utils.ConfigUtils:lambda$getConfigMap$2:74]: 	at java.base/java.util.concurrent.ForkJoinWorkerThread.run(ForkJoinWorkerThread.java:165)
[10Aug2026 03:03:02.151] [Worker-Main-3/ERROR] [com.nukateam.ntgl.Ntgl/]: Missing required properties for ntgl:cc/equipment/t45/t45_left_leg.json
[10Aug2026 03:03:02.151] [Worker-Main-3/INFO] [STDERR/]: [com.nukateam.chassis_core.modules.config.utils.ConfigUtils:lambda$getConfigMap$2:74]: java.io.InvalidObjectException: Missing required property: id
[10Aug2026 03:03:02.152] [Worker-Main-3/INFO] [STDERR/]: [com.nukateam.chassis_core.modules.config.utils.ConfigUtils:lambda$getConfigMap$2:74]: 	at TRANSFORMER/ntgl@3.1.2/com.nukateam.chassis_core.modules.config.annotation.Validator.isValidObject(Validator.java:30)
[10Aug2026 03:03:02.152] [Worker-Main-3/INFO] [STDERR/]: [com.nukateam.chassis_core.modules.config.utils.ConfigUtils:lambda$getConfigMap$2:74]: 	at TRANSFORMER/ntgl@3.1.2/com.nukateam.chassis_core.modules.config.utils.ConfigUtils.lambda$getConfigMap$2(ConfigUtils.java:64)
[10Aug2026 03:03:02.152] [Worker-Main-3/INFO] [STDERR/]: [com.nukateam.chassis_core.modules.config.utils.ConfigUtils:lambda$getConfigMap$2:74]: 	at java.base/java.util.Optional.ifPresent(Optional.java:178)
[10Aug2026 03:03:02.153] [Worker-Main-3/INFO] [STDERR/]: [com.nukateam.chassis_core.modules.config.utils.ConfigUtils:lambda$getConfigMap$2:74]: 	at TRANSFORMER/ntgl@3.1.2/com.nukateam.chassis_core.modules.config.utils.ConfigUtils.lambda$getConfigMap$3(ConfigUtils.java:59)
[10Aug2026 03:03:02.153] [Worker-Main-3/INFO] [STDERR/]: [com.nukateam.chassis_core.modules.config.utils.ConfigUtils:lambda$getConfigMap$2:74]: 	at java.base/java.util.ArrayList.forEach(ArrayList.java:1511)
[10Aug2026 03:03:02.153] [Worker-Main-3/INFO] [STDERR/]: [com.nukateam.chassis_core.modules.config.utils.ConfigUtils:lambda$getConfigMap$2:74]: 	at TRANSFORMER/ntgl@3.1.2/com.nukateam.chassis_core.modules.config.utils.ConfigUtils.lambda$getConfigMap$4(ConfigUtils.java:46)
[10Aug2026 03:03:02.153] [Worker-Main-3/INFO] [STDERR/]: [com.nukateam.chassis_core.modules.config.utils.ConfigUtils:lambda$getConfigMap$2:74]: 	at java.base/java.util.stream.ForEachOps$ForEachOp$OfRef.accept(ForEachOps.java:183)
[10Aug2026 03:03:02.153] [Worker-Main-3/INFO] [STDERR/]: [com.nukateam.chassis_core.modules.config.utils.ConfigUtils:lambda$getConfigMap$2:74]: 	at java.base/java.util.stream.ReferencePipeline$2$1.accept(ReferencePipeline.java:179)
[10Aug2026 03:03:02.153] [Worker-Main-3/INFO] [STDERR/]: [com.nukateam.chassis_core.modules.config.utils.ConfigUtils:lambda$getConfigMap$2:74]: 	at java.base/java.util.Iterator.forEachRemaining(Iterator.java:133)
[10Aug2026 03:03:02.153] [Worker-Main-3/INFO] [STDERR/]: [com.nukateam.chassis_core.modules.config.utils.ConfigUtils:lambda$getConfigMap$2:74]: 	at java.base/java.util.Spliterators$IteratorSpliterator.forEachRemaining(Spliterators.java:1845)
[10Aug2026 03:03:02.153] [Worker-Main-3/INFO] [STDERR/]: [com.nukateam.chassis_core.modules.config.utils.ConfigUtils:lambda$getConfigMap$2:74]: 	at java.base/java.util.stream.AbstractPipeline.copyInto(AbstractPipeline.java:509)
[10Aug2026 03:03:02.154] [Worker-Main-3/INFO] [STDERR/]: [com.nukateam.chassis_core.modules.config.utils.ConfigUtils:lambda$getConfigMap$2:74]: 	at java.base/java.util.stream.AbstractPipeline.wrapAndCopyInto(AbstractPipeline.java:499)
[10Aug2026 03:03:02.154] [Worker-Main-3/INFO] [STDERR/]: [com.nukateam.chassis_core.modules.config.utils.ConfigUtils:lambda$getConfigMap$2:74]: 	at java.base/java.util.stream.ForEachOps$ForEachOp.evaluateSequential(ForEachOps.java:150)
[10Aug2026 03:03:02.154] [Worker-Main-3/INFO] [STDERR/]: [com.nukateam.chassis_core.modules.config.utils.ConfigUtils:lambda$getConfigMap$2:74]: 	at java.base/java.util.stream.ForEachOps$ForEachOp$OfRef.evaluateSequential(ForEachOps.java:173)
[10Aug2026 03:03:02.154] [Worker-Main-3/INFO] [STDERR/]: [com.nukateam.chassis_core.modules.config.utils.ConfigUtils:lambda$getConfigMap$2:74]: 	at java.base/java.util.stream.AbstractPipeline.evaluate(AbstractPipeline.java:234)
[10Aug2026 03:03:02.154] [Worker-Main-3/INFO] [STDERR/]: [com.nukateam.chassis_core.modules.config.utils.ConfigUtils:lambda$getConfigMap$2:74]: 	at java.base/java.util.stream.ReferencePipeline.forEach(ReferencePipeline.java:596)
[10Aug2026 03:03:02.154] [Worker-Main-3/INFO] [STDERR/]: [com.nukateam.chassis_core.modules.config.utils.ConfigUtils:lambda$getConfigMap$2:74]: 	at TRANSFORMER/ntgl@3.1.2/com.nukateam.chassis_core.modules.config.utils.ConfigUtils.getConfigMap(ConfigUtils.java:34)
[10Aug2026 03:03:02.154] [Worker-Main-3/INFO] [STDERR/]: [com.nukateam.chassis_core.modules.config.utils.ConfigUtils:lambda$getConfigMap$2:74]: 	at TRANSFORMER/ntgl@3.1.2/com.nukateam.ntgl.modules.datapack.managers.NetworkEquipmentManager.prepare(NetworkEquipmentManager.java:46)
[10Aug2026 03:03:02.154] [Worker-Main-3/INFO] [STDERR/]: [com.nukateam.chassis_core.modules.config.utils.ConfigUtils:lambda$getConfigMap$2:74]: 	at TRANSFORMER/ntgl@3.1.2/com.nukateam.ntgl.modules.datapack.managers.NetworkEquipmentManager.m_5944_(NetworkEquipmentManager.java:29)
[10Aug2026 03:03:02.154] [Worker-Main-3/INFO] [STDERR/]: [com.nukateam.chassis_core.modules.config.utils.ConfigUtils:lambda$getConfigMap$2:74]: 	at TRANSFORMER/minecraft@1.20.1/net.minecraft.server.packs.resources.SimplePreparableReloadListener.m_10786_(SimplePreparableReloadListener.java:11)
[10Aug2026 03:03:02.154] [Worker-Main-3/INFO] [STDERR/]: [com.nukateam.chassis_core.modules.config.utils.ConfigUtils:lambda$getConfigMap$2:74]: 	at java.base/java.util.concurrent.CompletableFuture$AsyncSupply.run(CompletableFuture.java:1768)
[10Aug2026 03:03:02.155] [Worker-Main-3/INFO] [STDERR/]: [com.nukateam.chassis_core.modules.config.utils.ConfigUtils:lambda$getConfigMap$2:74]: 	at java.base/java.util.concurrent.CompletableFuture$AsyncSupply.exec(CompletableFuture.java:1760)
[10Aug2026 03:03:02.155] [Worker-Main-3/INFO] [STDERR/]: [com.nukateam.chassis_core.modules.config.utils.ConfigUtils:lambda$getConfigMap$2:74]: 	at java.base/java.util.concurrent.ForkJoinTask.doExec(ForkJoinTask.java:373)
[10Aug2026 03:03:02.155] [Worker-Main-3/INFO] [STDERR/]: [com.nukateam.chassis_core.modules.config.utils.ConfigUtils:lambda$getConfigMap$2:74]: 	at java.base/java.util.concurrent.ForkJoinPool$WorkQueue.topLevelExec(ForkJoinPool.java:1182)
[10Aug2026 03:03:02.156] [Worker-Main-3/INFO] [STDERR/]: [com.nukateam.chassis_core.modules.config.utils.ConfigUtils:lambda$getConfigMap$2:74]: 	at java.base/java.util.concurrent.ForkJoinPool.scan(ForkJoinPool.java:1655)
[10Aug2026 03:03:02.156] [Worker-Main-3/INFO] [STDERR/]: [com.nukateam.chassis_core.modules.config.utils.ConfigUtils:lambda$getConfigMap$2:74]: 	at java.base/java.util.concurrent.ForkJoinPool.runWorker(ForkJoinPool.java:1622)
[10Aug2026 03:03:02.156] [Worker-Main-3/INFO] [STDERR/]: [com.nukateam.chassis_core.modules.config.utils.ConfigUtils:lambda$getConfigMap$2:74]: 	at java.base/java.util.concurrent.ForkJoinWorkerThread.run(ForkJoinWorkerThread.java:165)
[10Aug2026 03:03:02.157] [Worker-Main-3/ERROR] [com.nukateam.ntgl.Ntgl/]: Missing required properties for ntgl:cc/equipment/t45/t45_right_arm.json
[10Aug2026 03:03:02.157] [Worker-Main-3/INFO] [STDERR/]: [com.nukateam.chassis_core.modules.config.utils.ConfigUtils:lambda$getConfigMap$2:74]: java.io.InvalidObjectException: Missing required property: id
[10Aug2026 03:03:02.157] [Worker-Main-3/INFO] [STDERR/]: [com.nukateam.chassis_core.modules.config.utils.ConfigUtils:lambda$getConfigMap$2:74]: 	at TRANSFORMER/ntgl@3.1.2/com.nukateam.chassis_core.modules.config.annotation.Validator.isValidObject(Validator.java:30)
[10Aug2026 03:03:02.157] [Worker-Main-3/INFO] [STDERR/]: [com.nukateam.chassis_core.modules.config.utils.ConfigUtils:lambda$getConfigMap$2:74]: 	at TRANSFORMER/ntgl@3.1.2/com.nukateam.chassis_core.modules.config.utils.ConfigUtils.lambda$getConfigMap$2(ConfigUtils.java:64)
[10Aug2026 03:03:02.157] [Worker-Main-3/INFO] [STDERR/]: [com.nukateam.chassis_core.modules.config.utils.ConfigUtils:lambda$getConfigMap$2:74]: 	at java.base/java.util.Optional.ifPresent(Optional.java:178)
[10Aug2026 03:03:02.157] [Worker-Main-3/INFO] [STDERR/]: [com.nukateam.chassis_core.modules.config.utils.ConfigUtils:lambda$getConfigMap$2:74]: 	at TRANSFORMER/ntgl@3.1.2/com.nukateam.chassis_core.modules.config.utils.ConfigUtils.lambda$getConfigMap$3(ConfigUtils.java:59)
[10Aug2026 03:03:02.157] [Worker-Main-3/INFO] [STDERR/]: [com.nukateam.chassis_core.modules.config.utils.ConfigUtils:lambda$getConfigMap$2:74]: 	at java.base/java.util.ArrayList.forEach(ArrayList.java:1511)
[10Aug2026 03:03:02.157] [Worker-Main-3/INFO] [STDERR/]: [com.nukateam.chassis_core.modules.config.utils.ConfigUtils:lambda$getConfigMap$2:74]: 	at TRANSFORMER/ntgl@3.1.2/com.nukateam.chassis_core.modules.config.utils.ConfigUtils.lambda$getConfigMap$4(ConfigUtils.java:46)
[10Aug2026 03:03:02.158] [Worker-Main-3/INFO] [STDERR/]: [com.nukateam.chassis_core.modules.config.utils.ConfigUtils:lambda$getConfigMap$2:74]: 	at java.base/java.util.stream.ForEachOps$ForEachOp$OfRef.accept(ForEachOps.java:183)
[10Aug2026 03:03:02.158] [Worker-Main-3/INFO] [STDERR/]: [com.nukateam.chassis_core.modules.config.utils.ConfigUtils:lambda$getConfigMap$2:74]: 	at java.base/java.util.stream.ReferencePipeline$2$1.accept(ReferencePipeline.java:179)
[10Aug2026 03:03:02.158] [Worker-Main-3/INFO] [STDERR/]: [com.nukateam.chassis_core.modules.config.utils.ConfigUtils:lambda$getConfigMap$2:74]: 	at java.base/java.util.Iterator.forEachRemaining(Iterator.java:133)
[10Aug2026 03:03:02.158] [Worker-Main-3/INFO] [STDERR/]: [com.nukateam.chassis_core.modules.config.utils.ConfigUtils:lambda$getConfigMap$2:74]: 	at java.base/java.util.Spliterators$IteratorSpliterator.forEachRemaining(Spliterators.java:1845)
[10Aug2026 03:03:02.158] [Worker-Main-3/INFO] [STDERR/]: [com.nukateam.chassis_core.modules.config.utils.ConfigUtils:lambda$getConfigMap$2:74]: 	at java.base/java.util.stream.AbstractPipeline.copyInto(AbstractPipeline.java:509)
[10Aug2026 03:03:02.158] [Worker-Main-3/INFO] [STDERR/]: [com.nukateam.chassis_core.modules.config.utils.ConfigUtils:lambda$getConfigMap$2:74]: 	at java.base/java.util.stream.AbstractPipeline.wrapAndCopyInto(AbstractPipeline.java:499)
[10Aug2026 03:03:02.158] [Worker-Main-3/INFO] [STDERR/]: [com.nukateam.chassis_core.modules.config.utils.ConfigUtils:lambda$getConfigMap$2:74]: 	at java.base/java.util.stream.ForEachOps$ForEachOp.evaluateSequential(ForEachOps.java:150)
[10Aug2026 03:03:02.160] [Worker-Main-3/INFO] [STDERR/]: [com.nukateam.chassis_core.modules.config.utils.ConfigUtils:lambda$getConfigMap$2:74]: 	at java.base/java.util.stream.ForEachOps$ForEachOp$OfRef.evaluateSequential(ForEachOps.java:173)
[10Aug2026 03:03:02.160] [Worker-Main-3/INFO] [STDERR/]: [com.nukateam.chassis_core.modules.config.utils.ConfigUtils:lambda$getConfigMap$2:74]: 	at java.base/java.util.stream.AbstractPipeline.evaluate(AbstractPipeline.java:234)
[10Aug2026 03:03:02.160] [Worker-Main-3/INFO] [STDERR/]: [com.nukateam.chassis_core.modules.config.utils.ConfigUtils:lambda$getConfigMap$2:74]: 	at java.base/java.util.stream.ReferencePipeline.forEach(ReferencePipeline.java:596)
[10Aug2026 03:03:02.160] [Worker-Main-3/INFO] [STDERR/]: [com.nukateam.chassis_core.modules.config.utils.ConfigUtils:lambda$getConfigMap$2:74]: 	at TRANSFORMER/ntgl@3.1.2/com.nukateam.chassis_core.modules.config.utils.ConfigUtils.getConfigMap(ConfigUtils.java:34)
[10Aug2026 03:03:02.160] [Worker-Main-3/INFO] [STDERR/]: [com.nukateam.chassis_core.modules.config.utils.ConfigUtils:lambda$getConfigMap$2:74]: 	at TRANSFORMER/ntgl@3.1.2/com.nukateam.ntgl.modules.datapack.managers.NetworkEquipmentManager.prepare(NetworkEquipmentManager.java:46)
[10Aug2026 03:03:02.160] [Worker-Main-3/INFO] [STDERR/]: [com.nukateam.chassis_core.modules.config.utils.ConfigUtils:lambda$getConfigMap$2:74]: 	at TRANSFORMER/ntgl@3.1.2/com.nukateam.ntgl.modules.datapack.managers.NetworkEquipmentManager.m_5944_(NetworkEquipmentManager.java:29)
[10Aug2026 03:03:02.160] [Worker-Main-3/INFO] [STDERR/]: [com.nukateam.chassis_core.modules.config.utils.ConfigUtils:lambda$getConfigMap$2:74]: 	at TRANSFORMER/minecraft@1.20.1/net.minecraft.server.packs.resources.SimplePreparableReloadListener.m_10786_(SimplePreparableReloadListener.java:11)
[10Aug2026 03:03:02.160] [Worker-Main-3/INFO] [STDERR/]: [com.nukateam.chassis_core.modules.config.utils.ConfigUtils:lambda$getConfigMap$2:74]: 	at java.base/java.util.concurrent.CompletableFuture$AsyncSupply.run(CompletableFuture.java:1768)
[10Aug2026 03:03:02.160] [Worker-Main-3/INFO] [STDERR/]: [com.nukateam.chassis_core.modules.config.utils.ConfigUtils:lambda$getConfigMap$2:74]: 	at java.base/java.util.concurrent.CompletableFuture$AsyncSupply.exec(CompletableFuture.java:1760)
[10Aug2026 03:03:02.161] [Worker-Main-3/INFO] [STDERR/]: [com.nukateam.chassis_core.modules.config.utils.ConfigUtils:lambda$getConfigMap$2:74]: 	at java.base/java.util.concurrent.ForkJoinTask.doExec(ForkJoinTask.java:373)
[10Aug2026 03:03:02.161] [Worker-Main-3/INFO] [STDERR/]: [com.nukateam.chassis_core.modules.config.utils.ConfigUtils:lambda$getConfigMap$2:74]: 	at java.base/java.util.concurrent.ForkJoinPool$WorkQueue.topLevelExec(ForkJoinPool.java:1182)
[10Aug2026 03:03:02.161] [Worker-Main-3/INFO] [STDERR/]: [com.nukateam.chassis_core.modules.config.utils.ConfigUtils:lambda$getConfigMap$2:74]: 	at java.base/java.util.concurrent.ForkJoinPool.scan(ForkJoinPool.java:1655)
[10Aug2026 03:03:02.161] [Worker-Main-3/INFO] [STDERR/]: [com.nukateam.chassis_core.modules.config.utils.ConfigUtils:lambda$getConfigMap$2:74]: 	at java.base/java.util.concurrent.ForkJoinPool.runWorker(ForkJoinPool.java:1622)
[10Aug2026 03:03:02.161] [Worker-Main-3/INFO] [STDERR/]: [com.nukateam.chassis_core.modules.config.utils.ConfigUtils:lambda$getConfigMap$2:74]: 	at java.base/java.util.concurrent.ForkJoinWorkerThread.run(ForkJoinWorkerThread.java:165)
[10Aug2026 03:03:02.162] [Worker-Main-3/ERROR] [com.nukateam.ntgl.Ntgl/]: Missing required properties for ntgl:cc/equipment/t45/t45_right_leg.json
[10Aug2026 03:03:02.162] [Worker-Main-3/INFO] [STDERR/]: [com.nukateam.chassis_core.modules.config.utils.ConfigUtils:lambda$getConfigMap$2:74]: java.io.InvalidObjectException: Missing required property: id
[10Aug2026 03:03:02.162] [Worker-Main-3/INFO] [STDERR/]: [com.nukateam.chassis_core.modules.config.utils.ConfigUtils:lambda$getConfigMap$2:74]: 	at TRANSFORMER/ntgl@3.1.2/com.nukateam.chassis_core.modules.config.annotation.Validator.isValidObject(Validator.java:30)
[10Aug2026 03:03:02.162] [Worker-Main-3/INFO] [STDERR/]: [com.nukateam.chassis_core.modules.config.utils.ConfigUtils:lambda$getConfigMap$2:74]: 	at TRANSFORMER/ntgl@3.1.2/com.nukateam.chassis_core.modules.config.utils.ConfigUtils.lambda$getConfigMap$2(ConfigUtils.java:64)
[10Aug2026 03:03:02.162] [Worker-Main-3/INFO] [STDERR/]: [com.nukateam.chassis_core.modules.config.utils.ConfigUtils:lambda$getConfigMap$2:74]: 	at java.base/java.util.Optional.ifPresent(Optional.java:178)
[10Aug2026 03:03:02.162] [Worker-Main-3/INFO] [STDERR/]: [com.nukateam.chassis_core.modules.config.utils.ConfigUtils:lambda$getConfigMap$2:74]: 	at TRANSFORMER/ntgl@3.1.2/com.nukateam.chassis_core.modules.config.utils.ConfigUtils.lambda$getConfigMap$3(ConfigUtils.java:59)
[10Aug2026 03:03:02.162] [Worker-Main-3/INFO] [STDERR/]: [com.nukateam.chassis_core.modules.config.utils.ConfigUtils:lambda$getConfigMap$2:74]: 	at java.base/java.util.ArrayList.forEach(ArrayList.java:1511)
[10Aug2026 03:03:02.162] [Worker-Main-3/INFO] [STDERR/]: [com.nukateam.chassis_core.modules.config.utils.ConfigUtils:lambda$getConfigMap$2:74]: 	at TRANSFORMER/ntgl@3.1.2/com.nukateam.chassis_core.modules.config.utils.ConfigUtils.lambda$getConfigMap$4(ConfigUtils.java:46)
[10Aug2026 03:03:02.162] [Worker-Main-3/INFO] [STDERR/]: [com.nukateam.chassis_core.modules.config.utils.ConfigUtils:lambda$getConfigMap$2:74]: 	at java.base/java.util.stream.ForEachOps$ForEachOp$OfRef.accept(ForEachOps.java:183)
[10Aug2026 03:03:02.163] [Worker-Main-3/INFO] [STDERR/]: [com.nukateam.chassis_core.modules.config.utils.ConfigUtils:lambda$getConfigMap$2:74]: 	at java.base/java.util.stream.ReferencePipeline$2$1.accept(ReferencePipeline.java:179)
[10Aug2026 03:03:02.163] [Worker-Main-3/INFO] [STDERR/]: [com.nukateam.chassis_core.modules.config.utils.ConfigUtils:lambda$getConfigMap$2:74]: 	at java.base/java.util.Iterator.forEachRemaining(Iterator.java:133)
[10Aug2026 03:03:02.164] [Worker-Main-3/INFO] [STDERR/]: [com.nukateam.chassis_core.modules.config.utils.ConfigUtils:lambda$getConfigMap$2:74]: 	at java.base/java.util.Spliterators$IteratorSpliterator.forEachRemaining(Spliterators.java:1845)
[10Aug2026 03:03:02.164] [Worker-Main-3/INFO] [STDERR/]: [com.nukateam.chassis_core.modules.config.utils.ConfigUtils:lambda$getConfigMap$2:74]: 	at java.base/java.util.stream.AbstractPipeline.copyInto(AbstractPipeline.java:509)
[10Aug2026 03:03:02.164] [Worker-Main-3/INFO] [STDERR/]: [com.nukateam.chassis_core.modules.config.utils.ConfigUtils:lambda$getConfigMap$2:74]: 	at java.base/java.util.stream.AbstractPipeline.wrapAndCopyInto(AbstractPipeline.java:499)
[10Aug2026 03:03:02.164] [Worker-Main-3/INFO] [STDERR/]: [com.nukateam.chassis_core.modules.config.utils.ConfigUtils:lambda$getConfigMap$2:74]: 	at java.base/java.util.stream.ForEachOps$ForEachOp.evaluateSequential(ForEachOps.java:150)
[10Aug2026 03:03:02.165] [Worker-Main-3/INFO] [STDERR/]: [com.nukateam.chassis_core.modules.config.utils.ConfigUtils:lambda$getConfigMap$2:74]: 	at java.base/java.util.stream.ForEachOps$ForEachOp$OfRef.evaluateSequential(ForEachOps.java:173)
[10Aug2026 03:03:02.165] [Worker-Main-3/INFO] [STDERR/]: [com.nukateam.chassis_core.modules.config.utils.ConfigUtils:lambda$getConfigMap$2:74]: 	at java.base/java.util.stream.AbstractPipeline.evaluate(AbstractPipeline.java:234)
[10Aug2026 03:03:02.165] [Worker-Main-3/INFO] [STDERR/]: [com.nukateam.chassis_core.modules.config.utils.ConfigUtils:lambda$getConfigMap$2:74]: 	at java.base/java.util.stream.ReferencePipeline.forEach(ReferencePipeline.java:596)
[10Aug2026 03:03:02.165] [Worker-Main-3/INFO] [STDERR/]: [com.nukateam.chassis_core.modules.config.utils.ConfigUtils:lambda$getConfigMap$2:74]: 	at TRANSFORMER/ntgl@3.1.2/com.nukateam.chassis_core.modules.config.utils.ConfigUtils.getConfigMap(ConfigUtils.java:34)
[10Aug2026 03:03:02.165] [Worker-Main-3/INFO] [STDERR/]: [com.nukateam.chassis_core.modules.config.utils.ConfigUtils:lambda$getConfigMap$2:74]: 	at TRANSFORMER/ntgl@3.1.2/com.nukateam.ntgl.modules.datapack.managers.NetworkEquipmentManager.prepare(NetworkEquipmentManager.java:46)
[10Aug2026 03:03:02.165] [Worker-Main-3/INFO] [STDERR/]: [com.nukateam.chassis_core.modules.config.utils.ConfigUtils:lambda$getConfigMap$2:74]: 	at TRANSFORMER/ntgl@3.1.2/com.nukateam.ntgl.modules.datapack.managers.NetworkEquipmentManager.m_5944_(NetworkEquipmentManager.java:29)
[10Aug2026 03:03:02.165] [Worker-Main-3/INFO] [STDERR/]: [com.nukateam.chassis_core.modules.config.utils.ConfigUtils:lambda$getConfigMap$2:74]: 	at TRANSFORMER/minecraft@1.20.1/net.minecraft.server.packs.resources.SimplePreparableReloadListener.m_10786_(SimplePreparableReloadListener.java:11)
[10Aug2026 03:03:02.166] [Worker-Main-3/INFO] [STDERR/]: [com.nukateam.chassis_core.modules.config.utils.ConfigUtils:lambda$getConfigMap$2:74]: 	at java.base/java.util.concurrent.CompletableFuture$AsyncSupply.run(CompletableFuture.java:1768)
[10Aug2026 03:03:02.166] [Worker-Main-3/INFO] [STDERR/]: [com.nukateam.chassis_core.modules.config.utils.ConfigUtils:lambda$getConfigMap$2:74]: 	at java.base/java.util.concurrent.CompletableFuture$AsyncSupply.exec(CompletableFuture.java:1760)
[10Aug2026 03:03:02.166] [Worker-Main-3/INFO] [STDERR/]: [com.nukateam.chassis_core.modules.config.utils.ConfigUtils:lambda$getConfigMap$2:74]: 	at java.base/java.util.concurrent.ForkJoinTask.doExec(ForkJoinTask.java:373)
[10Aug2026 03:03:02.166] [Worker-Main-3/INFO] [STDERR/]: [com.nukateam.chassis_core.modules.config.utils.ConfigUtils:lambda$getConfigMap$2:74]: 	at java.base/java.util.concurrent.ForkJoinPool$WorkQueue.topLevelExec(ForkJoinPool.java:1182)
[10Aug2026 03:03:02.166] [Worker-Main-3/INFO] [STDERR/]: [com.nukateam.chassis_core.modules.config.utils.ConfigUtils:lambda$getConfigMap$2:74]: 	at java.base/java.util.concurrent.ForkJoinPool.scan(ForkJoinPool.java:1655)
[10Aug2026 03:03:02.166] [Worker-Main-3/INFO] [STDERR/]: [com.nukateam.chassis_core.modules.config.utils.ConfigUtils:lambda$getConfigMap$2:74]: 	at java.base/java.util.concurrent.ForkJoinPool.runWorker(ForkJoinPool.java:1622)
[10Aug2026 03:03:02.166] [Worker-Main-3/INFO] [STDERR/]: [com.nukateam.chassis_core.modules.config.utils.ConfigUtils:lambda$getConfigMap$2:74]: 	at java.base/java.util.concurrent.ForkJoinWorkerThread.run(ForkJoinWorkerThread.java:165)
[10Aug2026 03:03:02.214] [Worker-Main-2/ERROR] [net.minecraftforge.common.ForgeHooks/]: Couldn't parse element loot_tables:bygonenether:blocks/cracked_withered_blackstone_vertical_slab
com.google.gson.JsonSyntaxException: Expected name to be an item, was unknown string 'bygonenether:cracked_withered_blackstone_vertical_slab'
	at net.minecraft.util.GsonHelper.m_13866_(GsonHelper.java:145) ~[server-1.20.1-20230612.114412-srg.jar%23225!/:?]
	at java.util.Optional.orElseThrow(Optional.java:403) ~[?:?]
	at net.minecraft.util.GsonHelper.m_13874_(GsonHelper.java:145) ~[server-1.20.1-20230612.114412-srg.jar%23225!/:?]
	at net.minecraft.util.GsonHelper.m_13909_(GsonHelper.java:153) ~[server-1.20.1-20230612.114412-srg.jar%23225!/:?]
	at net.minecraft.world.level.storage.loot.entries.LootItem$Serializer.m_7267_(LootItem.java:55) ~[server-1.20.1-20230612.114412-srg.jar%23225!/:?]
	at net.minecraft.world.level.storage.loot.entries.LootItem$Serializer.m_7267_(LootItem.java:40) ~[server-1.20.1-20230612.114412-srg.jar%23225!/:?]
	at net.minecraft.world.level.storage.loot.entries.LootPoolSingletonContainer$Serializer.m_5921_(LootPoolSingletonContainer.java:151) ~[server-1.20.1-20230612.114412-srg.jar%23225!/:?]
	at net.minecraft.world.level.storage.loot.entries.LootPoolSingletonContainer$Serializer.m_5921_(LootPoolSingletonContainer.java:129) ~[server-1.20.1-20230612.114412-srg.jar%23225!/:?]
	at net.minecraft.world.level.storage.loot.entries.LootPoolEntryContainer$Serializer.m_7561_(LootPoolEntryContainer.java:86) ~[server-1.20.1-20230612.114412-srg.jar%23225!/:?]
	at net.minecraft.world.level.storage.loot.entries.LootPoolEntryContainer$Serializer.m_7561_(LootPoolEntryContainer.java:74) ~[server-1.20.1-20230612.114412-srg.jar%23225!/:?]
	at net.minecraft.world.level.storage.loot.GsonAdapterFactory$JsonAdapter.deserialize(GsonAdapterFactory.java:102) ~[server-1.20.1-20230612.114412-srg.jar%23225!/:?]
	at com.google.gson.internal.bind.TreeTypeAdapter.read(TreeTypeAdapter.java:76) ~[gson-2.10.jar%2372!/:?]
	at com.google.gson.internal.bind.TypeAdapterRuntimeTypeWrapper.read(TypeAdapterRuntimeTypeWrapper.java:40) ~[gson-2.10.jar%2372!/:?]
	at com.google.gson.internal.bind.ArrayTypeAdapter.read(ArrayTypeAdapter.java:72) ~[gson-2.10.jar%2372!/:?]
	at com.google.gson.Gson.fromJson(Gson.java:1214) ~[gson-2.10.jar%2372!/:?]
	at com.google.gson.Gson.fromJson(Gson.java:1319) ~[gson-2.10.jar%2372!/:?]
	at com.google.gson.Gson.fromJson(Gson.java:1290) ~[gson-2.10.jar%2372!/:?]
	at com.google.gson.internal.bind.TreeTypeAdapter$GsonContextImpl.deserialize(TreeTypeAdapter.java:179) ~[gson-2.10.jar%2372!/:?]
	at net.minecraft.util.GsonHelper.m_13808_(GsonHelper.java:463) ~[server-1.20.1-20230612.114412-srg.jar%23225!/:?]
	at net.minecraft.util.GsonHelper.m_13836_(GsonHelper.java:471) ~[server-1.20.1-20230612.114412-srg.jar%23225!/:?]
	at net.minecraft.world.level.storage.loot.LootPool$Serializer.deserialize(LootPool.java:192) ~[server-1.20.1-20230612.114412-srg.jar%23225!/:?]
	at net.minecraft.world.level.storage.loot.LootPool$Serializer.deserialize(LootPool.java:189) ~[server-1.20.1-20230612.114412-srg.jar%23225!/:?]
	at com.google.gson.internal.bind.TreeTypeAdapter.read(TreeTypeAdapter.java:76) ~[gson-2.10.jar%2372!/:?]
	at com.google.gson.internal.bind.TypeAdapterRuntimeTypeWrapper.read(TypeAdapterRuntimeTypeWrapper.java:40) ~[gson-2.10.jar%2372!/:?]
	at com.google.gson.internal.bind.ArrayTypeAdapter.read(ArrayTypeAdapter.java:72) ~[gson-2.10.jar%2372!/:?]
	at com.google.gson.Gson.fromJson(Gson.java:1214) ~[gson-2.10.jar%2372!/:?]
	at com.google.gson.Gson.fromJson(Gson.java:1319) ~[gson-2.10.jar%2372!/:?]
	at com.google.gson.Gson.fromJson(Gson.java:1290) ~[gson-2.10.jar%2372!/:?]
	at com.google.gson.internal.bind.TreeTypeAdapter$GsonContextImpl.deserialize(TreeTypeAdapter.java:179) ~[gson-2.10.jar%2372!/:?]
	at net.minecraft.util.GsonHelper.m_13808_(GsonHelper.java:463) ~[server-1.20.1-20230612.114412-srg.jar%23225!/:?]
	at net.minecraft.util.GsonHelper.m_13845_(GsonHelper.java:481) ~[server-1.20.1-20230612.114412-srg.jar%23225!/:?]
	at net.minecraft.world.level.storage.loot.LootTable$Serializer.deserialize(LootTable.java:294) ~[server-1.20.1-20230612.114412-srg.jar%23225!/:?]
	at net.minecraft.world.level.storage.loot.LootTable$Serializer.deserialize(LootTable.java:291) ~[server-1.20.1-20230612.114412-srg.jar%23225!/:?]
	at com.google.gson.internal.bind.TreeTypeAdapter.read(TreeTypeAdapter.java:76) ~[gson-2.10.jar%2372!/:?]
	at com.google.gson.Gson.fromJson(Gson.java:1214) ~[gson-2.10.jar%2372!/:?]
	at com.google.gson.Gson.fromJson(Gson.java:1319) ~[gson-2.10.jar%2372!/:?]
	at com.google.gson.Gson.fromJson(Gson.java:1261) ~[gson-2.10.jar%2372!/:?]
	at net.minecraftforge.common.ForgeHooks.loadLootTable(ForgeHooks.java:871) ~[forge-1.20.1-47.3.7-universal.jar%23230!/:?]
	at net.minecraftforge.common.ForgeHooks.lambda$getLootTableDeserializer$3(ForgeHooks.java:848) ~[forge-1.20.1-47.3.7-universal.jar%23230!/:?]
	at net.minecraft.world.level.storage.loot.LootDataType.deserialize(LootDataType.java:45) ~[server-1.20.1-20230612.114412-srg.jar%23225!/:?]
	at net.minecraft.world.level.storage.loot.LootDataManager.lambda$scheduleElementParse$4(LootDataManager.java:56) ~[server-1.20.1-20230612.114412-srg.jar%23225!/:?]
	at java.util.HashMap.forEach(HashMap.java:1421) ~[?:?]
	at net.minecraft.world.level.storage.loot.LootDataManager.m_278660_(LootDataManager.java:55) ~[server-1.20.1-20230612.114412-srg.jar%23225!/:?]
	at java.util.concurrent.CompletableFuture$AsyncRun.run(CompletableFuture.java:1804) ~[?:?]
	at java.util.concurrent.CompletableFuture$AsyncRun.exec(CompletableFuture.java:1796) ~[?:?]
	at java.util.concurrent.ForkJoinTask.doExec(ForkJoinTask.java:373) ~[?:?]
	at java.util.concurrent.ForkJoinPool$WorkQueue.topLevelExec(ForkJoinPool.java:1182) ~[?:?]
	at java.util.concurrent.ForkJoinPool.scan(ForkJoinPool.java:1655) ~[?:?]
	at java.util.concurrent.ForkJoinPool.runWorker(ForkJoinPool.java:1622) ~[?:?]
	at java.util.concurrent.ForkJoinWorkerThread.run(ForkJoinWorkerThread.java:165) ~[?:?]
[10Aug2026 03:03:02.282] [Worker-Main-2/ERROR] [net.minecraftforge.common.ForgeHooks/]: Couldn't parse element loot_tables:bygonenether:blocks/warped_nether_brick_vertical_slab
java.lang.IllegalArgumentException: Can't find block bygonenether:warped_nether_brick_vertical_slab
	at net.minecraft.world.level.storage.loot.predicates.LootItemBlockStatePropertyCondition$Serializer.m_81802_(LootItemBlockStatePropertyCondition.java:79) ~[server-1.20.1-20230612.114412-srg.jar%23225!/:?]
	at java.util.Optional.orElseThrow(Optional.java:403) ~[?:?]
	at net.minecraft.world.level.storage.loot.predicates.LootItemBlockStatePropertyCondition$Serializer.m_7561_(LootItemBlockStatePropertyCondition.java:79) ~[server-1.20.1-20230612.114412-srg.jar%23225!/:?]
	at net.minecraft.world.level.storage.loot.predicates.LootItemBlockStatePropertyCondition$Serializer.m_7561_(LootItemBlockStatePropertyCondition.java:68) ~[server-1.20.1-20230612.114412-srg.jar%23225!/:?]
	at net.minecraft.world.level.storage.loot.GsonAdapterFactory$JsonAdapter.deserialize(GsonAdapterFactory.java:102) ~[server-1.20.1-20230612.114412-srg.jar%23225!/:?]
	at com.google.gson.internal.bind.TreeTypeAdapter.read(TreeTypeAdapter.java:76) ~[gson-2.10.jar%2372!/:?]
	at com.google.gson.internal.bind.TypeAdapterRuntimeTypeWrapper.read(TypeAdapterRuntimeTypeWrapper.java:40) ~[gson-2.10.jar%2372!/:?]
	at com.google.gson.internal.bind.ArrayTypeAdapter.read(ArrayTypeAdapter.java:72) ~[gson-2.10.jar%2372!/:?]
	at com.google.gson.Gson.fromJson(Gson.java:1214) ~[gson-2.10.jar%2372!/:?]
	at com.google.gson.Gson.fromJson(Gson.java:1319) ~[gson-2.10.jar%2372!/:?]
	at com.google.gson.Gson.fromJson(Gson.java:1290) ~[gson-2.10.jar%2372!/:?]
	at com.google.gson.internal.bind.TreeTypeAdapter$GsonContextImpl.deserialize(TreeTypeAdapter.java:179) ~[gson-2.10.jar%2372!/:?]
	at net.minecraft.util.GsonHelper.m_13808_(GsonHelper.java:463) ~[server-1.20.1-20230612.114412-srg.jar%23225!/:?]
	at net.minecraft.util.GsonHelper.m_13845_(GsonHelper.java:481) ~[server-1.20.1-20230612.114412-srg.jar%23225!/:?]
	at net.minecraft.world.level.storage.loot.functions.LootItemConditionalFunction$Serializer.m_7561_(LootItemConditionalFunction.java:98) ~[server-1.20.1-20230612.114412-srg.jar%23225!/:?]
	at net.minecraft.world.level.storage.loot.functions.LootItemConditionalFunction$Serializer.m_7561_(LootItemConditionalFunction.java:88) ~[server-1.20.1-20230612.114412-srg.jar%23225!/:?]
	at net.minecraft.world.level.storage.loot.GsonAdapterFactory$JsonAdapter.deserialize(GsonAdapterFactory.java:102) ~[server-1.20.1-20230612.114412-srg.jar%23225!/:?]
	at com.google.gson.internal.bind.TreeTypeAdapter.read(TreeTypeAdapter.java:76) ~[gson-2.10.jar%2372!/:?]
	at com.google.gson.internal.bind.TypeAdapterRuntimeTypeWrapper.read(TypeAdapterRuntimeTypeWrapper.java:40) ~[gson-2.10.jar%2372!/:?]
	at com.google.gson.internal.bind.ArrayTypeAdapter.read(ArrayTypeAdapter.java:72) ~[gson-2.10.jar%2372!/:?]
	at com.google.gson.Gson.fromJson(Gson.java:1214) ~[gson-2.10.jar%2372!/:?]
	at com.google.gson.Gson.fromJson(Gson.java:1319) ~[gson-2.10.jar%2372!/:?]
	at com.google.gson.Gson.fromJson(Gson.java:1290) ~[gson-2.10.jar%2372!/:?]
	at com.google.gson.internal.bind.TreeTypeAdapter$GsonContextImpl.deserialize(TreeTypeAdapter.java:179) ~[gson-2.10.jar%2372!/:?]
	at net.minecraft.util.GsonHelper.m_13808_(GsonHelper.java:463) ~[server-1.20.1-20230612.114412-srg.jar%23225!/:?]
	at net.minecraft.util.GsonHelper.m_13845_(GsonHelper.java:481) ~[server-1.20.1-20230612.114412-srg.jar%23225!/:?]
	at net.minecraft.world.level.storage.loot.entries.LootPoolSingletonContainer$Serializer.m_5921_(LootPoolSingletonContainer.java:149) ~[server-1.20.1-20230612.114412-srg.jar%23225!/:?]
	at net.minecraft.world.level.storage.loot.entries.LootPoolSingletonContainer$Serializer.m_5921_(LootPoolSingletonContainer.java:129) ~[server-1.20.1-20230612.114412-srg.jar%23225!/:?]
	at net.minecraft.world.level.storage.loot.entries.LootPoolEntryContainer$Serializer.m_7561_(LootPoolEntryContainer.java:86) ~[server-1.20.1-20230612.114412-srg.jar%23225!/:?]
	at net.minecraft.world.level.storage.loot.entries.LootPoolEntryContainer$Serializer.m_7561_(LootPoolEntryContainer.java:74) ~[server-1.20.1-20230612.114412-srg.jar%23225!/:?]
	at net.minecraft.world.level.storage.loot.GsonAdapterFactory$JsonAdapter.deserialize(GsonAdapterFactory.java:102) ~[server-1.20.1-20230612.114412-srg.jar%23225!/:?]
	at com.google.gson.internal.bind.TreeTypeAdapter.read(TreeTypeAdapter.java:76) ~[gson-2.10.jar%2372!/:?]
	at com.google.gson.internal.bind.TypeAdapterRuntimeTypeWrapper.read(TypeAdapterRuntimeTypeWrapper.java:40) ~[gson-2.10.jar%2372!/:?]
	at com.google.gson.internal.bind.ArrayTypeAdapter.read(ArrayTypeAdapter.java:72) ~[gson-2.10.jar%2372!/:?]
	at com.google.gson.Gson.fromJson(Gson.java:1214) ~[gson-2.10.jar%2372!/:?]
	at com.google.gson.Gson.fromJson(Gson.java:1319) ~[gson-2.10.jar%2372!/:?]
	at com.google.gson.Gson.fromJson(Gson.java:1290) ~[gson-2.10.jar%2372!/:?]
	at com.google.gson.internal.bind.TreeTypeAdapter$GsonContextImpl.deserialize(TreeTypeAdapter.java:179) ~[gson-2.10.jar%2372!/:?]
	at net.minecraft.util.GsonHelper.m_13808_(GsonHelper.java:463) ~[server-1.20.1-20230612.114412-srg.jar%23225!/:?]
	at net.minecraft.util.GsonHelper.m_13836_(GsonHelper.java:471) ~[server-1.20.1-20230612.114412-srg.jar%23225!/:?]
	at net.minecraft.world.level.storage.loot.LootPool$Serializer.deserialize(LootPool.java:192) ~[server-1.20.1-20230612.114412-srg.jar%23225!/:?]
	at net.minecraft.world.level.storage.loot.LootPool$Serializer.deserialize(LootPool.java:189) ~[server-1.20.1-20230612.114412-srg.jar%23225!/:?]
	at com.google.gson.internal.bind.TreeTypeAdapter.read(TreeTypeAdapter.java:76) ~[gson-2.10.jar%2372!/:?]
	at com.google.gson.internal.bind.TypeAdapterRuntimeTypeWrapper.read(TypeAdapterRuntimeTypeWrapper.java:40) ~[gson-2.10.jar%2372!/:?]
	at com.google.gson.internal.bind.ArrayTypeAdapter.read(ArrayTypeAdapter.java:72) ~[gson-2.10.jar%2372!/:?]
	at com.google.gson.Gson.fromJson(Gson.java:1214) ~[gson-2.10.jar%2372!/:?]
	at com.google.gson.Gson.fromJson(Gson.java:1319) ~[gson-2.10.jar%2372!/:?]
	at com.google.gson.Gson.fromJson(Gson.java:1290) ~[gson-2.10.jar%2372!/:?]
	at com.google.gson.internal.bind.TreeTypeAdapter$GsonContextImpl.deserialize(TreeTypeAdapter.java:179) ~[gson-2.10.jar%2372!/:?]
	at net.minecraft.util.GsonHelper.m_13808_(GsonHelper.java:463) ~[server-1.20.1-20230612.114412-srg.jar%23225!/:?]
	at net.minecraft.util.GsonHelper.m_13845_(GsonHelper.java:481) ~[server-1.20.1-20230612.114412-srg.jar%23225!/:?]
	at net.minecraft.world.level.storage.loot.LootTable$Serializer.deserialize(LootTable.java:294) ~[server-1.20.1-20230612.114412-srg.jar%23225!/:?]
	at net.minecraft.world.level.storage.loot.LootTable$Serializer.deserialize(LootTable.java:291) ~[server-1.20.1-20230612.114412-srg.jar%23225!/:?]
	at com.google.gson.internal.bind.TreeTypeAdapter.read(TreeTypeAdapter.java:76) ~[gson-2.10.jar%2372!/:?]
	at com.google.gson.Gson.fromJson(Gson.java:1214) ~[gson-2.10.jar%2372!/:?]
	at com.google.gson.Gson.fromJson(Gson.java:1319) ~[gson-2.10.jar%2372!/:?]
	at com.google.gson.Gson.fromJson(Gson.java:1261) ~[gson-2.10.jar%2372!/:?]
	at net.minecraftforge.common.ForgeHooks.loadLootTable(ForgeHooks.java:871) ~[forge-1.20.1-47.3.7-universal.jar%23230!/:?]
	at net.minecraftforge.common.ForgeHooks.lambda$getLootTableDeserializer$3(ForgeHooks.java:848) ~[forge-1.20.1-47.3.7-universal.jar%23230!/:?]
	at net.minecraft.world.level.storage.loot.LootDataType.deserialize(LootDataType.java:45) ~[server-1.20.1-20230612.114412-srg.jar%23225!/:?]
	at net.minecraft.world.level.storage.loot.LootDataManager.lambda$scheduleElementParse$4(LootDataManager.java:56) ~[server-1.20.1-20230612.114412-srg.jar%23225!/:?]
	at java.util.HashMap.forEach(HashMap.java:1421) ~[?:?]
	at net.minecraft.world.level.storage.loot.LootDataManager.m_278660_(LootDataManager.java:55) ~[server-1.20.1-20230612.114412-srg.jar%23225!/:?]
	at java.util.concurrent.CompletableFuture$AsyncRun.run(CompletableFuture.java:1804) ~[?:?]
	at java.util.concurrent.CompletableFuture$AsyncRun.exec(CompletableFuture.java:1796) ~[?:?]
	at java.util.concurrent.ForkJoinTask.doExec(ForkJoinTask.java:373) ~[?:?]
	at java.util.concurrent.ForkJoinPool$WorkQueue.topLevelExec(ForkJoinPool.java:1182) ~[?:?]
	at java.util.concurrent.ForkJoinPool.scan(ForkJoinPool.java:1655) ~[?:?]
	at java.util.concurrent.ForkJoinPool.runWorker(ForkJoinPool.java:1622) ~[?:?]
	at java.util.concurrent.ForkJoinWorkerThread.run(ForkJoinWorkerThread.java:165) ~[?:?]
[10Aug2026 03:03:02.307] [main/INFO] [com.teamabnormals.blueprint.core.Blueprint/]: Loot Modification Manager has loaded 1 modifier groups
[10Aug2026 03:03:02.361] [main/WARN] [net.minecraft.world.level.storage.loot.LootDataManager/]: Found loot table element validation problem in {loot_tables:alexsmobs:gameplay/seal_reward}.pools[0].entries[0]->{minecraft:gameplay/fishing/junk}.pools[1].condition[1]: Parameters [<parameter minecraft:origin>] are not provided in this context
[10Aug2026 03:03:02.388] [main/INFO] [net.minecraft.world.item.crafting.RecipeManager/]: Skipping loading recipe endergetic:poise_slab_from_poise_stems_sawing as it's serializer returned null
[10Aug2026 03:03:02.390] [main/INFO] [net.minecraft.world.item.crafting.RecipeManager/]: Skipping loading recipe endergetic:poise_fence_from_poise_planks_sawing as it's serializer returned null
[10Aug2026 03:03:02.398] [main/INFO] [net.minecraft.world.item.crafting.RecipeManager/]: Skipping loading recipe supplementaries:inspirations/blackboard_clear as it's serializer returned null
[10Aug2026 03:03:02.399] [main/INFO] [net.minecraft.world.item.crafting.RecipeManager/]: Skipping loading recipe endergetic:poise_beehive as it's serializer returned null
[10Aug2026 03:03:02.401] [main/INFO] [net.minecraft.world.item.crafting.RecipeManager/]: Skipping loading recipe endergetic:cracked_purpur_block_from_baking as it's serializer returned null
[10Aug2026 03:03:02.402] [main/INFO] [net.minecraft.world.item.crafting.RecipeManager/]: Skipping loading recipe endergetic:poise_button_from_poise_stems_sawing as it's serializer returned null
[10Aug2026 03:03:02.416] [main/INFO] [net.minecraft.world.item.crafting.RecipeManager/]: Skipping loading recipe endergetic:poise_trapdoor_from_poise_stems_sawing as it's serializer returned null
[10Aug2026 03:03:02.428] [main/INFO] [net.minecraft.world.item.crafting.RecipeManager/]: Skipping loading recipe endergetic:poise_furnace_boat as it's serializer returned null
[10Aug2026 03:03:02.432] [main/INFO] [net.minecraft.world.item.crafting.RecipeManager/]: Skipping loading recipe supplementaries:inspirations/flag_dye as it's serializer returned null
[10Aug2026 03:03:02.432] [main/INFO] [net.minecraft.world.item.crafting.RecipeManager/]: Skipping loading recipe endergetic:poise_slab_from_poise_planks_sawing as it's serializer returned null
[10Aug2026 03:03:02.435] [main/INFO] [net.minecraft.world.item.crafting.RecipeManager/]: Skipping loading recipe endergetic:chiseled_poise_bookshelf as it's serializer returned null
[10Aug2026 03:03:02.436] [main/INFO] [net.minecraft.world.item.crafting.RecipeManager/]: Skipping loading recipe endergetic:poise_planks_from_poise_stems_sawing as it's serializer returned null
[10Aug2026 03:03:02.445] [main/INFO] [net.minecraft.world.item.crafting.RecipeManager/]: Skipping loading recipe endergetic:eumus_brick_from_baking as it's serializer returned null
[10Aug2026 03:03:02.466] [main/INFO] [net.minecraft.world.item.crafting.RecipeManager/]: Skipping loading recipe endergetic:poise_fence_gate_from_poise_stems_sawing as it's serializer returned null
[10Aug2026 03:03:02.468] [main/INFO] [net.minecraft.world.item.crafting.RecipeManager/]: Skipping loading recipe endergetic:poise_ladder as it's serializer returned null
[10Aug2026 03:03:02.468] [main/INFO] [net.minecraft.world.item.crafting.RecipeManager/]: Skipping loading recipe endergetic:poise_door_from_poise_stems_sawing as it's serializer returned null
[10Aug2026 03:03:02.469] [main/INFO] [net.minecraft.world.item.crafting.RecipeManager/]: Skipping loading recipe endergetic:trapped_poise_chest as it's serializer returned null
[10Aug2026 03:03:02.471] [main/INFO] [net.minecraft.world.item.crafting.RecipeManager/]: Skipping loading recipe supplementaries:inspirations/flag_clear as it's serializer returned null
[10Aug2026 03:03:02.472] [main/INFO] [net.minecraft.world.item.crafting.RecipeManager/]: Skipping loading recipe endergetic:cracked_eumus_bricks_from_baking as it's serializer returned null
[10Aug2026 03:03:02.474] [main/INFO] [net.minecraft.world.item.crafting.RecipeManager/]: Skipping loading recipe endergetic:poise_boards as it's serializer returned null
[10Aug2026 03:03:02.483] [main/INFO] [net.minecraft.world.item.crafting.RecipeManager/]: Skipping loading recipe endergetic:poise_sign_from_poise_stems_sawing as it's serializer returned null
[10Aug2026 03:03:02.483] [main/INFO] [net.minecraft.world.item.crafting.RecipeManager/]: Skipping loading recipe endergetic:poise_boards_from_poise_stems_sawing as it's serializer returned null
[10Aug2026 03:03:02.485] [main/ERROR] [net.minecraft.world.item.crafting.RecipeManager/]: Parsing error loading recipe supplementaries:slice_map: com.google.gson.JsonSyntaxException: Missing tag, expected to find a string
[10Aug2026 03:03:02.486] [main/INFO] [net.minecraft.world.item.crafting.RecipeManager/]: Skipping loading recipe endergetic:poise_stairs_from_poise_stems_sawing as it's serializer returned null
[10Aug2026 03:03:02.488] [main/INFO] [net.minecraft.world.item.crafting.RecipeManager/]: Skipping loading recipe endergetic:poise_button_from_poise_planks_sawing as it's serializer returned null
[10Aug2026 03:03:02.490] [main/INFO] [net.minecraft.world.item.crafting.RecipeManager/]: Skipping loading recipe endergetic:poise_bookshelf as it's serializer returned null
[10Aug2026 03:03:02.491] [main/INFO] [net.minecraft.world.item.crafting.RecipeManager/]: Skipping loading recipe endergetic:poise_boards_from_poise_planks_sawing as it's serializer returned null
[10Aug2026 03:03:02.497] [main/INFO] [net.minecraft.world.item.crafting.RecipeManager/]: Skipping loading recipe endergetic:poise_pressure_plate_from_poise_stems_sawing as it's serializer returned null
[10Aug2026 03:03:02.499] [main/INFO] [net.minecraft.world.item.crafting.RecipeManager/]: Skipping loading recipe endergetic:poise_fence_from_poise_stems_sawing as it's serializer returned null
[10Aug2026 03:03:02.500] [main/INFO] [net.minecraft.world.item.crafting.RecipeManager/]: Skipping loading recipe endergetic:large_poise_boat as it's serializer returned null
[10Aug2026 03:03:02.503] [main/INFO] [net.minecraft.world.item.crafting.RecipeManager/]: Skipping loading recipe endergetic:poise_stairs_from_poise_planks_sawing as it's serializer returned null
[10Aug2026 03:03:02.504] [main/INFO] [net.minecraft.world.item.crafting.RecipeManager/]: Skipping loading recipe endergetic:poise_ladder_from_poise_planks_sawing as it's serializer returned null
[10Aug2026 03:03:02.505] [main/INFO] [net.minecraft.world.item.crafting.RecipeManager/]: Skipping loading recipe endergetic:cracked_end_stone_bricks_from_baking as it's serializer returned null
[10Aug2026 03:03:02.507] [main/INFO] [net.minecraft.world.item.crafting.RecipeManager/]: Skipping loading recipe endergetic:poise_ladder_from_poise_stems_sawing as it's serializer returned null
[10Aug2026 03:03:02.508] [main/INFO] [net.minecraft.world.item.crafting.RecipeManager/]: Skipping loading recipe endergetic:poise_chest as it's serializer returned null
[10Aug2026 03:03:02.510] [main/INFO] [net.minecraft.world.item.crafting.RecipeManager/]: Loaded 19 recipes
[10Aug2026 03:03:02.516] [main/INFO] [com.teamabnormals.blueprint.core.Blueprint/]: Advancement Modification Manager has loaded 5 modifier groups
[10Aug2026 03:03:02.579] [main/ERROR] [net.minecraft.server.ServerAdvancementManager/]: Parsing error loading custom advancement supplementaries:recipes/planter_rich: Unknown item id 'farmersdelight:rich_soil'
[10Aug2026 03:03:02.712] [main/INFO] [net.minecraft.advancements.AdvancementList/]: Loaded 4161 advancements
[10Aug2026 03:03:02.720] [main/INFO] [placebo/]: Registered 0 additional recipes.
[10Aug2026 03:03:02.734] [main/INFO] [com.teamabnormals.blueprint.core.Blueprint/]: Chunk Generator Modification Manager has loaded 1 modifier groups
[10Aug2026 03:03:02.739] [main/WARN] [net.minecraftforge.common.loot.LootModifierManager/]: Could not decode GlobalLootModifier with json id bygonenether:soul_stone_from_block - error: Unknown registry key in ResourceKey[minecraft:root / forge:global_loot_modifier_serializers]: bygonenether:replace_item
[10Aug2026 03:03:02.739] [main/WARN] [net.minecraftforge.common.loot.LootModifierManager/]: Could not decode GlobalLootModifier with json id bygonenether:soul_stone_in_catacombs - error: Unknown registry key in ResourceKey[minecraft:root / forge:global_loot_modifier_serializers]: bygonenether:replace_item
[10Aug2026 03:03:02.749] [main/INFO] [Supplementaries/]: Loaded 27 flute songs
[10Aug2026 03:03:02.771] [main/INFO] [top.theillusivec4.curios.Curios/]: Loaded 16 curio slots
[10Aug2026 03:03:02.773] [main/INFO] [top.theillusivec4.curios.Curios/]: Loaded 11 curio entities
[10Aug2026 03:03:02.774] [main/INFO] [placebo/]: Registered 0 gear_sets.
[10Aug2026 03:03:02.848] [main/INFO] [Moonlight/]: Applied 16 data villager trades
[10Aug2026 03:03:02.872] [main/INFO] [Supplementaries/]: Finished additional setup in 15 ms
[10Aug2026 03:03:02.889] [main/WARN] [ModernFix/]: Initial datapack load took 3.733 s
[10Aug2026 03:03:03.052] [Server thread/INFO] [net.minecraft.server.dedicated.DedicatedServer/]: Starting minecraft server version 1.20.1
[10Aug2026 03:03:03.052] [Server thread/INFO] [net.minecraft.server.dedicated.DedicatedServer/]: Loading properties
[10Aug2026 03:03:03.052] [Server thread/INFO] [net.minecraft.server.dedicated.DedicatedServer/]: Default game type: SURVIVAL
[10Aug2026 03:03:03.052] [Server thread/INFO] [net.minecraft.server.MinecraftServer/]: Generating keypair
[10Aug2026 03:03:03.279] [Server thread/INFO] [net.minecraft.server.dedicated.DedicatedServer/]: Starting Minecraft server on *:25565
[10Aug2026 03:03:03.310] [Server thread/INFO] [net.minecraft.server.network.ServerConnectionListener/]: Using epoll channel type
[10Aug2026 03:03:03.429] [Server thread/WARN] [net.minecraft.server.dedicated.DedicatedServer/]: **** SERVER IS RUNNING IN OFFLINE/INSECURE MODE!
[10Aug2026 03:03:03.429] [Server thread/WARN] [net.minecraft.server.dedicated.DedicatedServer/]: The server will make no attempt to authenticate usernames. Beware.
[10Aug2026 03:03:03.429] [Server thread/WARN] [net.minecraft.server.dedicated.DedicatedServer/]: While this makes the game possible to play without internet access, it also opens up the ability for hackers to connect with any username they choose.
[10Aug2026 03:03:03.429] [Server thread/WARN] [net.minecraft.server.dedicated.DedicatedServer/]: To change this, set "online-mode" to "true" in the server.properties file.
[10Aug2026 03:03:03.606] [Server thread/INFO] [Framework/]: Loading server configs...
[10Aug2026 03:03:03.631] [Server thread/INFO] [terrablender/]: Initialized TerraBlender biomes for level stem minecraft:the_nether
[10Aug2026 03:03:04.375] [Server thread/INFO] [terrablender/]: Initialized TerraBlender biomes for level stem minecraft:overworld
[10Aug2026 03:03:04.376] [Server thread/INFO] [net.minecraft.server.dedicated.DedicatedServer/]: Preparing level "world"
[10Aug2026 03:03:05.565] [Server thread/WARN] [com.structureessentials.StructureEssentials/]: Non-unique structure_set salt:0 potentially creating overlapping structures detected. Structure sets: [minecraft:mineshafts, minecraft:strongholds, minecraft:buried_treasures]
[10Aug2026 03:03:05.565] [Server thread/WARN] [com.structureessentials.StructureEssentials/]: Non-unique structure_set salt:10387313 potentially creating overlapping structures detected. Structure sets: [minecraft:ocean_monuments, minecraft:end_cities]
[10Aug2026 03:03:05.566] [Server thread/WARN] [com.structureessentials.StructureEssentials/]: Non-unique structure_set salt:10387312 potentially creating overlapping structures detected. Structure sets: [minecraft:villages, nova_structures:villages_jungle, nova_structures:villages_swamp]
[10Aug2026 03:03:05.566] [Server thread/WARN] [com.structureessentials.StructureEssentials/]: Non-unique structure_set salt:4533232 potentially creating overlapping structures detected. Structure sets: [nova_structures:illager_camp, nova_structures:nether_camps]
[10Aug2026 03:03:05.567] [Server thread/WARN] [com.structureessentials.StructureEssentials/]: Non-unique structure_set salt:2 potentially creating overlapping structures detected. Structure sets: [alexscaves:ocean_trench, alexscaves:acid_pit]
[10Aug2026 03:03:05.567] [Server thread/WARN] [com.structureessentials.StructureEssentials/]: Non-unique structure_set salt:239021 potentially creating overlapping structures detected. Structure sets: [nova_structures:desert_ruins, nova_structures:jungle_ruins]
[10Aug2026 03:03:05.568] [Server thread/WARN] [com.structureessentials.StructureEssentials/]: Non-unique structure_set salt:3 potentially creating overlapping structures detected. Structure sets: [alexscaves:cake_cave, alexscaves:ferrocave]
[10Aug2026 03:03:05.568] [Server thread/WARN] [com.structureessentials.StructureEssentials/]: Non-unique structure_set salt:783 potentially creating overlapping structures detected. Structure sets: [nova_structures:taverns, nova_structures:badlands_miner_outpost]
[10Aug2026 03:03:05.569] [Server thread/INFO] [net.minecraft.server.MinecraftServer/]: Preparing start region for dimension minecraft:overworld
[10Aug2026 03:03:07.448] [Server thread/INFO] [net.minecraft.server.level.progress.LoggerChunkProgressListener/]: Preparing spawn area: 0%
[10Aug2026 03:03:07.449] [Server thread/INFO] [net.minecraft.server.level.progress.LoggerChunkProgressListener/]: Preparing spawn area: 0%
[10Aug2026 03:03:07.449] [Server thread/INFO] [net.minecraft.server.level.progress.LoggerChunkProgressListener/]: Preparing spawn area: 0%
[10Aug2026 03:03:07.449] [Server thread/INFO] [net.minecraft.server.level.progress.LoggerChunkProgressListener/]: Preparing spawn area: 0%
[10Aug2026 03:03:07.571] [Server thread/INFO] [net.minecraft.server.level.progress.LoggerChunkProgressListener/]: Preparing spawn area: 0%
[10Aug2026 03:03:08.110] [Worker-Main-1/INFO] [net.minecraft.server.level.progress.LoggerChunkProgressListener/]: Preparing spawn area: 95%
[10Aug2026 03:03:08.598] [Server thread/INFO] [net.minecraft.server.level.progress.LoggerChunkProgressListener/]: Preparing spawn area: 95%
[10Aug2026 03:03:09.509] [Server thread/INFO] [net.minecraft.server.level.progress.LoggerChunkProgressListener/]: Preparing spawn area: 95%
[10Aug2026 03:03:09.586] [Server thread/INFO] [net.minecraft.server.level.progress.LoggerChunkProgressListener/]: Preparing spawn area: 95%
[10Aug2026 03:03:11.250] [Worker-Main-1/INFO] [net.minecraft.server.level.progress.LoggerChunkProgressListener/]: Preparing spawn area: 95%
[10Aug2026 03:03:11.251] [Worker-Main-1/INFO] [net.minecraft.server.level.progress.LoggerChunkProgressListener/]: Preparing spawn area: 95%
[10Aug2026 03:03:11.252] [Worker-Main-1/INFO] [net.minecraft.server.level.progress.LoggerChunkProgressListener/]: Preparing spawn area: 95%
[10Aug2026 03:03:11.602] [Server thread/INFO] [net.minecraft.server.level.progress.LoggerChunkProgressListener/]: Preparing spawn area: 95%
[10Aug2026 03:03:12.159] [Worker-Main-1/INFO] [net.minecraft.server.level.progress.LoggerChunkProgressListener/]: Preparing spawn area: 95%
[10Aug2026 03:03:12.627] [Worker-Main-2/INFO] [net.minecraft.server.level.progress.LoggerChunkProgressListener/]: Preparing spawn area: 95%
[10Aug2026 03:03:13.078] [Worker-Main-3/INFO] [net.minecraft.server.level.progress.LoggerChunkProgressListener/]: Preparing spawn area: 95%
[10Aug2026 03:03:13.616] [Worker-Main-1/INFO] [net.minecraft.server.level.progress.LoggerChunkProgressListener/]: Preparing spawn area: 95%
[10Aug2026 03:03:13.676] [Server thread/ERROR] [net.minecraft.Util/]: POI data mismatch: already registered at BlockPos{x=-133, y=-32, z=77}
[10Aug2026 03:03:13.676] [Server thread/ERROR] [net.minecraft.Util/]: POI data mismatch: already registered at BlockPos{x=-131, y=-32, z=77}
[10Aug2026 03:03:14.077] [Worker-Main-2/INFO] [net.minecraft.server.level.progress.LoggerChunkProgressListener/]: Preparing spawn area: 99%
[10Aug2026 03:03:14.149] [Server thread/INFO] [net.minecraft.server.level.progress.LoggerChunkProgressListener/]: Time elapsed: 8579 ms
[10Aug2026 03:03:14.150] [Server thread/INFO] [net.minecraft.server.dedicated.DedicatedServer/]: Done (10.708s)! For help, type "help"
[10Aug2026 03:03:14.270] [Server thread/INFO] [net.minecraftforge.server.permission.PermissionAPI/]: Successfully initialized permission handler forge:default_handler
[10Aug2026 03:03:14.320] [Server thread/INFO] [org.admany.quantified.core.common.gpu.backend.VulkanProbeScheduler/]: Triggering Vulkan probe due to: server-start
[10Aug2026 03:03:14.322] [Server thread/INFO] [org.admany.quantified.core.common.gpu.backend.VulkanProbeScheduler/]: Scheduling Vulkan probe attempt #3 (server-start) in 0 ms
[10Aug2026 03:03:14.322] [Quantified-Vulkan-Probe-Scheduler/INFO] [org.admany.quantified.core.common.gpu.backend.VulkanProbeScheduler/]: Running Vulkan probe attempt #3 (server-start)
[10Aug2026 03:03:14.323] [Quantified-Vulkan-Probe-Scheduler/INFO] [org.admany.quantified.core.common.gpu.backend.VulkanRuntime/]: [Vulkan][Probe 2] Reprobe requested on thread 'Quantified-Vulkan-Probe-Scheduler' (group=main')
[10Aug2026 03:03:14.324] [Quantified-Vulkan-Probe-Scheduler/INFO] [org.admany.quantified.core.common.gpu.backend.VulkanRuntime/]: [Vulkan][Probe 2] Probe start on thread 'Quantified-Vulkan-Probe-Scheduler' LWJGL-stack=64 MiB
[10Aug2026 03:03:14.325] [Quantified-Vulkan-Probe-Scheduler/INFO] [org.admany.quantified.core.common.gpu.backend.VulkanRuntime/]: [Vulkan][Probe 2] Environment: os=Linux 6.8.0-1052-azure, arch=amd64, java=17.0.19, vendor=Ubuntu, lwjgl.stack.bytes=67108864, quantified.lwjgl.stackSizeBytes=67108864, quantified.lwjgl.stackSizeKb=65536, quantified.gpuThreadStackBytes=<unset>, quantified.gpuThreadStackKb=<unset>, quantified.probeThreadStackBytes=<unset>, quantified.probeThreadStackKb=<unset>, org.lwjgl.system.stackSizeKb=65536
[10Aug2026 03:03:14.325] [Quantified-Vulkan-Probe-Scheduler/INFO] [org.admany.quantified.core.common.gpu.backend.VulkanRuntime/]: [Vulkan][Probe 2] Loader env: VK_ICD_FILENAMES=<unset>, VK_DRIVER_FILES=<unset>, VK_LAYER_PATH=<unset>, VK_INSTANCE_LAYERS=<unset>, VK_LOADER_DEBUG=<unset>, VK_LOADER_LAYERS_DISABLE=<unset>
[10Aug2026 03:03:14.340] [Server thread/INFO] [com.github.alexthe666.iceandfire.IceAndFire/]: {iceandfire:fire_dragon_roost=true, iceandfire:fire_lily=true, iceandfire:spawn_dragon_skeleton_fire=true, iceandfire:lightning_dragon_roost=true, iceandfire:spawn_dragon_skeleton_lightning=true, iceandfire:ice_dragon_roost=true, iceandfire:ice_dragon_cave=true, iceandfire:lightning_dragon_cave=true, iceandfire:cyclops_cave=true, iceandfire:spawn_wandering_cyclops=true, iceandfire:spawn_sea_serpent=true, iceandfire:frost_lily=true, iceandfire:hydra_cave=true, iceandfire:lightning_lily=true, iceandfire:pixie_village=true, iceandfire:myrmex_hive_jungle=true, iceandfire:myrmex_hive_desert=true, iceandfire:silver_ore=true, iceandfire:siren_island=true, iceandfire:spawn_dragon_skeleton_ice=true, iceandfire:spawn_stymphalian_bird=true, iceandfire:fire_dragon_cave=true, iceandfire:sapphire_ore=true, iceandfire:spawn_hippocampus=true, iceandfire:spawn_death_worm=true}
[10Aug2026 03:03:14.341] [Server thread/INFO] [com.github.alexthe666.iceandfire.IceAndFire/]: {TROLL_S=true, HIPPOGRYPH=true, AMPHITHERE=true, COCKATRICE=true, TROLL_M=true, DREAD_LICH=true, TROLL_F=true}
[10Aug2026 03:03:14.344] [Server thread/INFO] [patchouli/]: Sending reload packet to clients
[10Aug2026 03:03:14.346] [Server thread/WARN] [ModernFix/]: Dedicated server took 43.943 seconds to load
[10Aug2026 03:03:14.571] [Quantified-Vulkan-Probe-Scheduler/INFO] [org.admany.quantified.core.common.gpu.backend.VulkanRuntime/]: [Vulkan][Probe 2] Launching isolated Vulkan probe: /usr/lib/jvm/java-17-openjdk-amd64/bin/java -Xms16m -Xmx256m -XX:MaxDirectMemorySize=128m -Xss16m -Dorg.lwjgl.system.stackSize=16384 -Dquantified.lwjgl.stackSizeKb=16384 -Dquantified.lwjgl.stackSizeBytes=16777216 -Dorg.lwjgl.system.SharedLibraryExtractPath=/workspaces/papuproyecto/servidor_minecraft/config/QuantifiedAPI/cache/tools/vulkanProbe/natives -Dorg.lwjgl.librarypath=/workspaces/papuproyecto/servidor_minecraft/config/QuantifiedAPI/cache/tools/vulkanProbe/natives -cp /workspaces/papuproyecto/servidor_minecraft/config/QuantifiedAPI/cache/tools/vulkanProbe/quantified-vulkan-probe.jar:/workspaces/papuproyecto/servidor_minecraft/config/QuantifiedAPI/cache/tools/vulkanProbe/lib/lwjgl-3.3.3-natives-linux-arm64.jar:/workspaces/papuproyecto/servidor_minecraft/config/QuantifiedAPI/cache/tools/vulkanProbe/lib/lwjgl-3.3.3-natives-linux.jar:/workspaces/papuproyecto/servidor_minecraft/config/QuantifiedAPI/cache/tools/vulkanProbe/lib/lwjgl-3.3.3-natives-windows.jar:/workspaces/papuproyecto/servidor_minecraft/config/QuantifiedAPI/cache/tools/vulkanProbe/lib/lwjgl-3.3.3.jar:/workspaces/papuproyecto/servidor_minecraft/config/QuantifiedAPI/cache/tools/vulkanProbe/lib/lwjgl-vulkan-3.3.3.jar org.admany.quantified.vulkan.probe.VulkanProbeEntrypoint [VK_LOADER_LAYERS_DISABLE=~implicit~, VK_LOADER_DEBUG=error]
[10Aug2026 03:03:14.649] [Quantified-Vulkan-Probe-Stdout/INFO] [org.admany.quantified.core.common.gpu.backend.VulkanRuntime/]: [Vulkan][Probe 2] [Subprocess] [probe] [heartbeat] startup
[10Aug2026 03:03:14.651] [Quantified-Vulkan-Probe-Stdout/INFO] [org.admany.quantified.core.common.gpu.backend.VulkanRuntime/]: [Vulkan][Probe 2] [Subprocess] [probe] [heartbeat] pre-librarypath-config
[10Aug2026 03:03:14.682] [Quantified-Vulkan-Probe-Stdout/INFO] [org.admany.quantified.core.common.gpu.backend.VulkanRuntime/]: [Vulkan][Probe 2] [Subprocess] [probe] java=17.0.19, vendor=Ubuntu, os=Linux 6.8.0-1052-azure, arch=amd64
[10Aug2026 03:03:14.690] [Quantified-Vulkan-Probe-Stdout/INFO] [org.admany.quantified.core.common.gpu.backend.VulkanRuntime/]: [Vulkan][Probe 2] [Subprocess] [probe] org.lwjgl.system.stackSizeKb=16384, quantified.lwjgl.stackSizeBytes=16777216
[10Aug2026 03:03:14.691] [Quantified-Vulkan-Probe-Stdout/INFO] [org.admany.quantified.core.common.gpu.backend.VulkanRuntime/]: [Vulkan][Probe 2] [Subprocess] [probe] java.library.path=/tmp/_MEIuXk0Wj:/usr/java/packages/lib:/usr/lib/x86_64-linux-gnu/jni:/lib/x86_64-linux-gnu:/usr/lib/x86_64-linux-gnu:/usr/lib/jni:/lib:/usr/lib
[10Aug2026 03:03:14.692] [Quantified-Vulkan-Probe-Stdout/INFO] [org.admany.quantified.core.common.gpu.backend.VulkanRuntime/]: [Vulkan][Probe 2] [Subprocess] [probe] org.lwjgl.librarypath=/workspaces/papuproyecto/servidor_minecraft/config/QuantifiedAPI/cache/tools/vulkanProbe/natives
[10Aug2026 03:03:14.692] [Quantified-Vulkan-Probe-Stdout/INFO] [org.admany.quantified.core.common.gpu.backend.VulkanRuntime/]: [Vulkan][Probe 2] [Subprocess] [probe] org.lwjgl.system.SharedLibraryExtractPath(original)=/workspaces/papuproyecto/servidor_minecraft/config/QuantifiedAPI/cache/tools/vulkanProbe/natives
[10Aug2026 03:03:14.694] [Quantified-Vulkan-Probe-Stdout/INFO] [org.admany.quantified.core.common.gpu.backend.VulkanRuntime/]: [Vulkan][Probe 2] [Subprocess] [probe] org.lwjgl.system.SharedLibraryExtractPath(effective)=/workspaces/papuproyecto/servidor_minecraft/config/QuantifiedAPI/cache/tools/vulkanProbe/natives
[10Aug2026 03:03:14.694] [Quantified-Vulkan-Probe-Stdout/INFO] [org.admany.quantified.core.common.gpu.backend.VulkanRuntime/]: [Vulkan][Probe 2] [Subprocess] [probe] [heartbeat] post-librarypath-config
[10Aug2026 03:03:14.704] [Quantified-Vulkan-Probe-Stdout/INFO] [org.admany.quantified.core.common.gpu.backend.VulkanRuntime/]: [Vulkan][Probe 2] [Subprocess] [probe] [heartbeat] pre-VK-init
[10Aug2026 03:03:14.866] [Quantified-Vulkan-Probe-Stdout/INFO] [org.admany.quantified.core.common.gpu.backend.VulkanRuntime/]: [Vulkan][Probe 2] [Subprocess] [LWJGL] Failed to load a library. Possible solutions:
[10Aug2026 03:03:14.868] [Quantified-Vulkan-Probe-Stdout/INFO] [org.admany.quantified.core.common.gpu.backend.VulkanRuntime/]: [Vulkan][Probe 2] [Subprocess] 	a) Install the library or the driver that provides the library.
[10Aug2026 03:03:14.868] [Quantified-Vulkan-Probe-Stdout/INFO] [org.admany.quantified.core.common.gpu.backend.VulkanRuntime/]: [Vulkan][Probe 2] [Subprocess] 	b) Ensure that the library is accessible from the system library paths.
[10Aug2026 03:03:14.868] [Quantified-Vulkan-Probe-Stdout/INFO] [org.admany.quantified.core.common.gpu.backend.VulkanRuntime/]: [Vulkan][Probe 2] [Subprocess] [LWJGL] Enable debug mode with -Dorg.lwjgl.util.Debug=true for better diagnostics.
[10Aug2026 03:03:14.869] [Quantified-Vulkan-Probe-Stdout/INFO] [org.admany.quantified.core.common.gpu.backend.VulkanRuntime/]: [Vulkan][Probe 2] [Subprocess] [LWJGL] Enable the SharedLibraryLoader debug mode with -Dorg.lwjgl.util.DebugLoader=true for better diagnostics.
[10Aug2026 03:03:14.871] [Quantified-Vulkan-Probe-Stdout/INFO] [org.admany.quantified.core.common.gpu.backend.VulkanRuntime/]: [Vulkan][Probe 2] [Subprocess] [probe] VK bootstrap failure: java.lang.UnsatisfiedLinkError: Failed to locate library: libvulkan.so.1
[10Aug2026 03:03:14.871] [Quantified-Vulkan-Probe-Stdout/INFO] [org.admany.quantified.core.common.gpu.backend.VulkanRuntime/]: [Vulkan][Probe 2] [Subprocess] java.lang.UnsatisfiedLinkError: Failed to locate library: libvulkan.so.1
[10Aug2026 03:03:14.871] [Quantified-Vulkan-Probe-Stdout/INFO] [org.admany.quantified.core.common.gpu.backend.VulkanRuntime/]: [Vulkan][Probe 2] [Subprocess] 	at org.lwjgl.system.Library.loadNative(Library.java:346)
[10Aug2026 03:03:14.871] [Quantified-Vulkan-Probe-Stdout/INFO] [org.admany.quantified.core.common.gpu.backend.VulkanRuntime/]: [Vulkan][Probe 2] [Subprocess] 	at org.lwjgl.system.Library.loadNative(Library.java:236)
[10Aug2026 03:03:14.872] [Quantified-Vulkan-Probe-Stdout/INFO] [org.admany.quantified.core.common.gpu.backend.VulkanRuntime/]: [Vulkan][Probe 2] [Subprocess] 	at org.lwjgl.system.Library.loadNative(Library.java:217)
[10Aug2026 03:03:14.872] [Quantified-Vulkan-Probe-Stdout/INFO] [org.admany.quantified.core.common.gpu.backend.VulkanRuntime/]: [Vulkan][Probe 2] [Subprocess] 	at org.lwjgl.system.Library.loadNative(Library.java:431)
[10Aug2026 03:03:14.872] [Quantified-Vulkan-Probe-Stdout/INFO] [org.admany.quantified.core.common.gpu.backend.VulkanRuntime/]: [Vulkan][Probe 2] [Subprocess] 	at org.lwjgl.system.Library.loadNative(Library.java:402)
[10Aug2026 03:03:14.872] [Quantified-Vulkan-Probe-Stdout/INFO] [org.admany.quantified.core.common.gpu.backend.VulkanRuntime/]: [Vulkan][Probe 2] [Subprocess] 	at org.lwjgl.vulkan.VK.create(VK.java:52)
[10Aug2026 03:03:14.872] [Quantified-Vulkan-Probe-Stdout/INFO] [org.admany.quantified.core.common.gpu.backend.VulkanRuntime/]: [Vulkan][Probe 2] [Subprocess] 	at org.lwjgl.vulkan.VK.<clinit>(VK.java:37)
[10Aug2026 03:03:14.872] [Quantified-Vulkan-Probe-Stdout/INFO] [org.admany.quantified.core.common.gpu.backend.VulkanRuntime/]: [Vulkan][Probe 2] [Subprocess] 	at java.base/java.lang.Class.forName0(Native Method)
[10Aug2026 03:03:14.872] [Quantified-Vulkan-Probe-Stdout/INFO] [org.admany.quantified.core.common.gpu.backend.VulkanRuntime/]: [Vulkan][Probe 2] [Subprocess] 	at java.base/java.lang.Class.forName(Class.java:377)
[10Aug2026 03:03:14.872] [Quantified-Vulkan-Probe-Stdout/INFO] [org.admany.quantified.core.common.gpu.backend.VulkanRuntime/]: [Vulkan][Probe 2] [Subprocess] 	at org.admany.quantified.vulkan.probe.VulkanProbeEntrypoint.bootstrapVulkanBinding(VulkanProbeEntrypoint.java:89)
[10Aug2026 03:03:14.873] [Quantified-Vulkan-Probe-Stdout/INFO] [org.admany.quantified.core.common.gpu.backend.VulkanRuntime/]: [Vulkan][Probe 2] [Subprocess] 	at org.admany.quantified.vulkan.probe.VulkanProbeEntrypoint.main(VulkanProbeEntrypoint.java:69)
[10Aug2026 03:03:14.873] [Quantified-Vulkan-Probe-Stdout/INFO] [org.admany.quantified.core.common.gpu.backend.VulkanRuntime/]: [Vulkan][Probe 2] [Subprocess] [probe] [heartbeat] post-VK-init-failed
[10Aug2026 03:03:14.873] [Quantified-Vulkan-Probe-Stdout/INFO] [org.admany.quantified.core.common.gpu.backend.VulkanRuntime/]: [Vulkan][Probe 2] [Subprocess] [probe] [heartbeat] done
[10Aug2026 03:03:14.873] [Quantified-Vulkan-Probe-Stdout/INFO] [org.admany.quantified.core.common.gpu.backend.VulkanRuntime/]: [Vulkan][Probe 2] [Subprocess] {"ok":false,"code":"vk_class_init_failed","maxApiVersion":0,"selectedApiVersion":0,"devices":[],"failure":"UnsatisfiedLinkError: Failed to locate library: libvulkan.so.1"}
[10Aug2026 03:03:14.890] [Quantified-Vulkan-Probe-Scheduler/WARN] [org.admany.quantified.core.common.gpu.backend.VulkanRuntime/]: [Vulkan][Probe 2] UnsatisfiedLinkError: Failed to locate library: libvulkan.so.1
[10Aug2026 03:03:14.891] [Quantified-Vulkan-Probe-Scheduler/WARN] [org.admany.quantified.core.common.gpu.backend.VulkanProbeScheduler/]: Vulkan probe attempts exhausted; giving up after 3 tries
[10Aug2026 03:03:42.052] [Server thread/WARN] [net.minecraft.network.syncher.SynchedEntityData/]: defineId called for: class net.minecraft.world.entity.player.Player from class tschipp.carryon.common.carry.CarryOnDataManager
[10Aug2026 03:03:42.119] [Server thread/INFO] [net.minecraft.server.players.PlayerList/]: Darkiumoun[/100.76.89.1:51385] logged in with entity id 878 at (-192.6361158460616, 81.0, 276.47694423454)
[10Aug2026 03:03:42.194] [Server thread/INFO] [ModernFix/]: Using enhanced recipe sync for player Darkiumoun
[10Aug2026 03:03:42.260] [Server thread/INFO] [net.minecraft.server.MinecraftServer/]: Darkiumoun joined the game
[10Aug2026 03:03:42.490] [Server thread/INFO] [me.edoren.skin_changer.server.SkinProviderController/]: Player Darkiumoun just logged in with id c4e857d5-16b0-386e-b080-ca2361fd0700
[10Aug2026 03:03:42.495] [ForkJoinPool-4-worker-1/INFO] [me.edoren.skin_changer.server.SkinProviderController/]: Loading local skin for player Darkiumoun[c4e857d5-16b0-386e-b080-ca2361fd0700]
[10Aug2026 03:03:42.525] [Server thread/INFO] [Jade/]: Syncing config to Darkiumoun (c4e857d5-16b0-386e-b080-ca2361fd0700)
[10Aug2026 03:03:42.584] [ForkJoinPool-4-worker-1/INFO] [me.edoren.skin_changer.common.NetworkUtils/]: File https://playerdb.co/api/player/minecraft/Darkiumoun downloaded
[10Aug2026 03:03:42.792] [ForkJoinPool-4-worker-1/INFO] [me.edoren.skin_changer.common.NetworkUtils/]: Error downloading file https://crafatar.com/capes/2f6a3eaf-5eba-45cd-94b6-342e7f37203f
[10Aug2026 03:03:47.025] [Server thread/INFO] [net.minecraft.server.MinecraftServer/]: Darkiumoun has reached the goal [Sky's the Limit]
[10Aug2026 03:03:51.949] [Quantified-Vulkan-Probe-Scheduler/INFO] [org.admany.quantified.core.common.gpu.backend.VulkanProbeScheduler/]: Running Vulkan probe attempt #2 (retry:unavailable)
[10Aug2026 03:03:51.949] [Quantified-Vulkan-Probe-Scheduler/INFO] [org.admany.quantified.core.common.gpu.backend.VulkanRuntime/]: [Vulkan][Probe 3] Reprobe requested on thread 'Quantified-Vulkan-Probe-Scheduler' (group=main')
[10Aug2026 03:03:51.949] [Quantified-Vulkan-Probe-Scheduler/INFO] [org.admany.quantified.core.common.gpu.backend.VulkanRuntime/]: [Vulkan][Probe 3] Probe start on thread 'Quantified-Vulkan-Probe-Scheduler' LWJGL-stack=64 MiB
[10Aug2026 03:03:51.949] [Quantified-Vulkan-Probe-Scheduler/INFO] [org.admany.quantified.core.common.gpu.backend.VulkanRuntime/]: [Vulkan][Probe 3] Environment: os=Linux 6.8.0-1052-azure, arch=amd64, java=17.0.19, vendor=Ubuntu, lwjgl.stack.bytes=67108864, quantified.lwjgl.stackSizeBytes=67108864, quantified.lwjgl.stackSizeKb=65536, quantified.gpuThreadStackBytes=<unset>, quantified.gpuThreadStackKb=<unset>, quantified.probeThreadStackBytes=<unset>, quantified.probeThreadStackKb=<unset>, org.lwjgl.system.stackSizeKb=65536
[10Aug2026 03:03:51.949] [Quantified-Vulkan-Probe-Scheduler/INFO] [org.admany.quantified.core.common.gpu.backend.VulkanRuntime/]: [Vulkan][Probe 3] Loader env: VK_ICD_FILENAMES=<unset>, VK_DRIVER_FILES=<unset>, VK_LAYER_PATH=<unset>, VK_INSTANCE_LAYERS=<unset>, VK_LOADER_DEBUG=<unset>, VK_LOADER_LAYERS_DISABLE=<unset>
[10Aug2026 03:03:52.139] [Quantified-Vulkan-Probe-Scheduler/INFO] [org.admany.quantified.core.common.gpu.backend.VulkanRuntime/]: [Vulkan][Probe 3] Launching isolated Vulkan probe: /usr/lib/jvm/java-17-openjdk-amd64/bin/java -Xms16m -Xmx256m -XX:MaxDirectMemorySize=128m -Xss16m -Dorg.lwjgl.system.stackSize=16384 -Dquantified.lwjgl.stackSizeKb=16384 -Dquantified.lwjgl.stackSizeBytes=16777216 -Dorg.lwjgl.system.SharedLibraryExtractPath=/workspaces/papuproyecto/servidor_minecraft/config/QuantifiedAPI/cache/tools/vulkanProbe/natives -Dorg.lwjgl.librarypath=/workspaces/papuproyecto/servidor_minecraft/config/QuantifiedAPI/cache/tools/vulkanProbe/natives -cp /workspaces/papuproyecto/servidor_minecraft/config/QuantifiedAPI/cache/tools/vulkanProbe/quantified-vulkan-probe.jar:/workspaces/papuproyecto/servidor_minecraft/config/QuantifiedAPI/cache/tools/vulkanProbe/lib/lwjgl-3.3.3-natives-linux-arm64.jar:/workspaces/papuproyecto/servidor_minecraft/config/QuantifiedAPI/cache/tools/vulkanProbe/lib/lwjgl-3.3.3-natives-linux.jar:/workspaces/papuproyecto/servidor_minecraft/config/QuantifiedAPI/cache/tools/vulkanProbe/lib/lwjgl-3.3.3-natives-windows.jar:/workspaces/papuproyecto/servidor_minecraft/config/QuantifiedAPI/cache/tools/vulkanProbe/lib/lwjgl-3.3.3.jar:/workspaces/papuproyecto/servidor_minecraft/config/QuantifiedAPI/cache/tools/vulkanProbe/lib/lwjgl-vulkan-3.3.3.jar org.admany.quantified.vulkan.probe.VulkanProbeEntrypoint [VK_LOADER_LAYERS_DISABLE=~implicit~, VK_LOADER_DEBUG=error]
[10Aug2026 03:03:52.211] [Quantified-Vulkan-Probe-Stdout/INFO] [org.admany.quantified.core.common.gpu.backend.VulkanRuntime/]: [Vulkan][Probe 3] [Subprocess] [probe] [heartbeat] startup
[10Aug2026 03:03:52.212] [Quantified-Vulkan-Probe-Stdout/INFO] [org.admany.quantified.core.common.gpu.backend.VulkanRuntime/]: [Vulkan][Probe 3] [Subprocess] [probe] [heartbeat] pre-librarypath-config
[10Aug2026 03:03:52.237] [Quantified-Vulkan-Probe-Stdout/INFO] [org.admany.quantified.core.common.gpu.backend.VulkanRuntime/]: [Vulkan][Probe 3] [Subprocess] [probe] java=17.0.19, vendor=Ubuntu, os=Linux 6.8.0-1052-azure, arch=amd64
[10Aug2026 03:03:52.246] [Quantified-Vulkan-Probe-Stdout/INFO] [org.admany.quantified.core.common.gpu.backend.VulkanRuntime/]: [Vulkan][Probe 3] [Subprocess] [probe] org.lwjgl.system.stackSizeKb=16384, quantified.lwjgl.stackSizeBytes=16777216
[10Aug2026 03:03:52.246] [Quantified-Vulkan-Probe-Stdout/INFO] [org.admany.quantified.core.common.gpu.backend.VulkanRuntime/]: [Vulkan][Probe 3] [Subprocess] [probe] java.library.path=/tmp/_MEIuXk0Wj:/usr/java/packages/lib:/usr/lib/x86_64-linux-gnu/jni:/lib/x86_64-linux-gnu:/usr/lib/x86_64-linux-gnu:/usr/lib/jni:/lib:/usr/lib
[10Aug2026 03:03:52.246] [Quantified-Vulkan-Probe-Stdout/INFO] [org.admany.quantified.core.common.gpu.backend.VulkanRuntime/]: [Vulkan][Probe 3] [Subprocess] [probe] org.lwjgl.librarypath=/workspaces/papuproyecto/servidor_minecraft/config/QuantifiedAPI/cache/tools/vulkanProbe/natives
[10Aug2026 03:03:52.246] [Quantified-Vulkan-Probe-Stdout/INFO] [org.admany.quantified.core.common.gpu.backend.VulkanRuntime/]: [Vulkan][Probe 3] [Subprocess] [probe] org.lwjgl.system.SharedLibraryExtractPath(original)=/workspaces/papuproyecto/servidor_minecraft/config/QuantifiedAPI/cache/tools/vulkanProbe/natives
[10Aug2026 03:03:52.249] [Quantified-Vulkan-Probe-Stdout/INFO] [org.admany.quantified.core.common.gpu.backend.VulkanRuntime/]: [Vulkan][Probe 3] [Subprocess] [probe] org.lwjgl.system.SharedLibraryExtractPath(effective)=/workspaces/papuproyecto/servidor_minecraft/config/QuantifiedAPI/cache/tools/vulkanProbe/natives
[10Aug2026 03:03:52.249] [Quantified-Vulkan-Probe-Stdout/INFO] [org.admany.quantified.core.common.gpu.backend.VulkanRuntime/]: [Vulkan][Probe 3] [Subprocess] [probe] [heartbeat] post-librarypath-config
[10Aug2026 03:03:52.261] [Quantified-Vulkan-Probe-Stdout/INFO] [org.admany.quantified.core.common.gpu.backend.VulkanRuntime/]: [Vulkan][Probe 3] [Subprocess] [probe] [heartbeat] pre-VK-init
[10Aug2026 03:03:52.421] [Quantified-Vulkan-Probe-Stdout/INFO] [org.admany.quantified.core.common.gpu.backend.VulkanRuntime/]: [Vulkan][Probe 3] [Subprocess] [LWJGL] Failed to load a library. Possible solutions:
[10Aug2026 03:03:52.421] [Quantified-Vulkan-Probe-Stdout/INFO] [org.admany.quantified.core.common.gpu.backend.VulkanRuntime/]: [Vulkan][Probe 3] [Subprocess] 	a) Install the library or the driver that provides the library.
[10Aug2026 03:03:52.421] [Quantified-Vulkan-Probe-Stdout/INFO] [org.admany.quantified.core.common.gpu.backend.VulkanRuntime/]: [Vulkan][Probe 3] [Subprocess] 	b) Ensure that the library is accessible from the system library paths.
[10Aug2026 03:03:52.421] [Quantified-Vulkan-Probe-Stdout/INFO] [org.admany.quantified.core.common.gpu.backend.VulkanRuntime/]: [Vulkan][Probe 3] [Subprocess] [LWJGL] Enable debug mode with -Dorg.lwjgl.util.Debug=true for better diagnostics.
[10Aug2026 03:03:52.421] [Quantified-Vulkan-Probe-Stdout/INFO] [org.admany.quantified.core.common.gpu.backend.VulkanRuntime/]: [Vulkan][Probe 3] [Subprocess] [LWJGL] Enable the SharedLibraryLoader debug mode with -Dorg.lwjgl.util.DebugLoader=true for better diagnostics.
[10Aug2026 03:03:52.421] [Quantified-Vulkan-Probe-Stdout/INFO] [org.admany.quantified.core.common.gpu.backend.VulkanRuntime/]: [Vulkan][Probe 3] [Subprocess] [probe] VK bootstrap failure: java.lang.UnsatisfiedLinkError: Failed to locate library: libvulkan.so.1
[10Aug2026 03:03:52.422] [Quantified-Vulkan-Probe-Stdout/INFO] [org.admany.quantified.core.common.gpu.backend.VulkanRuntime/]: [Vulkan][Probe 3] [Subprocess] java.lang.UnsatisfiedLinkError: Failed to locate library: libvulkan.so.1
[10Aug2026 03:03:52.422] [Quantified-Vulkan-Probe-Stdout/INFO] [org.admany.quantified.core.common.gpu.backend.VulkanRuntime/]: [Vulkan][Probe 3] [Subprocess] 	at org.lwjgl.system.Library.loadNative(Library.java:346)
[10Aug2026 03:03:52.422] [Quantified-Vulkan-Probe-Stdout/INFO] [org.admany.quantified.core.common.gpu.backend.VulkanRuntime/]: [Vulkan][Probe 3] [Subprocess] 	at org.lwjgl.system.Library.loadNative(Library.java:236)
[10Aug2026 03:03:52.422] [Quantified-Vulkan-Probe-Stdout/INFO] [org.admany.quantified.core.common.gpu.backend.VulkanRuntime/]: [Vulkan][Probe 3] [Subprocess] 	at org.lwjgl.system.Library.loadNative(Library.java:217)
[10Aug2026 03:03:52.422] [Quantified-Vulkan-Probe-Stdout/INFO] [org.admany.quantified.core.common.gpu.backend.VulkanRuntime/]: [Vulkan][Probe 3] [Subprocess] 	at org.lwjgl.system.Library.loadNative(Library.java:431)
[10Aug2026 03:03:52.422] [Quantified-Vulkan-Probe-Stdout/INFO] [org.admany.quantified.core.common.gpu.backend.VulkanRuntime/]: [Vulkan][Probe 3] [Subprocess] 	at org.lwjgl.system.Library.loadNative(Library.java:402)
[10Aug2026 03:03:52.422] [Quantified-Vulkan-Probe-Stdout/INFO] [org.admany.quantified.core.common.gpu.backend.VulkanRuntime/]: [Vulkan][Probe 3] [Subprocess] 	at org.lwjgl.vulkan.VK.create(VK.java:52)
[10Aug2026 03:03:52.422] [Quantified-Vulkan-Probe-Stdout/INFO] [org.admany.quantified.core.common.gpu.backend.VulkanRuntime/]: [Vulkan][Probe 3] [Subprocess] 	at org.lwjgl.vulkan.VK.<clinit>(VK.java:37)
[10Aug2026 03:03:52.422] [Quantified-Vulkan-Probe-Stdout/INFO] [org.admany.quantified.core.common.gpu.backend.VulkanRuntime/]: [Vulkan][Probe 3] [Subprocess] 	at java.base/java.lang.Class.forName0(Native Method)
[10Aug2026 03:03:52.423] [Quantified-Vulkan-Probe-Stdout/INFO] [org.admany.quantified.core.common.gpu.backend.VulkanRuntime/]: [Vulkan][Probe 3] [Subprocess] 	at java.base/java.lang.Class.forName(Class.java:377)
[10Aug2026 03:03:52.423] [Quantified-Vulkan-Probe-Stdout/INFO] [org.admany.quantified.core.common.gpu.backend.VulkanRuntime/]: [Vulkan][Probe 3] [Subprocess] 	at org.admany.quantified.vulkan.probe.VulkanProbeEntrypoint.bootstrapVulkanBinding(VulkanProbeEntrypoint.java:89)
[10Aug2026 03:03:52.423] [Quantified-Vulkan-Probe-Stdout/INFO] [org.admany.quantified.core.common.gpu.backend.VulkanRuntime/]: [Vulkan][Probe 3] [Subprocess] 	at org.admany.quantified.vulkan.probe.VulkanProbeEntrypoint.main(VulkanProbeEntrypoint.java:69)
[10Aug2026 03:03:52.423] [Quantified-Vulkan-Probe-Stdout/INFO] [org.admany.quantified.core.common.gpu.backend.VulkanRuntime/]: [Vulkan][Probe 3] [Subprocess] [probe] [heartbeat] post-VK-init-failed
[10Aug2026 03:03:52.423] [Quantified-Vulkan-Probe-Stdout/INFO] [org.admany.quantified.core.common.gpu.backend.VulkanRuntime/]: [Vulkan][Probe 3] [Subprocess] [probe] [heartbeat] done
[10Aug2026 03:03:52.423] [Quantified-Vulkan-Probe-Stdout/INFO] [org.admany.quantified.core.common.gpu.backend.VulkanRuntime/]: [Vulkan][Probe 3] [Subprocess] {"ok":false,"code":"vk_class_init_failed","maxApiVersion":0,"selectedApiVersion":0,"devices":[],"failure":"UnsatisfiedLinkError: Failed to locate library: libvulkan.so.1"}
[10Aug2026 03:03:52.430] [Quantified-Vulkan-Probe-Scheduler/WARN] [org.admany.quantified.core.common.gpu.backend.VulkanRuntime/]: [Vulkan][Probe 3] UnsatisfiedLinkError: Failed to locate library: libvulkan.so.1
[10Aug2026 03:03:52.431] [Quantified-Vulkan-Probe-Scheduler/WARN] [org.admany.quantified.core.common.gpu.backend.VulkanProbeScheduler/]: Vulkan probe attempts exhausted; giving up after 3 tries
[10Aug2026 03:04:06.247] [Server thread/WARN] [net.minecraft.server.network.ServerGamePacketListenerImpl/]: Darkiumoun moved too quickly! 10.9352819191609,-0.19404113592275962,-14.959243100945521
[10Aug2026 03:04:19.350] [Server thread/WARN] [net.minecraft.server.network.ServerGamePacketListenerImpl/]: Darkiumoun moved too quickly! 10.535816646033936,3.066101865150415,-14.331868455526944
[10Aug2026 03:05:11.768] [Server thread/INFO] [net.minecraft.server.network.ServerGamePacketListenerImpl/]: Darkiumoun lost connection: Disconnected
[10Aug2026 03:05:11.768] [Server thread/INFO] [net.minecraft.server.MinecraftServer/]: Darkiumoun left the game
[10Aug2026 03:05:11.768] [Server thread/INFO] [me.edoren.skin_changer.server.SkinProviderController/]: Removing session data for player Darkiumoun[c4e857d5-16b0-386e-b080-ca2361fd0700]
[10Aug2026 03:05:11.836] [Server thread/WARN] [net.minecraft.server.MinecraftServer/]: Can't keep up! Is the server overloaded? Running 51037ms or 1020 ticks behind
[10Aug2026 03:05:11.850] [Server thread/WARN] [net.minecraft.network.Connection/]: handleDisconnection() called twice
[10Aug2026 03:05:12.948] [Server thread/INFO] [net.minecraft.server.players.PlayerList/]: Darkiumoun[/100.76.89.1:51397] logged in with entity id 2186 at (330.84488371908316, 140.3869836428732, -301.91984189220926)
[10Aug2026 03:05:12.977] [Server thread/INFO] [ModernFix/]: Using enhanced recipe sync for player Darkiumoun
[10Aug2026 03:05:13.006] [Server thread/INFO] [net.minecraft.server.MinecraftServer/]: Darkiumoun joined the game
[10Aug2026 03:05:13.027] [Server thread/INFO] [me.edoren.skin_changer.server.SkinProviderController/]: Player Darkiumoun just logged in with id c4e857d5-16b0-386e-b080-ca2361fd0700
[10Aug2026 03:05:13.030] [Server thread/INFO] [Jade/]: Syncing config to Darkiumoun (c4e857d5-16b0-386e-b080-ca2361fd0700)
[10Aug2026 03:05:13.030] [ForkJoinPool-4-worker-2/INFO] [me.edoren.skin_changer.server.SkinProviderController/]: Loading local skin for player Darkiumoun[c4e857d5-16b0-386e-b080-ca2361fd0700]
[10Aug2026 03:05:13.122] [ForkJoinPool-4-worker-2/INFO] [me.edoren.skin_changer.common.NetworkUtils/]: File https://playerdb.co/api/player/minecraft/Darkiumoun downloaded
[10Aug2026 03:05:13.305] [ForkJoinPool-4-worker-2/INFO] [me.edoren.skin_changer.common.NetworkUtils/]: Error downloading file https://crafatar.com/capes/2f6a3eaf-5eba-45cd-94b6-342e7f37203f
[10Aug2026 03:07:00.436] [Server thread/INFO] [net.minecraft.server.network.ServerGamePacketListenerImpl/]: Darkiumoun lost connection: Disconnected
[10Aug2026 03:07:00.436] [Server thread/INFO] [net.minecraft.server.MinecraftServer/]: Darkiumoun left the game
[10Aug2026 03:07:00.437] [Server thread/INFO] [me.edoren.skin_changer.server.SkinProviderController/]: Removing session data for player Darkiumoun[c4e857d5-16b0-386e-b080-ca2361fd0700]
[10Aug2026 03:07:00.447] [Server thread/INFO] [net.minecraft.server.MinecraftServer/]: /advancement (grant|revoke)
[10Aug2026 03:07:00.447] [Server thread/INFO] [net.minecraft.server.MinecraftServer/]: /attribute <target> <attribute> (get|base|modifier)
[10Aug2026 03:07:00.447] [Server thread/INFO] [net.minecraft.server.MinecraftServer/]: /execute (run|if|unless|as|at|store|positioned|rotated|facing|align|anchored|in|summon|on)
[10Aug2026 03:07:00.447] [Server thread/INFO] [net.minecraft.server.MinecraftServer/]: /bossbar (add|remove|list|set|get)
[10Aug2026 03:07:00.448] [Server thread/INFO] [net.minecraft.server.MinecraftServer/]: /clear [<targets>]
[10Aug2026 03:07:00.448] [Server thread/INFO] [net.minecraft.server.MinecraftServer/]: /clone (<begin>|from)
[10Aug2026 03:07:00.448] [Server thread/INFO] [net.minecraft.server.MinecraftServer/]: /damage <target> <amount> [<damageType>]
[10Aug2026 03:07:00.448] [Server thread/INFO] [net.minecraft.server.MinecraftServer/]: /data (merge|get|remove|modify)
[10Aug2026 03:07:00.448] [Server thread/INFO] [net.minecraft.server.MinecraftServer/]: /datapack (enable|disable|list)
[10Aug2026 03:07:00.448] [Server thread/INFO] [net.minecraft.server.MinecraftServer/]: /debug (start|stop|function)
[10Aug2026 03:07:00.448] [Server thread/INFO] [net.minecraft.server.MinecraftServer/]: /defaultgamemode <gamemode>
[10Aug2026 03:07:00.448] [Server thread/INFO] [net.minecraft.server.MinecraftServer/]: /difficulty [peaceful|easy|normal|hard]
[10Aug2026 03:07:00.448] [Server thread/INFO] [net.minecraft.server.MinecraftServer/]: /effect (clear|give)
[10Aug2026 03:07:00.448] [Server thread/INFO] [net.minecraft.server.MinecraftServer/]: /me <action>
[10Aug2026 03:07:00.449] [Server thread/INFO] [net.minecraft.server.MinecraftServer/]: /enchant <targets> <enchantment> [<level>]
[10Aug2026 03:07:00.449] [Server thread/INFO] [net.minecraft.server.MinecraftServer/]: /experience (add|set|query)
[10Aug2026 03:07:00.449] [Server thread/INFO] [net.minecraft.server.MinecraftServer/]: /xp -> experience
[10Aug2026 03:07:00.449] [Server thread/INFO] [net.minecraft.server.MinecraftServer/]: /fill <from> <to> <block> [replace|keep|outline|hollow|destroy]
[10Aug2026 03:07:00.449] [Server thread/INFO] [net.minecraft.server.MinecraftServer/]: /fillbiome <from> <to> <biome> [replace]
[10Aug2026 03:07:00.449] [Server thread/INFO] [net.minecraft.server.MinecraftServer/]: /forceload (add|remove|query)
[10Aug2026 03:07:00.449] [Server thread/INFO] [net.minecraft.server.MinecraftServer/]: /function <name>
[10Aug2026 03:07:00.449] [Server thread/INFO] [net.minecraft.server.MinecraftServer/]: /gamemode <gamemode> [<target>]
[10Aug2026 03:07:00.449] [Server thread/INFO] [net.minecraft.server.MinecraftServer/]: /gamerule (announceAdvancements|artifacts.anglersHat.luckOfTheSeaLevelBonus|artifacts.anglersHat.lureLevelBonus|artifacts.antidoteVessel.enabled|artifacts.antidoteVessel.maxEffectDuration|artifacts.aquaDashers.enabled|artifacts.bunnyHoppers.doCancelFallDamage|artifacts.bunnyHoppers.jumpBoostLevel|artifacts.charmOfSinking.enabled|artifacts.chorusTotem.cooldown|artifacts.chorusTotem.doConsumeOnUse|artifacts.chorusTotem.healthRestored|artifacts.chorusTotem.teleportationChance|artifacts.cloudInABottle.enabled|artifacts.cloudInABottle.sprintJumpHorizontalVelocity|artifacts.cloudInABottle.sprintJumpVerticalVelocity|artifacts.cowboyHat.speedLevel|artifacts.crossNecklace.bonusInvincibilityTicks|artifacts.crossNecklace.cooldown|artifacts.crystalHeart.healthBonus|artifacts.diggingClaws.digSpeedBonus|artifacts.diggingClaws.toolTier|artifacts.eternalSteak.cooldown|artifacts.eternalSteak.enabled|artifacts.everlastingBeef.cooldown|artifacts.everlastingBeef.enabled|artifacts.feralClaws.attackSpeedBonus|artifacts.fireGauntlet.fireDuration|artifacts.flamePendant.cooldown|artifacts.flamePendant.doGrantFireResistance|artifacts.flamePendant.fireDuration|artifacts.flamePendant.strikeChance|artifacts.flippers.swimSpeedBonus|artifacts.goldenHook.experienceBonus|artifacts.heliumFlamingo.flightDuration|artifacts.heliumFlamingo.rechargeDuration|artifacts.kittySlippers.enabled|artifacts.luckyScarf.fortuneBonus|artifacts.nightVisionGoggles.enabled|artifacts.nightVisionGoggles.strength|artifacts.noveltyDrinkingHat.drinkingDurationMultiplier|artifacts.noveltyDrinkingHat.eatingDurationMultiplier|artifacts.obsidianSkull.fireResistanceCooldown|artifacts.obsidianSkull.fireResistanceDuration|artifacts.onionRing.hasteDurationPerFoodPoint|artifacts.onionRing.hasteLevel|artifacts.panicNecklace.cooldown|artifacts.panicNecklace.speedDuration|artifacts.panicNecklace.speedLevel|artifacts.pickaxeHeater.enabled|artifacts.plasticDrinkingHat.drinkingDurationMultiplier|artifacts.plasticDrinkingHat.eatingDurationMultiplier|artifacts.pocketPiston.knockbackStrength|artifacts.powerGlove.attackDamageBonus|artifacts.rootedBoots.doGrowPlantsAfterEating|artifacts.rootedBoots.enabled|artifacts.rootedBoots.hungerReplenishingDuration|artifacts.runningShoes.doIncreaseStepHeight|artifacts.runningShoes.speedBonus|artifacts.scarfOfInvisibility.enabled|artifacts.shockPendant.cooldown|artifacts.shockPendant.doCancelLightningDamage|artifacts.shockPendant.strikeChance|artifacts.snorkel.enabled|artifacts.snorkel.isInfinite|artifacts.snorkel.waterBreathingDuration|artifacts.snowshoes.allowWalkingOnPowderSnow|artifacts.snowshoes.slipperinessReduction|artifacts.steadfastSpikes.enabled|artifacts.steadfastSpikes.knockbackResistance|artifacts.superstitiousHat.lootingLevelBonus|artifacts.thornPendant.cooldown|artifacts.thornPendant.maxDamage|artifacts.thornPendant.minDamage|artifacts.thornPendant.strikeChance|artifacts.umbrella.isGlider|artifacts.umbrella.isShield|artifacts.universalAttractor.enabled|artifacts.vampiricGlove.absorptionChance|artifacts.vampiricGlove.absorptionRatio|artifacts.vampiricGlove.maxHealingPerHit|artifacts.villagerHat.reputationBonus|artifacts.whoopeeCushion.fartChance|blockExplosionDropDecay|commandBlockOutput|commandModificationBlockLimit|disableElytraMovementCheck|disableRaids|doDaylightCycle|doEntityDrops|doFireTick|doImmediateRespawn|doInsomnia|doLimitedCrafting|doMobLoot|doMobSpawning|doPatrolSpawning|doTileDrops|doTraderSpawning|doVinesSpread|doWardenSpawning|doWeatherCycle|drowningDamage|fakeLavaSourceConversion|fakeWaterSourceConversion|fallDamage|fireDamage|forgiveDeadPlayers|freezeDamage|globalSoundEvents|keepInventory|lavaSourceConversion|logAdminCommands|maxCommandChainLength|maxEntityCramming|mobExplosionDropDecay|mobGriefing|naturalRegeneration|playersSleepingPercentage|randomTickSpeed|reducedDebugInfo|sendCommandFeedback|showDeathMessages|snowAccumulationHeight|spawnRadius|spectatorsGenerateChunks|tntExplosionDropDecay|universalAnger|waterSourceConversion)
[10Aug2026 03:07:00.450] [Server thread/INFO] [net.minecraft.server.MinecraftServer/]: /give <targets> <item> [<count>]
[10Aug2026 03:07:00.450] [Server thread/INFO] [net.minecraft.server.MinecraftServer/]: /help [<command>]
[10Aug2026 03:07:00.450] [Server thread/INFO] [net.minecraft.server.MinecraftServer/]: /item (replace|modify)
[10Aug2026 03:07:00.450] [Server thread/INFO] [net.minecraft.server.MinecraftServer/]: /kick <targets> [<reason>]
[10Aug2026 03:07:00.450] [Server thread/INFO] [net.minecraft.server.MinecraftServer/]: /kill [<targets>]
[10Aug2026 03:07:00.450] [Server thread/INFO] [net.minecraft.server.MinecraftServer/]: /list [uuids]
[10Aug2026 03:07:00.450] [Server thread/INFO] [net.minecraft.server.MinecraftServer/]: /locate (structure|biome|poi)
[10Aug2026 03:07:00.450] [Server thread/INFO] [net.minecraft.server.MinecraftServer/]: /loot (replace|insert|give|spawn)
[10Aug2026 03:07:00.450] [Server thread/INFO] [net.minecraft.server.MinecraftServer/]: /msg <targets> <message>
[10Aug2026 03:07:00.451] [Server thread/INFO] [net.minecraft.server.MinecraftServer/]: /tell -> msg
[10Aug2026 03:07:00.451] [Server thread/INFO] [net.minecraft.server.MinecraftServer/]: /w -> msg
[10Aug2026 03:07:00.451] [Server thread/INFO] [net.minecraft.server.MinecraftServer/]: /particle <name> [<pos>]
[10Aug2026 03:07:00.451] [Server thread/INFO] [net.minecraft.server.MinecraftServer/]: /place (feature|jigsaw|structure|template)
[10Aug2026 03:07:00.451] [Server thread/INFO] [net.minecraft.server.MinecraftServer/]: /playsound <sound> (master|music|record|weather|block|hostile|neutral|player|ambient|voice)
[10Aug2026 03:07:00.451] [Server thread/INFO] [net.minecraft.server.MinecraftServer/]: /reload
[10Aug2026 03:07:00.451] [Server thread/INFO] [net.minecraft.server.MinecraftServer/]: /recipe (give|take)
[10Aug2026 03:07:00.451] [Server thread/INFO] [net.minecraft.server.MinecraftServer/]: /return <value>
[10Aug2026 03:07:00.451] [Server thread/INFO] [net.minecraft.server.MinecraftServer/]: /ride <target> (mount|dismount)
[10Aug2026 03:07:00.451] [Server thread/INFO] [net.minecraft.server.MinecraftServer/]: /say <message>
[10Aug2026 03:07:00.451] [Server thread/INFO] [net.minecraft.server.MinecraftServer/]: /schedule (function|clear)
[10Aug2026 03:07:00.452] [Server thread/INFO] [net.minecraft.server.MinecraftServer/]: /scoreboard (objectives|players)
[10Aug2026 03:07:00.452] [Server thread/INFO] [net.minecraft.server.MinecraftServer/]: /seed
[10Aug2026 03:07:00.452] [Server thread/INFO] [net.minecraft.server.MinecraftServer/]: /setblock <pos> <block> [destroy|keep|replace]
[10Aug2026 03:07:00.452] [Server thread/INFO] [net.minecraft.server.MinecraftServer/]: /spawnpoint [<targets>]
[10Aug2026 03:07:00.452] [Server thread/INFO] [net.minecraft.server.MinecraftServer/]: /setworldspawn [<pos>]
[10Aug2026 03:07:00.452] [Server thread/INFO] [net.minecraft.server.MinecraftServer/]: /spectate [<target>]
[10Aug2026 03:07:00.452] [Server thread/INFO] [net.minecraft.server.MinecraftServer/]: /spreadplayers <center> <spreadDistance> <maxRange> (<respectTeams>|under)
[10Aug2026 03:07:00.452] [Server thread/INFO] [net.minecraft.server.MinecraftServer/]: /stopsound <targets> [*|master|music|record|weather|block|hostile|neutral|player|ambient|voice]
[10Aug2026 03:07:00.452] [Server thread/INFO] [net.minecraft.server.MinecraftServer/]: /summon <entity> [<pos>]
[10Aug2026 03:07:00.452] [Server thread/INFO] [net.minecraft.server.MinecraftServer/]: /tag <targets> (add|remove|list)
[10Aug2026 03:07:00.452] [Server thread/INFO] [net.minecraft.server.MinecraftServer/]: /team (list|add|remove|empty|join|leave|modify)
[10Aug2026 03:07:00.452] [Server thread/INFO] [net.minecraft.server.MinecraftServer/]: /teammsg <message>
[10Aug2026 03:07:00.452] [Server thread/INFO] [net.minecraft.server.MinecraftServer/]: /tm -> teammsg
[10Aug2026 03:07:00.452] [Server thread/INFO] [net.minecraft.server.MinecraftServer/]: /teleport (<location>|<destination>|<targets>)
[10Aug2026 03:07:00.453] [Server thread/INFO] [net.minecraft.server.MinecraftServer/]: /tp -> teleport
[10Aug2026 03:07:00.453] [Server thread/INFO] [net.minecraft.server.MinecraftServer/]: /tellraw <targets> <message>
[10Aug2026 03:07:00.453] [Server thread/INFO] [net.minecraft.server.MinecraftServer/]: /time (set|add|query)
[10Aug2026 03:07:00.453] [Server thread/INFO] [net.minecraft.server.MinecraftServer/]: /title <targets> (clear|reset|title|subtitle|actionbar|times)
[10Aug2026 03:07:00.453] [Server thread/INFO] [net.minecraft.server.MinecraftServer/]: /trigger <objective> [add|set]
[10Aug2026 03:07:00.453] [Server thread/INFO] [net.minecraft.server.MinecraftServer/]: /weather (clear|rain|thunder)
[10Aug2026 03:07:00.453] [Server thread/INFO] [net.minecraft.server.MinecraftServer/]: /worldborder (add|set|center|damage|get|warning)
[10Aug2026 03:07:00.453] [Server thread/INFO] [net.minecraft.server.MinecraftServer/]: /jfr (start|stop)
[10Aug2026 03:07:00.453] [Server thread/INFO] [net.minecraft.server.MinecraftServer/]: /ban-ip <target> [<reason>]
[10Aug2026 03:07:00.453] [Server thread/INFO] [net.minecraft.server.MinecraftServer/]: /banlist [ips|players]
[10Aug2026 03:07:00.453] [Server thread/INFO] [net.minecraft.server.MinecraftServer/]: /ban <targets> [<reason>]
[10Aug2026 03:07:00.453] [Server thread/INFO] [net.minecraft.server.MinecraftServer/]: /deop <targets>
[10Aug2026 03:07:00.454] [Server thread/INFO] [net.minecraft.server.MinecraftServer/]: /op <targets>
[10Aug2026 03:07:00.454] [Server thread/INFO] [net.minecraft.server.MinecraftServer/]: /pardon <targets>
[10Aug2026 03:07:00.454] [Server thread/INFO] [net.minecraft.server.MinecraftServer/]: /pardon-ip <target>
[10Aug2026 03:07:00.454] [Server thread/INFO] [net.minecraft.server.MinecraftServer/]: /perf (start|stop)
[10Aug2026 03:07:00.454] [Server thread/INFO] [net.minecraft.server.MinecraftServer/]: /save-all [flush]
[10Aug2026 03:07:00.454] [Server thread/INFO] [net.minecraft.server.MinecraftServer/]: /save-off
[10Aug2026 03:07:00.454] [Server thread/INFO] [net.minecraft.server.MinecraftServer/]: /save-on
[10Aug2026 03:07:00.454] [Server thread/INFO] [net.minecraft.server.MinecraftServer/]: /setidletimeout <minutes>
[10Aug2026 03:07:00.455] [Server thread/INFO] [net.minecraft.server.MinecraftServer/]: /stop
[10Aug2026 03:07:00.455] [Server thread/INFO] [net.minecraft.server.MinecraftServer/]: /whitelist (on|off|list|add|remove|reload)
[10Aug2026 03:07:00.455] [Server thread/INFO] [net.minecraft.server.MinecraftServer/]: /skin (set|clear|player)
[10Aug2026 03:07:00.455] [Server thread/INFO] [net.minecraft.server.MinecraftServer/]: /cape (set|clear|player)
[10Aug2026 03:07:00.455] [Server thread/INFO] [net.minecraft.server.MinecraftServer/]: /waystones (activate|forget|place|count|list|cooldown)
[10Aug2026 03:07:00.455] [Server thread/INFO] [net.minecraft.server.MinecraftServer/]: /balm (dev|export)
[10Aug2026 03:07:00.455] [Server thread/INFO] [net.minecraft.server.MinecraftServer/]: /structureessentials (getBiomeTags|showGenerationTimes|getBiomesForTag|getStructuresNearby|getSimilarForBiome)
[10Aug2026 03:07:00.455] [Server thread/INFO] [net.minecraft.server.MinecraftServer/]: /placebo (serialize_loot_table|hand|string_to_obj)
[10Aug2026 03:07:00.456] [Server thread/INFO] [net.minecraft.server.MinecraftServer/]: /modernfix (upgradeStructures|mcfunctions)
[10Aug2026 03:07:00.456] [Server thread/INFO] [net.minecraft.server.MinecraftServer/]: /mfsrc
[10Aug2026 03:07:00.456] [Server thread/INFO] [net.minecraft.server.MinecraftServer/]: /carryon (debug|clear|place)
[10Aug2026 03:07:00.457] [Server thread/INFO] [net.minecraft.server.MinecraftServer/]: /sbp (list|give|removeNonPlayer|template)
[10Aug2026 03:07:00.457] [Server thread/INFO] [net.minecraft.server.MinecraftServer/]: /sophisticatedbackpacks -> sbp
[10Aug2026 03:07:00.457] [Server thread/INFO] [net.minecraft.server.MinecraftServer/]: /forge (tps|track|entity|generate|dimensions|mods|tags)
[10Aug2026 03:07:00.457] [Server thread/INFO] [net.minecraft.server.MinecraftServer/]: /config showfile <mod> <type>
[10Aug2026 03:07:00.457] [Server thread/INFO] [net.minecraft.server.MinecraftServer/]: /supplementaries (globe|reload|configs|roll|cage|record|map)
[10Aug2026 03:07:00.458] [Server thread/INFO] [net.minecraft.server.MinecraftServer/]: /jade (show|hide)
[10Aug2026 03:07:00.458] [Server thread/INFO] [net.minecraft.server.MinecraftServer/]: /chunky [cancel|center|confirm|continue|corners|help|pattern|pause|progress|quiet|radius|reload|selection|shape|silent|spawn|start|trim|worldborder|world]
[10Aug2026 03:07:00.458] [Server thread/INFO] [net.minecraft.server.MinecraftServer/]: /curios (list|replace|set|add|remove|clear|drop|reset)
[10Aug2026 03:07:00.458] [Server thread/INFO] [net.minecraft.server.MinecraftServer/]: /sc (dump|connect|help|bug)
[10Aug2026 03:07:00.458] [Server thread/INFO] [net.minecraft.server.MinecraftServer/]: /tbacceptteleport [<target>]
[10Aug2026 03:07:00.459] [Server thread/INFO] [net.minecraft.server.MinecraftServer/]: /tbgui
[10Aug2026 03:07:00.459] [Server thread/INFO] [net.minecraft.server.MinecraftServer/]: /tbknowledge [<player>]
[10Aug2026 03:07:00.459] [Server thread/INFO] [net.minecraft.server.MinecraftServer/]: /tbalignment [<player>]
[10Aug2026 03:07:00.460] [Server thread/INFO] [net.minecraft.server.MinecraftServer/]: /tbrecovery [save_all_players|save_player|load_player]
[10Aug2026 03:07:00.460] [Server thread/INFO] [net.minecraft.server.MinecraftServer/]: /tbrequestteleport [<target>]
[10Aug2026 03:07:00.460] [Server thread/INFO] [net.minecraft.server.MinecraftServer/]: /tbrestoreinventory [<player>]
[10Aug2026 03:07:00.460] [Server thread/INFO] [net.minecraft.server.MinecraftServer/]: /tbrevivefamiliar [<player>]
[10Aug2026 03:07:00.460] [Server thread/INFO] [net.minecraft.server.MinecraftServer/]: /tbshowlastgrave [<player>]
[10Aug2026 03:07:00.460] [Server thread/INFO] [net.minecraft.server.MinecraftServer/]: /tbsiege [start|stop]
[10Aug2026 03:07:00.460] [Server thread/INFO] [net.minecraft.server.MinecraftServer/]: /tbteleport [pos|player|grave|death|home|discovery|biome]
[10Aug2026 03:07:00.461] [Server thread/INFO] [net.minecraft.server.MinecraftServer/]: /coro config common (reload|save|get|set)
[10Aug2026 03:07:00.461] [Server thread/INFO] [net.minecraft.server.MinecraftServer/]: /quantified (webpanel|stats|config|mods|gpu|dev)
[10Aug2026 03:07:00.461] [Server thread/INFO] [net.minecraft.server.MinecraftServer/]: /open-patchouli-book <targets> <book> [<entry>]
[10Aug2026 03:07:00.461] [Server thread/INFO] [net.minecraft.server.MinecraftServer/]: /polymorph conflicts
[10Aug2026 03:07:00.461] [Server thread/INFO] [net.minecraft.server.MinecraftServer/]: /cmdconfig
[10Aug2026 03:07:00.523] [Server thread/WARN] [net.minecraft.network.Connection/]: handleDisconnection() called twice
[10Aug2026 03:07:00.530] [Server thread/INFO] [net.minecraft.server.network.ServerLoginPacketListenerImpl/]: com.mojang.authlib.GameProfile@756ee163[id=<null>,name=Darkiumoun,properties={},legacy=false] (/100.76.89.1:60995) lost connection: Disconnected
[10Aug2026 03:07:00.531] [Server thread/INFO] [net.minecraft.server.network.ServerLoginPacketListenerImpl/]: com.mojang.authlib.GameProfile@64b20d63[id=<null>,name=Darkiumoun,properties={},legacy=false] (/100.76.89.1:59024) lost connection: Disconnected
[10Aug2026 03:07:00.594] [Server thread/WARN] [net.minecraft.server.MinecraftServer/]: Can't keep up! Is the server overloaded? Running 93795ms or 1875 ticks behind
[10Aug2026 03:07:06.365] [Server thread/INFO] [net.minecraft.server.players.PlayerList/]: Darkiumoun[/100.76.89.1:60998] logged in with entity id 2378 at (366.5476112821406, 126.64792636250702, -350.51873232786613)
[10Aug2026 03:07:06.378] [Server thread/INFO] [ModernFix/]: Using enhanced recipe sync for player Darkiumoun
[10Aug2026 03:07:06.398] [Server thread/INFO] [net.minecraft.server.MinecraftServer/]: Darkiumoun joined the game
[10Aug2026 03:07:06.403] [Server thread/INFO] [me.edoren.skin_changer.server.SkinProviderController/]: Player Darkiumoun just logged in with id c4e857d5-16b0-386e-b080-ca2361fd0700
[10Aug2026 03:07:06.405] [ForkJoinPool-4-worker-3/INFO] [me.edoren.skin_changer.server.SkinProviderController/]: Loading local skin for player Darkiumoun[c4e857d5-16b0-386e-b080-ca2361fd0700]
[10Aug2026 03:07:06.408] [Server thread/INFO] [Jade/]: Syncing config to Darkiumoun (c4e857d5-16b0-386e-b080-ca2361fd0700)
[10Aug2026 03:07:06.467] [ForkJoinPool-4-worker-3/INFO] [me.edoren.skin_changer.common.NetworkUtils/]: File https://playerdb.co/api/player/minecraft/Darkiumoun downloaded
[10Aug2026 03:07:06.583] [ForkJoinPool-4-worker-3/INFO] [me.edoren.skin_changer.common.NetworkUtils/]: Error downloading file https://crafatar.com/capes/2f6a3eaf-5eba-45cd-94b6-342e7f37203f
[10Aug2026 03:07:19.869] [Server thread/WARN] [net.minecraft.server.network.ServerGamePacketListenerImpl/]: Darkiumoun moved too quickly! 14.386756481301404,-3.0834401696356224,10.15527602153037
[10Aug2026 03:08:06.429] [Server thread/ERROR] [net.minecraft.Util/]: POI data mismatch: already registered at BlockPos{x=684, y=-41, z=-185}
[10Aug2026 03:08:06.430] [Server thread/ERROR] [net.minecraft.Util/]: POI data mismatch: already registered at BlockPos{x=684, y=-41, z=-186}
[10Aug2026 03:11:12.269] [Server thread/ERROR] [net.minecraft.Util/]: POI data mismatch: already registered at BlockPos{x=716, y=-36, z=-402}
